price_usd_normalized,serving_size_g,calories,protein_g,total_fat_g,total_carbs_g,sodium_mg,sugars_g,avg_rating,Non-Veg,Veg,Vegan,budget,mid,premium
2.78,151.7,338.5,1.3,0.0,77.3,304.5,25.8,3,0.0,1.0,0.0,1.0,0.0,0.0
8.47,87.7,404.3,5.3,7.3,79.4,461.5,58.4,2,0.0,1.0,0.0,0.0,1.0,0.0
2.79,125.4,365.5,0.0,11.2,56.1,323.8,48.2,2,0.0,1.0,0.0,1.0,0.0,0.0
8.15,197.7,504.8,32.4,31.6,41.6,1022.7,9.3,3,1.0,0.0,0.0,1.0,0.0,0.0
2.81,140.3,388.2,0.0,16.0,63.9,436.3,41.8,2,0.0,1.0,0.0,1.0,0.0,0.0
3.96,80.8,532.0,11.7,13.9,59.9,124.0,56.905,2,0.0,1.0,0.0,1.0,0.0,0.0
17.97,202.8,630.3,28.1,23.3,70.4,1014.8,5.4,2,1.0,0.0,0.0,0.0,1.0,0.0
4.42,140.4,303.2,14.4,7.3,37.9,438.5,3.7,2,0.0,1.0,0.0,1.0,0.0,0.0
31.98,138.5,350.8,13.2,7.4,37.9,784.1,7.2,2,1.0,0.0,0.0,0.0,0.0,1.0
5.0,185.4,429.9,16.7,14.8,44.4,597.3,6.4,2,0.0,0.0,1.0,1.0,0.0,0.0
18.97,385.3,585.8,7.0,9.2,64.2,557.8,11.9,1,0.0,0.0,1.0,0.0,1.0,0.0
5.2,214.6,351.3,35.0,24.1,73.3,1057.4,9.2,3,1.0,0.0,0.0,1.0,0.0,0.0
43.92,243.0,629.7,26.7,33.8,38.2,1338.5,6.0,1,1.0,0.0,0.0,0.0,0.0,1.0
16.98,160.2,270.4,10.6,8.1,36.4,834.7,6.8,2,0.0,1.0,0.0,0.0,1.0,0.0
5.68,239.0,561.4,26.7,22.8,48.3,1019.6,13.4,2,1.0,0.0,0.0,1.0,0.0,0.0
3.47,373.1,217.8,0.0,2.8,42.2,54.3,40.09,2,0.0,1.0,0.0,1.0,0.0,0.0
5.3,484.5,343.7,0.0,3.6,68.6,0.0,18.3,1,0.0,0.0,1.0,1.0,0.0,0.0
13.03,427.4,321.4,2.3,1.8,61.6,37.6,7.8,1,0.0,1.0,0.0,0.0,1.0,0.0
3.08,144.7,271.5,2.1,6.6,63.9,297.4,34.4,3,0.0,0.0,1.0,1.0,0.0,0.0
3.33,292.9,167.8,14.9,12.7,18.6,328.5,5.7,3,1.0,0.0,0.0,1.0,0.0,0.0
3.0,122.4,132.1,1.0,12.0,31.8,290.8,5.3,2,0.0,0.0,1.0,1.0,0.0,0.0
5.04,564.2,5.0,0.0,2.1,47.3,57.1,44.935,3,0.0,0.0,1.0,1.0,0.0,0.0
2.73,255.3,809.8,27.3,31.0,42.5,750.0,11.5,2,1.0,0.0,0.0,1.0,0.0,0.0
4.13,156.9,212.0,23.3,12.2,35.1,696.4,5.4,2,1.0,0.0,0.0,1.0,0.0,0.0
3.58,183.3,525.6,0.0,0.3,37.3,495.5,8.3,2,0.0,0.0,1.0,1.0,0.0,0.0
5.64,513.6,359.1,3.1,0.0,32.6,60.7,15.8,2,0.0,1.0,0.0,0.0,1.0,0.0
10.14,149.7,445.7,1.5,21.1,54.4,249.0,51.68,2,0.0,1.0,0.0,0.0,1.0,0.0
5.88,127.0,457.7,4.6,6.9,68.7,288.0,50.8,3,0.0,1.0,0.0,1.0,0.0,0.0
8.83,115.2,332.8,11.2,12.6,35.0,813.4,5.1,3,0.0,1.0,0.0,1.0,0.0,0.0
14.31,120.4,191.9,13.0,13.7,37.1,827.5,3.9,3,0.0,1.0,0.0,0.0,1.0,0.0
27.74,212.2,803.9,37.1,24.8,43.0,863.6,5.0,2,1.0,0.0,0.0,0.0,0.0,1.0
9.81,255.3,864.1,32.6,22.3,50.0,847.5,10.8,2,1.0,0.0,0.0,0.0,1.0,0.0
13.94,117.9,219.2,0.0,9.1,40.6,646.4,2.1,1,0.0,1.0,0.0,0.0,1.0,0.0
8.74,206.5,343.7,12.3,12.6,44.7,577.5,5.7,2,1.0,0.0,0.0,1.0,0.0,0.0
15.26,293.7,606.6,20.8,9.8,50.1,919.7,8.3,3,0.0,1.0,0.0,0.0,1.0,0.0
5.79,204.9,365.1,12.6,6.7,36.4,700.2,3.7,3,0.0,1.0,0.0,1.0,0.0,0.0
3.96,128.1,635.8,4.0,19.9,89.7,169.1,44.6,2,0.0,1.0,0.0,1.0,0.0,0.0
9.98,415.3,255.8,1.8,0.0,66.0,31.2,9.8,2,0.0,1.0,0.0,0.0,1.0,0.0
6.0,111.0,348.2,8.5,19.0,41.0,402.9,5.9,2,0.0,0.0,1.0,1.0,0.0,0.0
11.53,346.6,409.0,24.0,14.0,59.5,959.8,5.8,2,0.0,1.0,0.0,0.0,1.0,0.0
5.78,499.2,476.1,20.5,17.9,85.9,982.6,8.2,2,0.0,1.0,0.0,1.0,0.0,0.0
5.27,218.1,711.3,24.9,30.0,45.9,923.1,5.7,2,1.0,0.0,0.0,1.0,0.0,0.0
7.84,135.3,342.0,6.7,9.9,41.2,498.7,5.5,2,0.0,1.0,0.0,1.0,0.0,0.0
44.94,145.0,524.4,9.9,14.4,88.9,246.9,35.9,3,0.0,1.0,0.0,0.0,0.0,1.0
9.92,109.9,309.5,6.2,2.2,39.9,1017.9,5.2,3,0.0,1.0,0.0,1.0,0.0,0.0
18.48,417.5,312.6,4.4,3.5,44.3,6.6,18.6,2,0.0,1.0,0.0,0.0,0.0,1.0
5.51,576.2,38.9,1.8,2.1,82.0,39.1,39.4,2,0.0,1.0,0.0,0.0,1.0,0.0
4.57,124.6,198.5,15.5,8.2,28.4,724.5,7.6,2,0.0,1.0,0.0,1.0,0.0,0.0
5.15,273.4,93.8,17.1,13.5,24.7,636.7,5.1,2,0.0,1.0,0.0,1.0,0.0,0.0
4.7,587.0,230.7,0.0,3.1,70.4,27.7,35.4,3,0.0,1.0,0.0,1.0,0.0,0.0
9.15,479.3,192.8,4.3,5.1,29.8,74.4,28.31,2,0.0,1.0,0.0,0.0,1.0,0.0
3.68,528.9,16.5,2.3,0.0,18.3,30.2,17.385,3,0.0,1.0,0.0,1.0,0.0,0.0
7.86,250.5,501.4,17.8,6.0,47.7,1274.5,14.0,3,1.0,0.0,0.0,1.0,0.0,0.0
11.49,242.1,643.7,26.9,21.2,37.3,991.0,8.3,3,1.0,0.0,0.0,0.0,1.0,0.0
5.43,417.9,82.3,0.0,4.5,60.3,37.6,39.0,3,0.0,1.0,0.0,1.0,0.0,0.0
14.43,266.2,799.5,18.8,23.3,48.9,1199.4,9.2,3,1.0,0.0,0.0,0.0,1.0,0.0
4.17,344.8,349.6,0.5,0.0,48.5,56.9,46.075,1,0.0,1.0,0.0,1.0,0.0,0.0
15.74,295.0,506.4,29.7,16.7,62.4,736.6,4.8,1,1.0,0.0,0.0,0.0,1.0,0.0
2.87,572.1,166.0,4.1,1.9,47.1,57.2,23.6,2,0.0,1.0,0.0,1.0,0.0,0.0
3.85,438.0,273.5,3.0,0.0,62.5,54.2,49.5,3,0.0,1.0,0.0,1.0,0.0,0.0
4.77,99.8,358.6,10.9,11.6,37.7,728.6,6.4,2,1.0,0.0,0.0,1.0,0.0,0.0
8.47,189.0,173.8,8.8,7.7,42.6,956.6,4.8,2,1.0,0.0,0.0,1.0,0.0,0.0
5.51,268.6,287.5,1.3,4.1,77.8,73.6,28.0,2,0.0,1.0,0.0,1.0,0.0,0.0
8.19,179.0,577.6,31.1,27.2,28.7,901.3,9.3,2,1.0,0.0,0.0,1.0,0.0,0.0
8.02,195.4,611.8,31.9,43.7,39.1,731.2,5.7,3,1.0,0.0,0.0,1.0,0.0,0.0
1.8,398.5,54.0,0.8,1.9,40.6,3.6,38.57,2,0.0,1.0,0.0,1.0,0.0,0.0
8.28,200.6,308.8,16.3,4.5,44.8,772.5,8.0,3,0.0,1.0,0.0,1.0,0.0,0.0
2.43,103.3,148.1,0.6,13.9,46.9,521.4,0.0,3,0.0,1.0,0.0,1.0,0.0,0.0
26.03,198.0,459.0,5.7,12.8,33.0,628.1,10.5,2,0.0,1.0,0.0,0.0,0.0,1.0
4.84,352.5,147.0,0.0,0.6,3.7,48.9,3.515,3,0.0,0.0,1.0,1.0,0.0,0.0
7.08,268.2,285.2,10.9,6.0,47.3,824.3,10.7,3,0.0,0.0,1.0,1.0,0.0,0.0
2.65,629.0,184.3,2.8,1.8,8.3,30.1,7.885000000000001,2,0.0,1.0,0.0,1.0,0.0,0.0
2.86,148.0,360.1,13.6,18.9,33.7,823.4,13.8,1,0.0,0.0,1.0,1.0,0.0,0.0
3.38,100.8,474.9,26.1,21.8,58.4,645.8,9.0,3,1.0,0.0,0.0,1.0,0.0,0.0
13.02,469.8,138.8,3.0,0.2,56.0,7.0,15.8,2,0.0,1.0,0.0,0.0,1.0,0.0
44.93,198.8,468.4,24.1,22.5,57.2,1149.7,5.9,2,1.0,0.0,0.0,0.0,0.0,1.0
5.17,136.3,171.8,11.0,16.9,31.8,547.6,8.7,2,0.0,1.0,0.0,1.0,0.0,0.0
39.73,458.2,668.3,24.5,11.6,39.4,671.9,6.0,1,1.0,0.0,0.0,0.0,0.0,1.0
12.95,156.6,297.6,16.2,13.4,39.6,845.2,4.3,1,1.0,0.0,0.0,0.0,1.0,0.0
18.72,123.7,250.8,14.7,19.2,24.1,362.0,9.0,2,0.0,1.0,0.0,0.0,1.0,0.0
8.09,318.6,204.9,0.0,2.6,24.4,33.8,19.9,3,0.0,1.0,0.0,0.0,1.0,0.0
41.47,177.4,358.3,8.6,5.9,14.8,473.1,5.6,1,1.0,0.0,0.0,0.0,0.0,1.0
9.53,137.8,408.9,15.0,16.1,29.7,828.2,2.8,3,1.0,0.0,0.0,1.0,0.0,0.0
22.2,265.4,636.7,21.4,38.5,62.1,1031.7,8.5,3,1.0,0.0,0.0,0.0,0.0,1.0
9.61,154.2,315.7,11.4,21.6,39.5,493.4,5.1,1,0.0,1.0,0.0,0.0,1.0,0.0
9.75,132.1,226.9,10.1,13.8,31.6,757.1,4.6,2,1.0,0.0,0.0,1.0,0.0,0.0
4.96,194.5,547.8,23.9,36.9,58.7,818.0,5.9,3,0.0,1.0,0.0,1.0,0.0,0.0
5.2,343.3,517.3,23.7,15.3,64.3,852.9,10.7,3,1.0,0.0,0.0,1.0,0.0,0.0
5.22,572.1,253.0,3.0,3.7,19.5,0.0,9.8,3,0.0,1.0,0.0,1.0,0.0,0.0
4.76,108.8,289.9,7.8,14.4,68.3,193.6,22.3,3,0.0,1.0,0.0,1.0,0.0,0.0
2.65,274.4,369.3,19.1,20.4,34.0,780.9,8.0,3,1.0,0.0,0.0,1.0,0.0,0.0
9.25,369.0,495.2,32.6,14.7,36.5,586.6,5.4,3,1.0,0.0,0.0,1.0,0.0,0.0
14.53,214.5,351.1,6.4,10.8,27.5,680.9,6.4,2,0.0,0.0,1.0,0.0,1.0,0.0
31.4,299.1,97.0,1.2,0.0,51.7,34.8,28.7,2,0.0,1.0,0.0,0.0,0.0,1.0
21.63,153.6,749.8,26.5,25.7,46.9,912.5,3.8,2,1.0,0.0,0.0,0.0,1.0,0.0
2.32,142.5,378.4,3.6,10.6,42.8,375.0,33.7,3,0.0,1.0,0.0,1.0,0.0,0.0
4.33,288.3,280.3,0.0,0.0,11.8,31.0,11.21,3,0.0,1.0,0.0,1.0,0.0,0.0
6.22,191.8,558.7,10.9,14.5,46.2,912.2,10.7,2,0.0,1.0,0.0,1.0,0.0,0.0
8.68,118.9,130.4,13.5,3.3,33.8,709.6,5.6,3,0.0,1.0,0.0,1.0,0.0,0.0
11.94,346.5,287.5,0.0,4.1,74.3,66.9,42.9,2,0.0,1.0,0.0,0.0,1.0,0.0
8.47,245.3,293.1,20.2,23.7,48.4,1364.9,2.3,2,0.0,1.0,0.0,1.0,0.0,0.0
7.3,100.7,585.8,4.8,17.0,65.3,333.8,58.0,2,0.0,1.0,0.0,1.0,0.0,0.0
3.32,157.9,254.2,5.7,14.1,43.1,886.2,3.7,2,0.0,0.0,1.0,1.0,0.0,0.0
11.79,170.5,455.1,3.8,23.2,32.7,1091.9,6.4,1,0.0,1.0,0.0,0.0,1.0,0.0
3.77,50.0,309.3,6.6,8.3,40.3,317.5,38.285,3,0.0,0.0,1.0,1.0,0.0,0.0
14.53,148.0,248.5,12.8,17.1,29.9,73.4,4.8,1,0.0,1.0,0.0,0.0,1.0,0.0
2.37,141.0,294.4,3.8,6.3,58.4,648.3,0.0,2,0.0,1.0,0.0,1.0,0.0,0.0
13.37,203.0,512.1,35.3,19.4,43.8,817.0,12.0,3,0.0,1.0,0.0,0.0,1.0,0.0
14.9,380.5,301.8,31.8,14.8,66.1,889.7,3.5,3,1.0,0.0,0.0,0.0,1.0,0.0
5.57,454.7,505.5,0.0,1.5,59.5,46.2,37.6,3,0.0,0.0,1.0,0.0,1.0,0.0
46.98,124.5,308.1,13.1,12.4,33.6,759.4,6.4,3,1.0,0.0,0.0,0.0,0.0,1.0
18.74,338.0,630.7,36.0,14.1,44.1,672.6,0.7,2,1.0,0.0,0.0,0.0,1.0,0.0
12.83,479.6,111.3,1.2,4.0,53.4,54.0,31.7,3,0.0,1.0,0.0,0.0,1.0,0.0
54.45,364.0,647.4,23.1,3.6,68.4,1252.5,4.9,1,1.0,0.0,0.0,0.0,0.0,1.0
6.92,294.2,299.9,0.8,3.0,28.2,71.4,26.79,2,0.0,1.0,0.0,0.0,1.0,0.0
7.79,280.9,192.7,15.2,15.8,30.4,314.3,13.6,2,1.0,0.0,0.0,1.0,0.0,0.0
15.86,166.2,216.0,8.0,1.1,42.5,702.3,7.1,2,1.0,0.0,0.0,0.0,1.0,0.0
4.8,434.5,193.4,1.7,1.1,57.7,3.7,30.4,2,0.0,1.0,0.0,0.0,1.0,0.0
8.48,263.1,416.7,5.1,17.0,23.0,391.0,14.8,2,0.0,0.0,1.0,1.0,0.0,0.0
2.38,214.0,456.8,16.2,28.1,52.6,749.4,10.0,3,1.0,0.0,0.0,1.0,0.0,0.0
32.36,344.0,236.9,0.0,0.0,7.5,73.6,7.125,1,0.0,1.0,0.0,0.0,0.0,1.0
3.37,224.0,524.1,18.7,19.6,53.6,809.9,9.9,2,1.0,0.0,0.0,1.0,0.0,0.0
2.71,550.3,153.0,2.1,6.5,45.6,26.8,21.8,3,0.0,1.0,0.0,1.0,0.0,0.0
3.26,158.3,500.4,24.2,30.6,48.8,927.1,7.8,2,0.0,1.0,0.0,1.0,0.0,0.0
14.2,145.2,366.9,2.6,8.6,49.4,315.7,46.93,3,0.0,0.0,1.0,0.0,1.0,0.0
9.39,104.0,381.2,10.2,8.4,34.6,387.3,0.2,3,1.0,0.0,0.0,0.0,1.0,0.0
5.4,81.1,125.5,1.1,20.7,52.4,413.7,0.1,3,0.0,1.0,0.0,1.0,0.0,0.0
8.02,117.2,402.4,19.9,23.0,55.2,907.7,5.0,1,0.0,1.0,0.0,1.0,0.0,0.0
37.2,122.5,328.5,14.7,7.4,24.8,630.2,5.1,2,0.0,1.0,0.0,0.0,0.0,1.0
7.1,134.0,194.3,3.5,18.0,26.7,404.4,5.6,2,0.0,1.0,0.0,0.0,1.0,0.0
9.29,244.5,833.3,34.8,19.8,52.2,1211.6,4.5,2,1.0,0.0,0.0,1.0,0.0,0.0
11.33,243.5,299.9,0.0,15.0,20.1,470.1,11.7,2,0.0,1.0,0.0,0.0,1.0,0.0
8.86,584.3,240.6,0.0,1.7,44.5,60.2,13.2,3,0.0,1.0,0.0,0.0,1.0,0.0
11.67,255.3,778.1,26.2,29.9,39.9,1155.5,8.4,2,1.0,0.0,0.0,0.0,1.0,0.0
13.43,340.8,551.7,25.3,10.6,57.8,897.9,9.7,3,0.0,1.0,0.0,0.0,1.0,0.0
18.59,265.4,738.1,22.5,37.4,45.8,784.8,5.7,3,1.0,0.0,0.0,0.0,1.0,0.0
10.36,414.2,439.6,10.7,13.2,58.7,616.8,5.5,3,1.0,0.0,0.0,1.0,0.0,0.0
5.77,173.4,256.8,9.6,9.7,31.2,753.9,9.7,2,1.0,0.0,0.0,1.0,0.0,0.0
8.14,134.7,188.6,0.2,7.7,42.3,283.3,4.1,1,0.0,1.0,0.0,0.0,1.0,0.0
3.87,257.7,238.2,16.0,18.1,22.5,445.9,8.1,3,1.0,0.0,0.0,1.0,0.0,0.0
3.78,452.4,5.0,0.0,4.1,45.2,77.9,14.9,2,0.0,0.0,1.0,1.0,0.0,0.0
13.26,125.3,438.1,1.7,11.1,27.4,249.5,0.0,3,0.0,1.0,0.0,0.0,1.0,0.0
4.51,323.3,7.7,0.0,2.7,45.1,69.4,17.8,2,0.0,1.0,0.0,1.0,0.0,0.0
4.42,185.4,344.2,6.1,10.9,23.1,345.9,5.6,2,0.0,1.0,0.0,1.0,0.0,0.0
22.43,141.2,442.3,10.1,9.7,25.1,744.0,4.9,2,1.0,0.0,0.0,0.0,1.0,0.0
2.05,126.8,97.3,6.1,15.8,36.0,528.1,0.9,3,0.0,1.0,0.0,1.0,0.0,0.0
17.27,200.7,556.8,24.2,23.7,42.4,698.1,2.0,3,0.0,1.0,0.0,0.0,1.0,0.0
9.58,467.3,95.1,0.0,3.1,0.0,33.0,0.0,3,0.0,0.0,1.0,0.0,1.0,0.0
8.99,213.9,531.0,10.3,21.8,38.3,759.9,8.3,1,1.0,0.0,0.0,0.0,1.0,0.0
7.28,136.3,447.6,3.0,19.4,50.9,227.7,33.8,1,1.0,0.0,0.0,1.0,0.0,0.0
21.62,227.6,641.8,20.9,15.0,62.9,697.0,9.6,3,0.0,1.0,0.0,0.0,1.0,0.0
4.04,98.1,369.7,15.1,10.1,22.9,746.6,1.8,2,1.0,0.0,0.0,1.0,0.0,0.0
2.87,180.4,342.8,14.8,15.6,24.1,729.9,4.8,2,1.0,0.0,0.0,1.0,0.0,0.0
6.21,131.7,404.2,7.0,9.7,47.9,314.4,3.4,3,1.0,0.0,0.0,1.0,0.0,0.0
2.82,282.8,525.5,13.4,18.0,47.2,613.9,9.9,3,0.0,1.0,0.0,1.0,0.0,0.0
4.03,319.2,447.1,25.3,9.7,58.1,700.9,2.8,2,0.0,1.0,0.0,1.0,0.0,0.0
6.26,440.9,65.8,1.6,4.2,40.0,81.8,38.0,3,0.0,1.0,0.0,0.0,1.0,0.0
5.6,209.5,431.2,41.9,27.1,48.1,1251.0,7.2,2,1.0,0.0,0.0,1.0,0.0,0.0
5.35,178.3,345.3,26.5,20.1,32.9,683.3,8.5,2,0.0,1.0,0.0,1.0,0.0,0.0
21.83,187.8,658.9,26.4,34.4,69.2,611.6,7.1,3,0.0,1.0,0.0,0.0,1.0,0.0
7.04,93.2,203.3,0.0,10.6,40.0,413.7,5.1,2,0.0,1.0,0.0,0.0,1.0,0.0
4.71,431.2,5.0,5.9,0.0,44.1,47.0,41.895,2,0.0,1.0,0.0,1.0,0.0,0.0
19.53,307.5,334.7,3.8,10.3,9.0,573.8,8.549999999999999,2,0.0,0.0,1.0,0.0,1.0,0.0
8.11,499.7,370.6,1.7,1.9,60.3,47.5,49.2,2,0.0,1.0,0.0,0.0,1.0,0.0
7.65,280.5,87.0,0.9,0.0,29.1,62.1,27.645,2,0.0,0.0,1.0,0.0,1.0,0.0
8.4,172.8,351.2,19.5,12.4,58.4,543.1,11.2,2,0.0,0.0,1.0,1.0,0.0,0.0
6.23,117.9,365.7,14.9,20.5,22.1,1301.0,8.9,2,0.0,1.0,0.0,1.0,0.0,0.0
6.51,411.9,491.9,25.1,8.8,53.6,537.0,3.9,2,1.0,0.0,0.0,1.0,0.0,0.0
5.99,298.8,200.2,34.5,21.2,8.6,556.6,5.6,2,1.0,0.0,0.0,1.0,0.0,0.0
8.97,342.8,388.2,1.9,3.5,27.3,5.9,25.935,3,0.0,0.0,1.0,0.0,1.0,0.0
4.47,308.0,123.2,2.4,0.0,12.2,57.4,11.589999999999998,3,0.0,1.0,0.0,1.0,0.0,0.0
17.02,209.3,659.9,24.5,23.9,36.6,824.3,13.1,1,0.0,0.0,1.0,0.0,1.0,0.0
17.82,211.6,703.8,26.0,38.8,59.8,640.0,10.8,1,1.0,0.0,0.0,0.0,0.0,1.0
11.59,565.3,107.0,4.1,0.0,24.4,55.7,0.0,3,0.0,0.0,1.0,0.0,1.0,0.0
3.06,152.7,396.8,8.9,2.6,65.6,164.4,52.5,2,0.0,0.0,1.0,1.0,0.0,0.0
8.53,271.9,658.5,20.9,27.9,67.2,1066.7,9.0,1,1.0,0.0,0.0,0.0,1.0,0.0
13.99,352.2,417.0,23.7,0.0,24.9,450.8,7.1,2,0.0,0.0,1.0,0.0,1.0,0.0
7.88,401.6,46.8,2.2,0.0,42.1,46.5,39.995,3,0.0,1.0,0.0,0.0,1.0,0.0
16.1,229.0,547.9,31.5,20.6,37.7,739.8,8.3,3,0.0,1.0,0.0,0.0,1.0,0.0
6.8,133.2,505.9,7.1,20.0,56.9,235.0,52.3,3,1.0,0.0,0.0,1.0,0.0,0.0
14.29,162.8,494.9,6.9,13.2,45.0,1126.2,6.5,1,0.0,1.0,0.0,0.0,1.0,0.0
9.0,158.9,146.6,11.9,12.0,47.7,843.6,3.8,2,1.0,0.0,0.0,1.0,0.0,0.0
13.13,292.2,308.9,9.8,3.5,31.7,750.6,3.6,3,0.0,1.0,0.0,0.0,1.0,0.0
3.67,393.3,609.6,18.6,16.5,70.0,377.3,0.0,2,0.0,1.0,0.0,1.0,0.0,0.0
7.28,126.7,455.7,17.4,21.1,33.3,1028.1,13.1,3,1.0,0.0,0.0,1.0,0.0,0.0
22.33,286.7,172.9,10.7,2.8,17.2,181.9,11.2,3,0.0,1.0,0.0,0.0,0.0,1.0
36.35,136.5,313.6,9.0,12.2,30.5,475.9,7.5,2,1.0,0.0,0.0,0.0,0.0,1.0
3.23,55.1,404.4,12.1,15.2,42.6,295.7,2.4,2,0.0,1.0,0.0,1.0,0.0,0.0
11.24,264.0,434.2,5.3,8.1,17.6,226.2,0.0,2,0.0,1.0,0.0,0.0,1.0,0.0
5.33,331.9,344.2,4.1,17.1,21.5,829.7,4.6,2,1.0,0.0,0.0,1.0,0.0,0.0
5.64,449.7,183.9,0.9,1.2,113.5,34.8,48.8,2,0.0,0.0,1.0,1.0,0.0,0.0
12.89,120.5,655.7,0.0,17.5,77.9,250.0,13.9,2,1.0,0.0,0.0,0.0,1.0,0.0
3.1,256.0,192.0,8.4,8.8,14.5,432.7,5.5,2,1.0,0.0,0.0,1.0,0.0,0.0
6.46,114.4,419.9,21.4,24.0,32.0,555.9,8.4,3,1.0,0.0,0.0,1.0,0.0,0.0
4.78,173.7,604.8,4.0,2.3,52.9,224.5,30.9,3,0.0,1.0,0.0,1.0,0.0,0.0
6.3,280.3,604.7,24.4,21.9,57.6,545.3,10.9,2,1.0,0.0,0.0,1.0,0.0,0.0
3.97,208.3,486.3,5.3,16.6,40.7,617.7,10.2,3,0.0,0.0,1.0,1.0,0.0,0.0
20.75,201.8,174.6,15.6,19.7,26.2,759.7,5.3,2,0.0,1.0,0.0,0.0,1.0,0.0
2.96,241.2,455.7,10.9,3.4,35.7,494.4,11.8,2,0.0,1.0,0.0,1.0,0.0,0.0
2.88,117.2,206.9,7.0,8.2,63.9,256.7,48.6,2,0.0,0.0,1.0,1.0,0.0,0.0
5.86,153.9,209.7,4.8,19.6,48.9,241.2,0.8,3,1.0,0.0,0.0,1.0,0.0,0.0
38.11,298.3,559.2,17.1,21.8,32.0,1187.3,13.6,2,1.0,0.0,0.0,0.0,0.0,1.0
8.57,191.7,342.0,18.2,16.2,56.0,797.9,8.3,3,0.0,1.0,0.0,1.0,0.0,0.0
6.74,322.2,362.5,25.5,6.7,50.7,750.9,6.4,2,0.0,1.0,0.0,1.0,0.0,0.0
4.4,129.3,498.3,6.8,16.5,61.0,230.3,24.3,3,1.0,0.0,0.0,1.0,0.0,0.0
9.56,169.3,316.1,4.4,3.2,50.4,503.2,7.8,3,0.0,0.0,1.0,1.0,0.0,0.0
8.15,210.3,320.7,20.2,34.7,36.6,673.8,11.6,1,1.0,0.0,0.0,1.0,0.0,0.0
4.04,62.2,496.3,2.4,13.7,102.6,263.3,39.5,2,0.0,1.0,0.0,1.0,0.0,0.0
51.06,205.4,609.0,15.8,34.4,56.0,1206.1,8.3,1,1.0,0.0,0.0,0.0,0.0,1.0
7.31,112.7,522.9,0.6,11.2,104.7,156.2,27.9,3,0.0,1.0,0.0,1.0,0.0,0.0
6.9,396.5,5.0,5.4,6.5,31.4,73.2,29.83,2,0.0,1.0,0.0,0.0,1.0,0.0
5.75,93.7,483.9,8.7,21.3,48.3,120.4,30.9,3,1.0,0.0,0.0,1.0,0.0,0.0
19.86,201.9,563.9,33.2,11.2,33.4,1025.5,4.2,2,0.0,1.0,0.0,0.0,1.0,0.0
11.83,169.8,379.8,8.2,6.8,38.8,375.0,4.7,2,0.0,1.0,0.0,0.0,1.0,0.0
39.01,153.4,529.1,29.4,22.0,45.4,519.7,4.6,2,1.0,0.0,0.0,0.0,0.0,1.0
6.27,268.5,683.9,24.9,29.0,55.2,947.2,11.1,2,1.0,0.0,0.0,1.0,0.0,0.0
5.79,334.7,92.0,0.0,7.0,57.5,14.4,54.625,3,0.0,0.0,1.0,0.0,1.0,0.0
2.48,164.6,124.8,1.9,9.7,44.2,222.0,41.99,2,0.0,1.0,0.0,1.0,0.0,0.0
7.16,491.5,187.1,1.7,2.2,32.8,18.2,6.2,2,0.0,1.0,0.0,0.0,1.0,0.0
5.89,200.7,284.0,4.1,6.4,33.0,525.5,4.2,2,1.0,0.0,0.0,1.0,0.0,0.0
5.23,562.9,171.0,0.8,2.2,77.5,17.6,32.4,3,0.0,0.0,1.0,1.0,0.0,0.0
21.84,182.0,400.1,14.3,2.0,31.0,879.6,3.4,3,1.0,0.0,0.0,0.0,1.0,0.0
20.56,301.4,462.4,20.1,33.9,57.7,705.7,11.0,2,0.0,0.0,1.0,0.0,1.0,0.0
7.2,199.3,538.3,15.5,37.6,47.0,935.9,13.8,3,1.0,0.0,0.0,1.0,0.0,0.0
15.9,162.9,442.9,8.0,16.3,54.5,260.9,26.0,3,1.0,0.0,0.0,0.0,1.0,0.0
5.57,577.2,5.0,0.5,2.6,6.6,0.0,6.1,2,0.0,1.0,0.0,0.0,1.0,0.0
1.65,464.2,5.0,0.0,0.0,12.8,51.4,2.4,1,0.0,1.0,0.0,1.0,0.0,0.0
31.73,220.4,405.6,29.5,6.6,40.2,808.4,5.1,2,1.0,0.0,0.0,0.0,0.0,1.0
13.45,343.9,353.0,9.4,12.2,34.1,609.7,9.8,3,0.0,1.0,0.0,0.0,1.0,0.0
10.95,221.4,518.8,9.4,13.9,34.8,611.4,9.0,2,0.0,1.0,0.0,0.0,1.0,0.0
6.33,163.7,398.3,16.8,4.4,21.5,647.7,3.9,2,0.0,1.0,0.0,1.0,0.0,0.0
4.87,215.7,603.1,14.4,33.7,46.6,1066.7,6.8,3,1.0,0.0,0.0,1.0,0.0,0.0
5.76,247.3,655.0,8.3,18.5,60.5,950.5,2.0,3,1.0,0.0,0.0,1.0,0.0,0.0
3.2,137.8,449.3,2.4,15.7,62.1,305.3,31.3,1,0.0,1.0,0.0,1.0,0.0,0.0
4.46,359.8,286.5,14.8,8.7,38.1,897.8,11.4,3,1.0,0.0,0.0,1.0,0.0,0.0
2.65,119.2,392.9,10.0,21.0,86.0,287.0,35.6,3,0.0,1.0,0.0,1.0,0.0,0.0
45.04,158.8,167.5,13.1,14.3,47.5,820.5,3.7,2,0.0,1.0,0.0,0.0,0.0,1.0
4.8,181.8,259.7,12.0,15.8,30.5,546.2,4.6,1,0.0,1.0,0.0,1.0,0.0,0.0
6.74,341.8,509.7,23.8,12.5,75.5,732.5,0.2,2,1.0,0.0,0.0,1.0,0.0,0.0
3.34,257.6,323.7,26.3,14.1,65.8,718.2,4.8,3,0.0,1.0,0.0,1.0,0.0,0.0
8.69,123.2,390.3,5.4,23.0,39.8,325.7,3.1,2,1.0,0.0,0.0,0.0,1.0,0.0
8.43,203.9,537.6,22.3,39.8,9.3,999.1,8.835,1,1.0,0.0,0.0,0.0,1.0,0.0
2.29,263.4,197.0,6.9,6.4,15.7,491.9,14.3,3,0.0,0.0,1.0,1.0,0.0,0.0
18.95,353.4,376.9,18.0,23.9,20.2,639.8,5.7,2,1.0,0.0,0.0,0.0,1.0,0.0
4.58,510.5,150.0,4.5,0.0,20.9,44.0,19.855,2,0.0,1.0,0.0,1.0,0.0,0.0
5.67,186.1,565.1,32.5,19.2,50.6,676.7,6.3,2,0.0,0.0,1.0,1.0,0.0,0.0
6.07,239.1,327.6,15.7,10.0,40.1,533.7,4.6,3,0.0,1.0,0.0,1.0,0.0,0.0
5.46,537.9,51.8,2.8,2.4,65.0,4.2,34.4,2,0.0,0.0,1.0,1.0,0.0,0.0
5.53,300.6,867.1,26.6,35.3,26.6,1220.5,11.3,2,1.0,0.0,0.0,1.0,0.0,0.0
3.1,301.9,29.7,5.9,0.0,37.0,35.0,30.2,3,0.0,1.0,0.0,1.0,0.0,0.0
7.33,281.0,710.2,25.6,29.2,58.7,811.8,2.5,2,1.0,0.0,0.0,1.0,0.0,0.0
8.48,148.2,295.2,11.6,9.5,44.8,769.2,5.5,3,1.0,0.0,0.0,0.0,1.0,0.0
5.22,174.0,406.2,16.3,20.5,37.6,706.9,0.0,3,0.0,1.0,0.0,1.0,0.0,0.0
2.12,98.3,45.2,4.9,8.8,31.3,302.4,6.6,3,0.0,1.0,0.0,1.0,0.0,0.0
6.77,341.3,244.5,18.6,10.0,14.0,390.8,2.7,2,0.0,0.0,1.0,1.0,0.0,0.0
2.29,509.3,262.8,0.0,0.3,44.0,44.8,41.8,2,0.0,1.0,0.0,1.0,0.0,0.0
3.44,345.8,5.0,1.6,0.0,32.4,74.2,30.78,2,0.0,1.0,0.0,1.0,0.0,0.0
2.6,73.6,316.9,7.7,25.1,69.8,244.4,48.6,3,1.0,0.0,0.0,1.0,0.0,0.0
2.98,143.3,262.3,3.4,18.5,82.5,292.6,35.5,3,0.0,1.0,0.0,1.0,0.0,0.0
10.11,136.7,174.8,3.9,8.5,50.6,468.0,6.6,3,0.0,0.0,1.0,0.0,1.0,0.0
9.61,84.0,393.2,10.9,14.8,70.2,151.4,4.4,3,1.0,0.0,0.0,0.0,1.0,0.0
13.77,251.7,147.6,9.1,0.0,29.6,472.3,8.0,2,0.0,0.0,1.0,0.0,1.0,0.0
3.24,107.3,325.5,11.9,8.7,40.8,801.3,3.3,2,0.0,1.0,0.0,1.0,0.0,0.0
4.08,393.0,49.4,6.0,0.0,33.1,54.4,31.445,2,0.0,1.0,0.0,1.0,0.0,0.0
29.23,204.0,556.5,35.3,23.6,54.7,954.7,6.4,3,0.0,1.0,0.0,0.0,0.0,1.0
19.52,181.3,215.9,17.0,8.1,32.7,835.0,3.7,1,0.0,1.0,0.0,0.0,1.0,0.0
14.68,170.6,458.0,30.2,36.3,46.9,1058.1,1.5,3,1.0,0.0,0.0,0.0,1.0,0.0
6.34,67.2,327.3,5.7,7.9,54.4,498.0,5.1,2,0.0,1.0,0.0,1.0,0.0,0.0
5.02,293.4,505.4,32.4,13.7,48.9,951.2,7.2,2,0.0,1.0,0.0,1.0,0.0,0.0
4.51,336.2,648.7,20.7,16.2,64.3,798.8,4.9,2,1.0,0.0,0.0,1.0,0.0,0.0
13.69,244.1,527.6,17.5,15.6,38.2,786.1,0.9,2,0.0,1.0,0.0,0.0,1.0,0.0
5.31,377.6,115.8,0.6,3.2,45.8,37.4,41.1,3,0.0,1.0,0.0,1.0,0.0,0.0
7.21,93.1,220.5,8.7,3.3,27.5,346.9,5.2,3,0.0,1.0,0.0,1.0,0.0,0.0
2.48,603.3,274.1,0.0,2.5,14.5,31.2,11.1,3,0.0,1.0,0.0,1.0,0.0,0.0
8.79,305.8,194.7,13.9,8.4,17.0,165.2,12.1,2,0.0,1.0,0.0,0.0,1.0,0.0
3.53,105.8,278.2,6.0,16.4,30.9,544.3,2.9,3,1.0,0.0,0.0,1.0,0.0,0.0
6.08,172.2,444.3,6.3,7.1,89.0,143.8,48.8,2,0.0,0.0,1.0,1.0,0.0,0.0
9.41,516.9,656.8,24.3,14.0,72.1,855.4,6.0,2,0.0,1.0,0.0,1.0,0.0,0.0
5.92,197.3,453.0,4.4,23.5,39.0,340.7,3.3,2,0.0,1.0,0.0,1.0,0.0,0.0
7.74,236.6,319.7,5.2,11.9,29.0,627.8,3.4,2,1.0,0.0,0.0,1.0,0.0,0.0
5.44,114.6,273.9,4.3,0.0,62.0,204.5,29.8,2,0.0,0.0,1.0,1.0,0.0,0.0
9.39,135.4,477.6,43.8,46.0,32.1,1083.4,5.9,2,1.0,0.0,0.0,0.0,1.0,0.0
17.26,164.5,282.7,6.5,21.9,26.4,292.3,3.0,3,0.0,1.0,0.0,0.0,0.0,1.0
8.41,165.1,315.2,11.6,12.7,33.3,678.8,3.4,3,0.0,1.0,0.0,1.0,0.0,0.0
7.57,349.4,664.6,19.8,17.5,79.9,851.7,0.0,2,1.0,0.0,0.0,1.0,0.0,0.0
3.75,135.4,450.2,1.9,22.9,41.1,188.4,39.045,3,0.0,0.0,1.0,1.0,0.0,0.0
22.03,269.7,777.3,2.9,10.2,59.1,926.3,6.7,2,1.0,0.0,0.0,0.0,1.0,0.0
31.08,184.4,287.9,7.7,10.8,47.1,872.0,2.8,2,1.0,0.0,0.0,0.0,0.0,1.0
20.2,369.8,432.0,14.3,16.8,74.4,782.5,8.3,2,1.0,0.0,0.0,0.0,1.0,0.0
58.77,209.3,200.9,7.7,16.9,37.8,776.7,9.4,2,0.0,1.0,0.0,0.0,0.0,1.0
10.46,119.1,541.4,0.9,20.0,74.6,265.9,49.7,2,0.0,1.0,0.0,0.0,1.0,0.0
5.4,517.1,11.0,0.0,3.5,42.7,32.3,40.565,3,0.0,1.0,0.0,1.0,0.0,0.0
13.94,187.7,247.3,0.0,18.2,47.1,209.6,0.0,1,0.0,1.0,0.0,0.0,1.0,0.0
12.04,299.6,223.0,2.9,0.9,59.0,24.7,0.0,2,0.0,1.0,0.0,0.0,1.0,0.0
22.22,177.0,167.5,9.5,11.9,38.9,815.1,5.3,2,1.0,0.0,0.0,0.0,1.0,0.0
5.29,371.3,302.1,3.1,1.7,32.1,5.5,30.495,3,0.0,1.0,0.0,1.0,0.0,0.0
7.18,258.8,448.7,23.7,36.8,63.2,835.8,4.3,3,1.0,0.0,0.0,1.0,0.0,0.0
4.57,448.2,83.5,0.0,3.9,80.3,62.7,3.8,2,0.0,1.0,0.0,1.0,0.0,0.0
12.64,354.1,366.5,3.3,0.0,50.9,44.5,48.355,2,0.0,1.0,0.0,0.0,1.0,0.0
5.03,158.8,503.8,14.7,5.9,53.4,770.7,15.8,3,0.0,0.0,1.0,1.0,0.0,0.0
3.63,527.2,5.0,1.2,2.1,46.4,82.4,36.9,3,0.0,0.0,1.0,1.0,0.0,0.0
7.42,314.2,42.4,7.2,1.2,35.5,421.3,8.0,2,0.0,0.0,1.0,0.0,1.0,0.0
7.6,206.3,241.1,18.8,18.8,35.7,557.4,6.6,2,0.0,1.0,0.0,1.0,0.0,0.0
5.9,526.8,156.1,3.1,3.9,35.6,48.2,33.82,3,0.0,1.0,0.0,0.0,1.0,0.0
5.75,232.8,545.4,34.2,18.5,54.4,585.8,6.5,2,1.0,0.0,0.0,1.0,0.0,0.0
6.06,245.9,569.6,18.9,32.4,55.8,825.1,5.0,2,1.0,0.0,0.0,1.0,0.0,0.0
6.02,82.5,156.7,8.2,23.9,46.9,510.9,5.6,2,0.0,1.0,0.0,1.0,0.0,0.0
8.52,178.4,326.2,9.7,11.6,33.2,366.0,2.1,1,1.0,0.0,0.0,0.0,1.0,0.0
3.31,117.4,235.2,11.9,16.6,28.2,531.0,4.7,2,0.0,0.0,1.0,1.0,0.0,0.0
5.47,135.7,204.8,1.4,17.5,44.7,470.5,4.9,2,0.0,0.0,1.0,1.0,0.0,0.0
3.69,68.6,309.5,0.0,21.3,39.0,556.5,2.2,3,0.0,1.0,0.0,1.0,0.0,0.0
21.41,303.9,701.5,20.5,31.9,45.6,1012.2,2.3,1,0.0,1.0,0.0,0.0,0.0,1.0
7.05,502.0,132.9,0.0,4.9,15.7,37.0,14.915,1,0.0,1.0,0.0,0.0,1.0,0.0
12.1,83.1,389.1,5.0,3.4,78.0,286.2,28.0,1,0.0,1.0,0.0,0.0,1.0,0.0
7.43,132.5,381.8,0.0,14.1,73.6,226.3,41.5,2,0.0,1.0,0.0,1.0,0.0,0.0
7.45,221.8,585.5,27.2,6.1,59.0,887.0,6.8,3,1.0,0.0,0.0,1.0,0.0,0.0
20.75,331.2,531.3,19.7,19.7,51.9,969.4,13.1,1,0.0,1.0,0.0,0.0,1.0,0.0
7.71,125.3,384.4,10.0,6.8,57.1,546.9,0.9,2,0.0,1.0,0.0,0.0,1.0,0.0
4.91,461.9,114.8,3.5,3.0,26.2,11.0,11.5,2,0.0,1.0,0.0,1.0,0.0,0.0
13.63,130.3,359.2,3.6,9.9,33.5,637.3,4.9,3,0.0,0.0,1.0,0.0,1.0,0.0
7.43,278.1,82.3,2.0,2.8,47.4,36.9,45.03,2,0.0,1.0,0.0,0.0,1.0,0.0
5.36,117.9,554.3,5.3,17.4,75.6,268.7,38.6,3,0.0,1.0,0.0,1.0,0.0,0.0
2.54,221.8,633.0,22.4,35.0,50.5,830.8,8.1,2,1.0,0.0,0.0,1.0,0.0,0.0
15.23,148.7,492.8,6.0,17.4,44.3,229.6,6.0,2,1.0,0.0,0.0,0.0,1.0,0.0
3.03,166.8,202.9,11.7,17.6,37.6,696.9,8.8,3,1.0,0.0,0.0,1.0,0.0,0.0
13.01,216.4,305.2,13.1,9.9,30.9,631.7,5.3,3,1.0,0.0,0.0,0.0,1.0,0.0
2.8,162.2,308.3,21.4,13.2,65.6,831.2,6.2,3,0.0,0.0,1.0,1.0,0.0,0.0
9.92,186.0,244.3,15.7,8.5,48.6,810.9,6.8,3,0.0,1.0,0.0,1.0,0.0,0.0
19.11,147.1,301.4,15.4,7.7,44.8,526.7,3.6,3,0.0,1.0,0.0,0.0,1.0,0.0
10.97,373.4,207.2,2.7,3.1,24.7,99.1,12.6,3,0.0,0.0,1.0,0.0,1.0,0.0
8.73,192.5,348.9,19.8,23.2,58.3,809.5,5.3,2,0.0,1.0,0.0,0.0,1.0,0.0
5.36,172.2,266.1,23.6,10.6,33.3,593.9,6.1,2,1.0,0.0,0.0,1.0,0.0,0.0
16.79,203.7,437.8,23.8,17.8,72.6,584.9,10.3,3,0.0,1.0,0.0,0.0,1.0,0.0
5.38,281.8,26.9,2.5,0.0,0.0,8.7,0.0,1,0.0,1.0,0.0,1.0,0.0,0.0
16.41,200.7,685.1,17.3,29.5,28.7,820.9,6.3,2,0.0,1.0,0.0,0.0,0.0,1.0
8.58,402.1,276.9,0.2,0.0,50.3,76.0,18.6,2,0.0,0.0,1.0,0.0,1.0,0.0
14.17,230.4,529.0,23.8,32.2,56.0,897.6,3.3,1,1.0,0.0,0.0,0.0,1.0,0.0
2.61,321.3,269.9,22.3,20.5,8.3,602.0,7.885000000000001,3,1.0,0.0,0.0,1.0,0.0,0.0
6.32,404.4,135.0,3.3,2.4,17.1,82.6,16.245,2,0.0,0.0,1.0,0.0,1.0,0.0
8.29,200.0,399.5,8.4,29.5,74.3,1256.7,6.9,3,0.0,1.0,0.0,1.0,0.0,0.0
19.79,403.3,152.0,12.3,4.1,22.2,546.4,7.8,3,0.0,1.0,0.0,0.0,1.0,0.0
19.75,271.5,574.5,27.3,18.5,49.7,1019.6,10.5,3,1.0,0.0,0.0,0.0,1.0,0.0
6.81,108.9,272.8,5.2,9.0,41.4,549.8,4.8,3,0.0,1.0,0.0,1.0,0.0,0.0
17.63,132.9,253.5,10.7,10.0,46.9,676.6,7.0,2,0.0,1.0,0.0,0.0,1.0,0.0
4.77,204.5,375.4,15.6,3.6,44.4,981.8,8.7,2,0.0,1.0,0.0,1.0,0.0,0.0
44.31,249.7,468.1,14.6,26.1,49.3,564.0,9.9,3,0.0,1.0,0.0,0.0,0.0,1.0
4.75,503.5,238.7,0.5,3.9,54.0,25.0,51.3,3,0.0,0.0,1.0,1.0,0.0,0.0
29.26,369.7,538.5,39.6,4.5,105.7,719.9,7.0,2,0.0,1.0,0.0,0.0,0.0,1.0
5.78,421.2,467.6,12.3,14.9,58.8,707.6,6.1,3,0.0,0.0,1.0,1.0,0.0,0.0
11.35,472.1,5.0,0.5,3.6,34.8,84.2,33.059999999999995,2,0.0,1.0,0.0,0.0,0.0,1.0
1.76,174.5,425.0,7.1,19.8,66.0,381.0,0.2,2,0.0,0.0,1.0,1.0,0.0,0.0
9.66,201.7,314.7,5.6,10.6,48.4,708.3,3.1,2,0.0,1.0,0.0,0.0,1.0,0.0
23.85,360.8,591.2,23.0,22.5,51.1,797.2,1.3,3,1.0,0.0,0.0,0.0,1.0,0.0
6.52,204.8,687.8,32.3,21.5,37.9,781.9,7.2,3,1.0,0.0,0.0,1.0,0.0,0.0
9.57,418.8,151.1,1.5,6.2,48.0,22.2,25.0,2,0.0,1.0,0.0,0.0,1.0,0.0
2.8,303.4,179.1,1.9,0.0,60.5,30.6,0.0,2,0.0,0.0,1.0,1.0,0.0,0.0
2.8,385.3,317.9,2.9,3.9,13.0,90.5,12.35,2,0.0,1.0,0.0,1.0,0.0,0.0
4.06,118.9,477.4,25.4,19.9,16.3,606.9,4.8,2,1.0,0.0,0.0,1.0,0.0,0.0
3.36,189.0,505.3,31.7,29.7,56.9,1080.5,13.9,3,1.0,0.0,0.0,1.0,0.0,0.0
20.6,336.7,289.0,2.8,1.2,33.3,479.4,9.2,2,0.0,1.0,0.0,0.0,0.0,1.0
2.3,253.2,308.2,0.0,0.0,41.6,59.0,39.52,2,0.0,1.0,0.0,1.0,0.0,0.0
5.64,576.2,5.0,2.5,1.7,70.7,35.4,59.6,1,0.0,1.0,0.0,1.0,0.0,0.0
12.54,172.1,194.6,11.7,8.4,32.4,888.4,4.7,3,0.0,1.0,0.0,0.0,1.0,0.0
5.66,224.8,312.3,0.6,17.3,15.3,264.6,9.6,3,1.0,0.0,0.0,1.0,0.0,0.0
5.1,295.8,473.8,14.1,25.7,44.9,837.4,9.7,2,1.0,0.0,0.0,1.0,0.0,0.0
6.9,170.1,420.3,6.1,2.0,62.4,198.6,42.8,3,0.0,0.0,1.0,1.0,0.0,0.0
8.94,255.3,477.9,18.8,23.9,103.8,945.3,15.2,3,0.0,0.0,1.0,0.0,1.0,0.0
4.69,410.6,203.0,0.0,1.9,47.7,49.9,33.9,2,0.0,1.0,0.0,1.0,0.0,0.0
4.98,412.1,134.0,2.4,1.2,27.7,39.4,26.315,2,0.0,0.0,1.0,1.0,0.0,0.0
51.97,284.6,748.2,28.5,21.4,73.9,755.5,10.1,2,0.0,1.0,0.0,0.0,0.0,1.0
31.02,159.1,508.7,20.4,25.2,44.4,830.6,9.7,3,1.0,0.0,0.0,0.0,0.0,1.0
4.11,554.4,239.6,4.2,3.4,14.8,87.7,14.06,2,0.0,1.0,0.0,1.0,0.0,0.0
9.66,111.1,259.9,17.1,15.5,33.2,1165.5,4.5,3,1.0,0.0,0.0,1.0,0.0,0.0
4.32,149.7,339.4,12.2,14.4,36.4,640.3,5.5,2,1.0,0.0,0.0,1.0,0.0,0.0
5.8,121.7,339.8,3.0,15.6,14.8,368.7,0.0,2,0.0,1.0,0.0,1.0,0.0,0.0
7.43,132.5,315.3,35.9,21.4,67.5,957.0,5.1,3,0.0,1.0,0.0,1.0,0.0,0.0
2.83,69.6,602.9,5.4,15.8,52.2,224.1,49.59,1,0.0,1.0,0.0,1.0,0.0,0.0
15.75,85.9,499.5,1.3,19.7,53.8,197.9,51.10999999999999,3,1.0,0.0,0.0,0.0,1.0,0.0
9.16,167.8,348.7,7.1,13.4,37.7,409.8,2.6,3,0.0,0.0,1.0,1.0,0.0,0.0
4.19,172.2,488.6,25.0,21.8,52.0,670.0,3.3,2,1.0,0.0,0.0,1.0,0.0,0.0
4.81,288.1,455.8,34.8,28.3,62.1,1147.0,10.3,2,1.0,0.0,0.0,1.0,0.0,0.0
2.62,160.4,657.2,28.0,18.8,21.4,752.9,8.4,3,1.0,0.0,0.0,1.0,0.0,0.0
20.29,188.2,454.3,14.7,19.4,42.9,884.9,11.0,2,0.0,1.0,0.0,0.0,1.0,0.0
14.52,161.9,465.0,17.9,21.1,44.2,910.3,10.3,3,1.0,0.0,0.0,0.0,1.0,0.0
13.68,191.0,581.7,24.5,25.4,42.9,1125.1,6.5,2,1.0,0.0,0.0,0.0,1.0,0.0
19.24,145.9,251.0,0.1,8.2,60.7,254.2,3.5,2,0.0,0.0,1.0,0.0,0.0,1.0
2.7,344.1,260.3,3.9,1.5,88.1,47.3,58.3,2,0.0,1.0,0.0,1.0,0.0,0.0
3.25,346.5,192.8,1.1,0.0,39.1,6.7,31.6,3,0.0,1.0,0.0,1.0,0.0,0.0
6.53,208.1,372.0,1.3,6.6,61.4,273.9,35.3,3,0.0,0.0,1.0,1.0,0.0,0.0
8.03,174.0,147.2,13.2,16.7,29.3,604.7,4.1,3,0.0,1.0,0.0,1.0,0.0,0.0
3.64,182.4,330.0,18.2,9.3,23.6,689.5,4.3,2,1.0,0.0,0.0,1.0,0.0,0.0
8.74,182.9,409.2,0.0,12.7,85.9,140.7,42.0,2,1.0,0.0,0.0,0.0,1.0,0.0
6.6,362.2,604.5,18.6,6.9,76.8,1057.5,2.6,3,1.0,0.0,0.0,1.0,0.0,0.0
8.02,209.9,383.5,17.2,20.2,74.5,1080.0,6.7,3,1.0,0.0,0.0,1.0,0.0,0.0
7.37,188.0,255.5,13.3,11.6,43.3,503.5,0.4,2,1.0,0.0,0.0,1.0,0.0,0.0
16.16,247.5,725.2,25.4,36.8,19.1,1191.5,11.7,3,1.0,0.0,0.0,0.0,1.0,0.0
12.79,217.8,494.3,28.3,33.4,32.0,800.7,9.1,3,1.0,0.0,0.0,0.0,1.0,0.0
2.32,90.9,172.5,3.3,27.4,74.8,218.4,40.7,3,0.0,0.0,1.0,1.0,0.0,0.0
18.64,208.1,580.3,40.8,31.0,40.8,569.8,5.8,2,1.0,0.0,0.0,0.0,1.0,0.0
2.71,110.3,216.5,1.2,16.4,34.4,475.5,3.3,2,0.0,0.0,1.0,1.0,0.0,0.0
5.19,302.8,286.9,7.0,20.0,33.7,523.0,13.2,1,0.0,1.0,0.0,1.0,0.0,0.0
5.49,347.5,473.5,29.3,9.0,65.4,278.0,11.5,2,0.0,1.0,0.0,1.0,0.0,0.0
17.27,123.9,412.7,10.6,11.9,32.1,445.0,4.0,2,0.0,1.0,0.0,0.0,1.0,0.0
9.45,386.3,277.7,0.0,5.7,54.7,35.2,45.9,2,0.0,0.0,1.0,0.0,1.0,0.0
8.25,180.6,139.5,10.8,18.2,36.4,564.4,6.9,2,0.0,0.0,1.0,1.0,0.0,0.0
11.87,405.0,338.4,2.6,0.0,41.0,106.5,38.95,2,0.0,1.0,0.0,0.0,1.0,0.0
2.81,486.2,172.4,0.0,0.0,95.6,29.9,2.2,2,0.0,0.0,1.0,1.0,0.0,0.0
10.84,160.8,334.1,3.6,11.2,61.9,185.8,34.0,2,1.0,0.0,0.0,0.0,1.0,0.0
12.29,154.7,245.4,7.5,13.4,38.6,632.4,7.8,2,0.0,1.0,0.0,0.0,1.0,0.0
5.75,220.2,529.9,38.0,36.9,28.8,885.6,6.2,2,1.0,0.0,0.0,1.0,0.0,0.0
10.7,151.8,271.4,2.4,15.5,64.6,342.4,2.2,2,0.0,1.0,0.0,0.0,1.0,0.0
6.62,202.7,520.3,23.2,28.4,44.1,638.6,7.4,2,1.0,0.0,0.0,1.0,0.0,0.0
29.23,342.5,202.4,0.3,0.0,77.4,66.9,24.1,2,0.0,1.0,0.0,0.0,0.0,1.0
5.01,437.3,172.8,0.6,0.2,64.5,69.2,33.9,1,0.0,1.0,0.0,1.0,0.0,0.0
12.57,117.2,366.5,2.0,16.8,59.4,217.3,56.42999999999999,3,0.0,1.0,0.0,0.0,1.0,0.0
6.76,287.1,27.7,1.7,10.5,18.1,537.4,5.7,3,1.0,0.0,0.0,1.0,0.0,0.0
7.62,244.0,711.4,24.5,25.8,54.4,564.4,8.3,3,1.0,0.0,0.0,1.0,0.0,0.0
18.97,281.8,347.4,11.7,15.9,22.0,505.5,12.1,3,0.0,1.0,0.0,0.0,1.0,0.0
1.92,107.3,285.0,5.0,16.0,21.7,184.4,0.8,1,0.0,1.0,0.0,1.0,0.0,0.0
6.08,230.1,457.5,14.7,21.7,41.1,977.1,6.2,3,0.0,1.0,0.0,1.0,0.0,0.0
9.01,107.7,267.8,6.0,27.6,49.1,222.4,37.9,2,0.0,1.0,0.0,0.0,1.0,0.0
15.29,145.2,482.9,29.0,16.2,44.9,1007.1,6.0,2,1.0,0.0,0.0,0.0,0.0,1.0
11.83,128.0,431.0,2.7,11.9,53.2,307.2,50.5,2,1.0,0.0,0.0,0.0,1.0,0.0
12.11,495.4,165.1,3.8,0.4,53.9,56.0,22.1,2,0.0,0.0,1.0,0.0,1.0,0.0
4.6,203.9,440.1,12.4,19.3,38.8,765.3,6.6,3,1.0,0.0,0.0,1.0,0.0,0.0
14.81,342.9,704.2,14.9,1.8,82.5,815.2,10.2,3,0.0,1.0,0.0,0.0,1.0,0.0
13.6,210.3,347.3,13.6,18.5,45.8,797.7,5.9,3,1.0,0.0,0.0,0.0,1.0,0.0
20.6,207.7,283.1,5.1,8.7,35.3,719.8,3.2,2,0.0,1.0,0.0,0.0,1.0,0.0
6.71,252.8,362.3,22.2,28.6,46.9,958.8,4.8,1,1.0,0.0,0.0,1.0,0.0,0.0
1.97,109.0,160.2,8.6,15.1,48.6,499.0,7.1,2,0.0,1.0,0.0,1.0,0.0,0.0
10.59,395.7,208.7,4.2,3.7,59.5,67.7,35.0,3,0.0,1.0,0.0,0.0,1.0,0.0
5.89,98.2,166.2,4.4,12.7,40.2,489.3,2.0,3,1.0,0.0,0.0,1.0,0.0,0.0
8.48,211.3,333.2,12.3,8.0,20.1,242.0,5.4,3,1.0,0.0,0.0,0.0,1.0,0.0
40.56,157.5,564.0,21.7,6.6,49.1,737.7,11.4,2,1.0,0.0,0.0,0.0,0.0,1.0
4.91,243.1,577.0,29.5,20.0,50.4,942.8,9.7,3,1.0,0.0,0.0,1.0,0.0,0.0
31.42,197.6,479.4,11.9,19.9,39.8,759.6,11.5,3,1.0,0.0,0.0,0.0,0.0,1.0
3.93,136.6,324.9,9.3,36.1,58.8,267.4,45.3,3,0.0,1.0,0.0,1.0,0.0,0.0
3.36,301.4,287.6,3.3,0.0,87.7,52.9,49.6,1,0.0,1.0,0.0,1.0,0.0,0.0
3.15,320.5,65.4,0.0,5.6,67.2,77.0,58.6,2,0.0,1.0,0.0,1.0,0.0,0.0
10.3,305.8,278.7,9.4,16.7,19.8,515.5,13.0,2,0.0,1.0,0.0,0.0,1.0,0.0
8.01,395.8,117.1,4.2,0.0,71.3,29.7,36.4,2,0.0,1.0,0.0,0.0,1.0,0.0
3.14,212.5,701.7,23.1,24.6,51.9,779.3,7.9,3,0.0,0.0,1.0,1.0,0.0,0.0
12.38,404.7,248.0,2.7,8.3,54.3,80.5,39.0,3,0.0,1.0,0.0,0.0,1.0,0.0
15.5,109.5,354.5,8.5,6.8,46.9,693.1,7.0,1,0.0,1.0,0.0,0.0,1.0,0.0
1.9,124.1,432.7,6.8,15.0,37.2,482.4,2.2,2,1.0,0.0,0.0,1.0,0.0,0.0
20.61,224.2,912.9,29.4,19.1,55.9,998.3,5.9,1,1.0,0.0,0.0,0.0,1.0,0.0
2.24,338.4,350.4,6.2,7.3,42.5,77.7,25.4,2,0.0,1.0,0.0,1.0,0.0,0.0
4.61,361.1,209.8,2.1,0.0,37.8,50.8,30.0,3,0.0,1.0,0.0,1.0,0.0,0.0
3.63,131.8,398.2,4.9,15.2,50.2,433.5,6.6,2,0.0,1.0,0.0,1.0,0.0,0.0
6.92,83.3,194.1,4.1,10.6,102.4,225.7,59.6,2,0.0,1.0,0.0,1.0,0.0,0.0
4.82,429.7,49.6,4.1,2.1,64.3,72.3,47.4,3,0.0,1.0,0.0,1.0,0.0,0.0
4.92,176.3,478.1,2.9,19.4,61.9,223.7,40.5,2,0.0,0.0,1.0,1.0,0.0,0.0
6.63,395.9,559.8,41.7,16.0,63.9,638.7,3.8,2,1.0,0.0,0.0,1.0,0.0,0.0
3.7,571.4,233.6,1.5,0.0,52.7,62.8,13.4,2,0.0,1.0,0.0,1.0,0.0,0.0
7.97,147.6,317.2,12.6,14.0,43.2,776.0,3.5,3,1.0,0.0,0.0,1.0,0.0,0.0
4.43,472.6,286.4,0.0,2.2,41.3,92.8,39.23499999999999,2,0.0,0.0,1.0,1.0,0.0,0.0
2.3,228.9,374.1,17.3,15.5,19.7,418.0,11.1,3,1.0,0.0,0.0,1.0,0.0,0.0
18.1,180.0,390.0,23.7,21.2,39.7,519.5,6.5,2,0.0,0.0,1.0,0.0,1.0,0.0
5.0,460.6,204.1,0.0,0.0,29.3,44.3,27.835,2,0.0,1.0,0.0,1.0,0.0,0.0
6.32,139.1,301.7,0.0,14.3,41.6,492.2,2.3,2,0.0,1.0,0.0,1.0,0.0,0.0
6.81,337.6,497.4,23.0,22.0,63.3,845.4,6.8,2,1.0,0.0,0.0,1.0,0.0,0.0
4.31,476.7,291.2,3.6,1.9,56.3,72.5,46.6,2,0.0,0.0,1.0,1.0,0.0,0.0
4.17,81.1,470.7,0.0,21.9,74.8,352.4,36.6,3,0.0,1.0,0.0,1.0,0.0,0.0
3.18,251.5,416.1,3.3,19.7,42.9,494.4,12.4,3,0.0,1.0,0.0,1.0,0.0,0.0
15.9,413.3,413.9,14.2,14.2,35.4,625.9,14.2,1,1.0,0.0,0.0,0.0,0.0,1.0
19.97,324.1,557.5,3.5,17.8,78.4,1348.7,12.8,3,0.0,0.0,1.0,0.0,1.0,0.0
7.14,102.6,216.6,0.8,8.8,72.6,313.2,28.5,3,0.0,0.0,1.0,1.0,0.0,0.0
9.08,201.3,245.0,11.2,21.2,29.4,811.3,6.1,2,1.0,0.0,0.0,1.0,0.0,0.0
12.81,372.3,128.7,0.0,3.9,92.9,64.2,34.1,3,0.0,1.0,0.0,0.0,0.0,1.0
2.81,174.3,276.5,16.5,19.7,49.0,464.1,6.6,3,1.0,0.0,0.0,1.0,0.0,0.0
16.52,160.3,269.3,9.2,13.5,69.2,376.5,49.2,2,0.0,1.0,0.0,0.0,1.0,0.0
9.92,217.9,171.8,21.2,14.3,67.1,791.7,6.9,3,1.0,0.0,0.0,0.0,1.0,0.0
15.29,231.0,169.3,11.2,17.4,22.5,381.4,9.0,2,1.0,0.0,0.0,0.0,1.0,0.0
4.96,239.3,512.7,36.0,34.1,52.9,556.9,9.9,3,1.0,0.0,0.0,1.0,0.0,0.0
8.68,265.0,220.1,7.1,4.7,13.8,639.1,1.5,2,0.0,0.0,1.0,0.0,1.0,0.0
9.04,95.5,405.7,8.9,12.6,61.9,197.4,38.2,2,1.0,0.0,0.0,0.0,1.0,0.0
2.81,139.7,334.7,11.8,2.7,29.3,769.0,5.5,3,1.0,0.0,0.0,1.0,0.0,0.0
5.04,357.2,272.5,2.5,1.2,7.6,6.2,7.22,1,0.0,1.0,0.0,1.0,0.0,0.0
7.09,148.7,532.2,5.2,14.4,47.5,291.8,36.3,3,1.0,0.0,0.0,0.0,1.0,0.0
10.06,283.7,374.9,1.7,0.0,72.5,53.0,42.4,3,0.0,0.0,1.0,0.0,1.0,0.0
7.47,170.7,229.9,5.7,8.4,43.3,658.0,6.6,3,0.0,1.0,0.0,1.0,0.0,0.0
2.61,565.9,5.0,4.1,0.0,8.9,0.0,8.455,2,0.0,0.0,1.0,1.0,0.0,0.0
56.35,373.7,660.1,26.5,13.1,36.7,626.5,10.3,3,1.0,0.0,0.0,0.0,0.0,1.0
3.78,221.0,453.1,22.6,28.4,70.8,883.1,5.3,3,0.0,1.0,0.0,1.0,0.0,0.0
2.37,240.1,297.0,9.6,22.0,33.7,438.6,11.3,2,0.0,1.0,0.0,1.0,0.0,0.0
12.62,180.0,590.0,25.2,31.9,54.6,792.2,12.4,3,0.0,1.0,0.0,0.0,1.0,0.0
4.49,401.8,189.0,2.0,1.4,65.9,63.2,46.0,3,0.0,1.0,0.0,1.0,0.0,0.0
3.36,382.0,73.7,2.2,3.8,52.4,0.0,11.0,3,0.0,0.0,1.0,1.0,0.0,0.0
9.08,209.3,184.6,9.3,8.0,27.5,602.0,3.5,3,0.0,1.0,0.0,0.0,1.0,0.0
2.64,115.8,304.6,5.8,14.9,43.4,136.4,5.7,3,0.0,1.0,0.0,1.0,0.0,0.0
3.67,209.1,635.9,11.1,36.0,60.6,815.3,12.2,3,0.0,1.0,0.0,1.0,0.0,0.0
7.51,172.3,326.0,7.7,22.4,71.4,288.2,36.7,3,0.0,1.0,0.0,1.0,0.0,0.0
3.09,167.8,395.7,21.8,27.7,36.7,949.9,6.3,2,0.0,1.0,0.0,1.0,0.0,0.0
6.84,263.0,306.4,13.8,11.7,64.5,1189.9,9.6,2,0.0,1.0,0.0,1.0,0.0,0.0
11.1,190.6,373.0,5.8,13.6,48.9,595.7,6.8,3,1.0,0.0,0.0,0.0,1.0,0.0
2.22,365.5,197.4,2.2,0.0,76.0,12.5,42.5,2,0.0,1.0,0.0,1.0,0.0,0.0
18.03,259.7,531.6,21.9,41.2,54.8,783.9,8.1,2,1.0,0.0,0.0,0.0,1.0,0.0
7.06,134.9,255.0,3.9,8.2,54.1,496.2,5.2,3,1.0,0.0,0.0,0.0,1.0,0.0
4.27,332.7,101.2,1.8,0.0,26.1,83.5,24.795,3,0.0,1.0,0.0,1.0,0.0,0.0
4.42,198.4,339.1,12.2,22.0,56.7,572.5,5.1,2,0.0,0.0,1.0,1.0,0.0,0.0
7.83,236.1,752.3,32.7,25.0,50.0,468.6,10.9,2,1.0,0.0,0.0,1.0,0.0,0.0
8.43,222.6,357.0,21.2,10.6,44.3,1246.6,9.1,2,1.0,0.0,0.0,0.0,1.0,0.0
5.84,137.3,271.3,12.9,4.6,45.5,583.3,9.2,1,0.0,1.0,0.0,1.0,0.0,0.0
7.8,193.0,467.9,28.2,21.2,43.9,986.8,10.5,1,1.0,0.0,0.0,1.0,0.0,0.0
13.09,351.0,341.3,16.9,8.1,13.3,554.7,5.2,2,1.0,0.0,0.0,0.0,1.0,0.0
49.31,178.2,92.3,15.8,14.9,34.4,465.2,3.6,3,0.0,1.0,0.0,0.0,0.0,1.0
22.04,152.5,309.0,12.3,16.8,35.1,748.0,7.0,3,1.0,0.0,0.0,0.0,1.0,0.0
8.22,295.4,338.0,15.0,9.5,31.0,487.5,8.0,2,0.0,1.0,0.0,1.0,0.0,0.0
18.39,245.0,295.9,14.4,6.2,21.3,259.0,6.6,3,0.0,0.0,1.0,0.0,1.0,0.0
7.49,190.5,271.2,18.4,15.7,36.7,736.1,4.4,3,1.0,0.0,0.0,1.0,0.0,0.0
3.44,157.8,380.0,1.3,12.3,29.1,345.6,4.5,2,0.0,1.0,0.0,1.0,0.0,0.0
5.77,84.7,431.6,3.8,8.8,34.6,192.3,32.87,2,1.0,0.0,0.0,1.0,0.0,0.0
10.72,122.7,304.1,6.8,16.6,35.9,175.7,2.1,2,1.0,0.0,0.0,0.0,1.0,0.0
2.2,108.9,297.6,0.3,17.3,85.6,206.5,51.2,3,0.0,1.0,0.0,1.0,0.0,0.0
2.21,150.3,261.1,2.4,9.9,58.2,335.9,37.4,2,1.0,0.0,0.0,1.0,0.0,0.0
19.16,162.5,397.7,14.2,13.3,46.9,717.5,4.6,2,0.0,1.0,0.0,0.0,1.0,0.0
6.9,196.4,209.2,15.4,14.7,45.0,871.0,5.6,3,0.0,1.0,0.0,1.0,0.0,0.0
3.79,204.8,570.6,9.9,30.4,18.8,1137.6,10.6,2,1.0,0.0,0.0,1.0,0.0,0.0
19.22,261.0,810.2,22.8,34.9,45.1,1104.8,4.3,2,1.0,0.0,0.0,0.0,0.0,1.0
19.05,170.9,226.7,7.7,9.8,26.9,658.3,6.7,3,1.0,0.0,0.0,0.0,1.0,0.0
3.41,271.2,528.7,26.6,20.1,54.8,1023.3,9.5,3,1.0,0.0,0.0,1.0,0.0,0.0
3.7,403.4,228.3,0.0,4.6,29.8,64.6,28.31,3,0.0,1.0,0.0,1.0,0.0,0.0
8.7,194.4,381.3,17.5,19.5,55.7,1251.8,6.5,2,1.0,0.0,0.0,1.0,0.0,0.0
14.53,209.2,667.5,17.9,20.2,58.1,1246.9,11.7,3,1.0,0.0,0.0,0.0,1.0,0.0
5.2,389.3,255.4,0.0,0.0,25.5,39.3,24.225,3,0.0,1.0,0.0,1.0,0.0,0.0
2.75,220.5,142.7,13.9,8.9,36.9,483.5,6.6,2,1.0,0.0,0.0,1.0,0.0,0.0
5.54,182.6,330.9,6.5,8.6,42.6,593.9,8.3,2,0.0,0.0,1.0,1.0,0.0,0.0
7.81,171.5,280.1,13.6,14.4,42.3,328.1,7.6,3,0.0,1.0,0.0,1.0,0.0,0.0
18.76,357.5,278.9,6.3,13.5,25.3,366.5,11.5,2,0.0,1.0,0.0,0.0,1.0,0.0
23.32,140.3,373.3,13.3,14.1,29.0,567.9,7.5,3,0.0,1.0,0.0,0.0,0.0,1.0
56.14,155.9,322.9,11.7,12.9,29.0,921.4,2.0,2,1.0,0.0,0.0,0.0,0.0,1.0
14.61,103.8,237.7,4.6,15.5,65.7,99.5,5.0,2,0.0,0.0,1.0,0.0,1.0,0.0
7.82,167.1,416.2,13.6,8.2,37.2,516.0,3.9,1,0.0,1.0,0.0,1.0,0.0,0.0
38.58,198.3,167.4,0.0,7.5,29.6,425.7,2.0,2,0.0,1.0,0.0,0.0,0.0,1.0
2.35,112.4,415.6,7.0,7.6,58.8,229.7,37.9,3,0.0,1.0,0.0,1.0,0.0,0.0
27.89,194.6,247.4,5.3,6.2,24.0,323.4,14.3,3,0.0,0.0,1.0,0.0,0.0,1.0
3.89,190.1,575.1,22.7,14.3,59.9,880.3,4.6,3,0.0,1.0,0.0,1.0,0.0,0.0
6.64,350.6,308.1,0.0,0.0,50.1,40.5,15.4,3,0.0,1.0,0.0,0.0,1.0,0.0
6.31,140.4,284.0,14.9,9.1,38.1,705.2,5.3,3,1.0,0.0,0.0,1.0,0.0,0.0
19.5,192.5,301.1,6.5,39.3,69.2,694.8,12.3,1,0.0,0.0,1.0,0.0,1.0,0.0
10.06,257.1,485.9,31.8,29.1,64.0,1148.3,13.3,3,1.0,0.0,0.0,0.0,1.0,0.0
9.4,121.5,457.5,16.7,16.6,40.6,851.3,10.0,2,1.0,0.0,0.0,0.0,1.0,0.0
13.8,178.7,301.0,12.1,23.6,32.0,243.3,2.9,2,1.0,0.0,0.0,0.0,1.0,0.0
15.35,192.6,241.6,0.0,16.5,33.0,260.3,4.2,3,0.0,1.0,0.0,0.0,1.0,0.0
21.51,175.7,473.4,31.5,15.8,49.3,674.7,8.2,2,0.0,0.0,1.0,0.0,1.0,0.0
34.92,298.2,573.3,13.8,1.1,81.4,809.3,10.8,2,1.0,0.0,0.0,0.0,0.0,1.0
4.32,230.3,630.6,8.0,17.6,53.0,511.3,7.4,2,1.0,0.0,0.0,1.0,0.0,0.0
5.33,357.1,617.2,6.8,17.1,70.8,951.0,5.0,1,0.0,1.0,0.0,1.0,0.0,0.0
4.16,434.7,222.3,0.1,0.0,33.6,43.1,31.92,3,0.0,1.0,0.0,1.0,0.0,0.0
26.69,213.6,766.1,29.5,34.7,54.9,1162.9,11.6,3,1.0,0.0,0.0,0.0,0.0,1.0
4.98,171.0,455.3,6.3,13.0,37.2,821.1,5.6,3,0.0,1.0,0.0,1.0,0.0,0.0
2.71,216.3,322.5,9.8,7.7,32.0,424.9,10.6,3,0.0,1.0,0.0,1.0,0.0,0.0
7.78,173.7,315.9,17.4,9.6,40.5,575.4,9.0,2,1.0,0.0,0.0,1.0,0.0,0.0
8.56,301.2,621.2,21.7,32.3,29.9,1131.1,4.6,2,1.0,0.0,0.0,1.0,0.0,0.0
34.97,346.9,681.3,29.9,17.2,51.1,1038.5,5.0,3,1.0,0.0,0.0,0.0,0.0,1.0
3.43,235.3,226.9,19.7,9.8,23.6,484.1,20.9,2,1.0,0.0,0.0,1.0,0.0,0.0
2.89,145.0,361.3,5.2,14.6,51.5,431.9,5.8,3,1.0,0.0,0.0,1.0,0.0,0.0
21.71,201.5,239.0,7.4,14.0,35.3,704.1,6.9,2,1.0,0.0,0.0,0.0,1.0,0.0
8.95,149.6,496.0,31.9,28.2,36.0,1049.8,13.1,1,0.0,1.0,0.0,0.0,1.0,0.0
12.77,237.9,528.8,27.9,15.1,50.0,1124.3,13.6,2,0.0,1.0,0.0,0.0,1.0,0.0
12.5,91.0,359.6,0.0,25.7,29.5,218.1,28.025,3,0.0,1.0,0.0,0.0,1.0,0.0
13.59,288.6,212.2,10.2,12.8,16.5,480.7,10.5,2,0.0,1.0,0.0,0.0,1.0,0.0
26.84,528.6,153.8,2.7,2.0,41.6,58.7,33.6,1,0.0,0.0,1.0,0.0,0.0,1.0
4.19,141.9,399.6,10.3,10.8,25.1,916.7,8.2,3,1.0,0.0,0.0,1.0,0.0,0.0
5.27,289.9,195.1,1.6,4.9,83.9,57.9,16.0,2,0.0,1.0,0.0,0.0,1.0,0.0
5.55,187.0,321.8,22.2,12.9,49.9,873.3,5.6,1,0.0,1.0,0.0,1.0,0.0,0.0
2.46,282.6,607.3,21.7,20.0,42.8,963.9,10.1,3,1.0,0.0,0.0,1.0,0.0,0.0
7.71,287.9,322.0,1.9,2.4,26.0,2.1,24.7,2,0.0,1.0,0.0,0.0,1.0,0.0
7.1,230.8,558.3,28.0,29.4,53.7,519.7,7.6,2,1.0,0.0,0.0,1.0,0.0,0.0
1.63,586.9,22.7,0.0,0.0,34.3,25.0,17.3,2,0.0,1.0,0.0,1.0,0.0,0.0
16.27,143.3,506.2,19.8,16.8,53.9,593.9,4.7,2,0.0,0.0,1.0,0.0,1.0,0.0
7.35,231.2,515.8,23.2,25.5,38.2,921.2,5.8,2,0.0,1.0,0.0,1.0,0.0,0.0
4.25,524.1,264.3,6.6,5.4,48.6,66.3,34.2,2,0.0,1.0,0.0,1.0,0.0,0.0
11.57,173.2,348.8,16.6,10.9,36.2,714.7,3.3,2,1.0,0.0,0.0,0.0,1.0,0.0
4.57,308.2,77.5,3.9,0.0,10.6,62.0,10.07,3,0.0,1.0,0.0,1.0,0.0,0.0
3.78,282.3,154.6,15.3,3.8,36.6,422.9,9.4,2,0.0,1.0,0.0,1.0,0.0,0.0
8.08,209.5,730.1,35.9,28.5,41.2,862.5,17.0,3,1.0,0.0,0.0,1.0,0.0,0.0
10.14,359.2,203.5,5.1,0.4,21.3,90.5,20.235,1,0.0,0.0,1.0,0.0,1.0,0.0
4.49,217.7,481.4,17.0,31.7,60.6,833.5,5.4,2,0.0,1.0,0.0,1.0,0.0,0.0
10.29,323.5,340.7,2.4,0.0,39.4,24.7,37.43,2,0.0,1.0,0.0,0.0,1.0,0.0
18.51,222.5,659.0,25.6,32.4,52.7,1061.1,11.2,1,1.0,0.0,0.0,0.0,0.0,1.0
4.51,387.1,7.8,0.0,5.9,55.2,110.5,24.5,2,0.0,1.0,0.0,1.0,0.0,0.0
42.23,301.3,310.0,0.0,0.0,48.6,271.9,7.1,3,0.0,0.0,1.0,0.0,0.0,1.0
6.15,573.9,312.2,0.6,5.7,49.9,34.2,42.8,2,0.0,1.0,0.0,0.0,1.0,0.0
13.95,123.2,428.0,5.6,15.6,47.6,498.6,2.5,3,0.0,1.0,0.0,0.0,0.0,1.0
4.24,424.4,197.6,5.6,0.0,45.0,14.2,28.9,3,0.0,1.0,0.0,1.0,0.0,0.0
9.24,164.3,373.5,20.6,20.0,44.1,644.3,5.0,2,1.0,0.0,0.0,1.0,0.0,0.0
3.16,242.0,659.2,13.7,35.3,61.7,1387.3,6.7,2,1.0,0.0,0.0,1.0,0.0,0.0
3.54,112.0,419.6,8.0,8.1,48.6,275.4,0.0,3,0.0,0.0,1.0,1.0,0.0,0.0
7.12,258.3,481.1,19.2,28.1,40.0,611.4,8.5,2,1.0,0.0,0.0,1.0,0.0,0.0
18.43,201.7,560.1,15.1,30.3,37.2,476.3,7.0,3,1.0,0.0,0.0,0.0,1.0,0.0
9.77,622.2,262.2,0.0,0.0,71.7,14.9,68.115,1,0.0,1.0,0.0,0.0,1.0,0.0
25.66,154.0,454.9,7.2,7.4,46.5,358.0,0.6,3,0.0,0.0,1.0,0.0,0.0,1.0
5.98,221.9,399.4,0.0,12.6,42.2,537.2,4.6,2,0.0,1.0,0.0,1.0,0.0,0.0
20.78,283.5,475.9,22.4,22.6,39.4,1097.9,9.3,3,1.0,0.0,0.0,0.0,1.0,0.0
1.92,408.5,259.7,0.0,1.7,35.6,54.0,33.82,2,0.0,0.0,1.0,1.0,0.0,0.0
14.29,170.8,302.9,13.1,12.1,32.9,456.5,0.7,2,1.0,0.0,0.0,0.0,1.0,0.0
2.56,235.3,449.4,32.4,33.3,44.9,825.2,12.1,2,0.0,1.0,0.0,1.0,0.0,0.0
1.9,143.1,350.7,2.3,11.3,25.4,638.2,4.1,3,0.0,1.0,0.0,1.0,0.0,0.0
3.42,128.5,347.1,14.5,8.0,25.0,671.9,2.6,2,1.0,0.0,0.0,1.0,0.0,0.0
5.57,518.5,280.5,0.0,0.0,50.5,63.4,41.7,3,0.0,1.0,0.0,1.0,0.0,0.0
1.78,378.9,19.3,1.2,8.1,43.0,109.0,37.2,2,0.0,1.0,0.0,1.0,0.0,0.0
8.39,107.5,525.1,6.1,5.6,29.3,154.0,2.9,2,0.0,1.0,0.0,0.0,1.0,0.0
2.78,259.4,461.1,22.1,25.3,44.4,538.8,11.0,3,0.0,1.0,0.0,1.0,0.0,0.0
7.83,238.9,533.7,29.3,14.4,53.8,832.4,5.1,3,1.0,0.0,0.0,1.0,0.0,0.0
12.8,98.6,278.3,0.9,18.3,24.8,392.1,3.4,1,0.0,1.0,0.0,0.0,1.0,0.0
3.17,235.6,158.4,20.1,8.0,31.6,720.3,5.5,2,0.0,1.0,0.0,1.0,0.0,0.0
3.19,237.0,374.3,26.0,24.2,43.4,573.5,8.0,3,1.0,0.0,0.0,1.0,0.0,0.0
5.53,217.4,252.3,5.3,3.3,25.6,822.5,3.7,2,1.0,0.0,0.0,1.0,0.0,0.0
6.12,143.5,244.7,8.5,11.8,46.5,394.4,0.0,2,0.0,1.0,0.0,1.0,0.0,0.0
15.1,232.8,638.7,24.2,40.8,18.2,1144.0,11.4,3,1.0,0.0,0.0,0.0,1.0,0.0
6.15,104.7,386.5,1.6,19.0,49.1,402.6,4.3,3,0.0,1.0,0.0,1.0,0.0,0.0
6.21,162.0,291.7,3.2,9.3,21.7,815.5,2.9,2,0.0,0.0,1.0,1.0,0.0,0.0
16.52,176.5,204.9,4.1,8.7,33.6,645.4,4.1,3,0.0,0.0,1.0,0.0,1.0,0.0
12.65,230.7,564.6,28.1,33.5,66.0,594.9,9.8,2,1.0,0.0,0.0,0.0,1.0,0.0
3.93,297.7,369.1,9.5,12.8,71.0,790.0,6.2,3,0.0,1.0,0.0,1.0,0.0,0.0
8.7,129.2,263.0,5.7,16.5,32.7,476.2,0.5,2,1.0,0.0,0.0,0.0,1.0,0.0
13.97,168.7,366.0,8.5,5.3,36.0,238.5,6.6,1,0.0,1.0,0.0,0.0,1.0,0.0
9.15,596.1,84.5,0.9,0.0,48.2,29.8,42.1,3,0.0,1.0,0.0,0.0,1.0,0.0
5.62,314.0,482.3,26.5,37.4,59.4,854.4,7.4,2,1.0,0.0,0.0,1.0,0.0,0.0
5.1,419.4,508.7,2.0,3.0,13.0,40.6,12.35,3,0.0,0.0,1.0,1.0,0.0,0.0
23.01,176.6,303.9,14.3,18.8,25.7,562.0,5.1,1,1.0,0.0,0.0,0.0,1.0,0.0
26.83,84.2,316.7,0.7,18.4,64.7,336.2,56.1,2,0.0,0.0,1.0,0.0,0.0,1.0
40.81,352.3,508.8,15.1,14.2,42.0,699.4,13.3,2,0.0,1.0,0.0,0.0,0.0,1.0
10.68,152.2,209.6,23.7,17.7,51.4,802.2,10.8,3,0.0,1.0,0.0,0.0,1.0,0.0
3.93,221.9,582.9,16.2,41.3,47.5,1021.2,9.9,2,1.0,0.0,0.0,1.0,0.0,0.0
3.34,112.4,96.1,10.2,13.8,31.4,543.2,2.6,3,1.0,0.0,0.0,1.0,0.0,0.0
18.11,259.9,490.9,6.9,40.9,57.3,973.1,8.0,1,0.0,1.0,0.0,0.0,1.0,0.0
7.51,194.9,298.2,30.0,12.5,53.2,697.1,5.5,2,0.0,1.0,0.0,1.0,0.0,0.0
6.0,354.8,585.6,29.5,15.1,60.9,595.5,5.1,2,0.0,1.0,0.0,1.0,0.0,0.0
18.32,338.4,736.4,27.1,22.3,84.9,632.6,9.0,2,1.0,0.0,0.0,0.0,1.0,0.0
4.96,271.8,182.3,14.9,11.7,13.0,665.6,7.0,1,0.0,0.0,1.0,1.0,0.0,0.0
10.76,239.5,190.6,11.2,10.0,20.7,493.5,0.5,3,1.0,0.0,0.0,0.0,1.0,0.0
4.42,200.7,486.6,34.0,23.9,56.0,834.6,11.4,1,1.0,0.0,0.0,1.0,0.0,0.0
3.67,255.7,470.0,3.5,16.7,6.9,446.3,6.555,3,1.0,0.0,0.0,1.0,0.0,0.0
5.18,242.5,479.7,19.2,15.6,45.5,731.1,6.5,3,0.0,1.0,0.0,1.0,0.0,0.0
45.84,200.4,622.1,19.5,28.2,49.7,682.8,12.7,3,0.0,1.0,0.0,0.0,0.0,1.0
30.04,282.6,830.5,28.9,20.7,44.1,910.5,9.8,2,1.0,0.0,0.0,0.0,0.0,1.0
48.81,262.4,347.4,1.5,21.4,25.7,787.8,14.8,2,1.0,0.0,0.0,0.0,0.0,1.0
8.59,145.6,467.9,21.1,8.9,40.8,1023.4,4.7,3,0.0,1.0,0.0,1.0,0.0,0.0
44.09,133.6,543.7,12.2,1.3,66.0,436.4,35.9,3,1.0,0.0,0.0,0.0,0.0,1.0
18.01,352.8,290.9,6.5,18.0,22.8,700.6,3.4,2,1.0,0.0,0.0,0.0,1.0,0.0
6.2,235.6,607.9,13.9,9.6,30.7,823.9,10.7,1,1.0,0.0,0.0,1.0,0.0,0.0
4.98,291.9,251.9,7.9,9.1,21.2,477.5,3.7,3,0.0,1.0,0.0,1.0,0.0,0.0
5.12,215.9,418.8,18.6,16.1,47.3,1122.5,8.0,1,0.0,1.0,0.0,1.0,0.0,0.0
4.58,132.0,243.6,4.4,11.2,36.4,538.7,3.5,2,0.0,1.0,0.0,1.0,0.0,0.0
2.71,181.1,551.8,19.6,24.6,49.3,621.3,7.2,3,1.0,0.0,0.0,1.0,0.0,0.0
11.6,224.8,702.6,31.8,33.7,17.7,945.6,8.7,2,1.0,0.0,0.0,0.0,1.0,0.0
5.09,417.9,309.8,0.4,0.0,59.9,41.2,49.0,3,0.0,0.0,1.0,1.0,0.0,0.0
7.57,387.5,230.5,1.2,0.8,18.9,0.0,17.955,3,0.0,0.0,1.0,0.0,1.0,0.0
7.24,193.5,476.9,19.2,11.4,40.2,681.6,1.7,2,0.0,1.0,0.0,1.0,0.0,0.0
8.89,175.7,435.7,25.8,11.0,33.4,909.6,6.9,2,1.0,0.0,0.0,0.0,1.0,0.0
8.55,232.3,506.6,25.7,26.1,16.0,654.3,13.7,3,0.0,1.0,0.0,1.0,0.0,0.0
22.22,183.6,279.6,30.4,13.7,57.1,902.2,6.3,2,0.0,0.0,1.0,0.0,0.0,1.0
3.38,464.6,246.5,0.0,7.0,65.7,71.1,61.3,3,0.0,0.0,1.0,1.0,0.0,0.0
9.02,126.8,379.9,10.5,11.6,35.0,736.6,5.1,3,1.0,0.0,0.0,1.0,0.0,0.0
12.78,221.1,405.8,4.2,9.5,86.5,279.2,34.8,1,0.0,1.0,0.0,0.0,1.0,0.0
4.85,474.7,152.7,1.4,2.2,43.4,50.4,21.0,2,0.0,1.0,0.0,0.0,1.0,0.0
10.82,333.9,550.7,19.5,14.7,82.8,1006.2,7.2,1,0.0,1.0,0.0,0.0,1.0,0.0
3.64,474.2,435.5,20.6,12.2,44.1,869.6,2.3,1,0.0,1.0,0.0,1.0,0.0,0.0
5.94,190.8,481.1,16.2,20.5,37.8,942.3,17.6,1,1.0,0.0,0.0,1.0,0.0,0.0
12.88,283.1,285.1,0.0,17.4,36.5,180.6,9.6,2,0.0,1.0,0.0,0.0,1.0,0.0
12.75,427.6,202.1,3.8,0.0,29.3,44.5,21.0,3,0.0,1.0,0.0,0.0,1.0,0.0
4.3,659.2,186.6,2.9,2.3,50.8,53.9,35.2,3,0.0,1.0,0.0,1.0,0.0,0.0
12.24,147.2,317.0,14.8,14.9,40.9,917.5,5.0,3,1.0,0.0,0.0,0.0,1.0,0.0
2.07,445.3,227.3,0.0,1.4,67.8,70.4,48.0,2,0.0,1.0,0.0,1.0,0.0,0.0
26.91,515.3,256.7,4.4,2.9,81.8,0.0,44.1,3,0.0,1.0,0.0,0.0,0.0,1.0
5.05,145.4,409.1,6.8,18.5,35.5,592.4,6.0,3,0.0,1.0,0.0,1.0,0.0,0.0
4.22,201.5,180.8,11.6,11.7,13.6,537.1,3.4,2,1.0,0.0,0.0,1.0,0.0,0.0
9.33,248.0,546.5,20.8,33.5,27.2,569.8,10.9,2,1.0,0.0,0.0,0.0,1.0,0.0
7.65,158.6,201.9,15.2,5.6,46.5,727.6,3.2,2,1.0,0.0,0.0,1.0,0.0,0.0
8.6,440.2,604.5,26.8,21.5,63.0,645.5,7.3,3,0.0,1.0,0.0,1.0,0.0,0.0
9.09,399.7,690.0,22.3,8.5,82.2,701.0,0.5,3,0.0,1.0,0.0,0.0,1.0,0.0
3.86,124.5,251.6,10.6,12.1,36.0,636.4,3.7,3,1.0,0.0,0.0,1.0,0.0,0.0
26.17,378.7,749.2,16.5,3.8,58.5,1012.0,1.2,1,1.0,0.0,0.0,0.0,0.0,1.0
19.28,287.4,474.7,17.2,18.6,37.2,1140.8,10.7,1,1.0,0.0,0.0,0.0,1.0,0.0
3.08,135.4,289.3,0.0,13.8,50.6,297.2,4.9,2,0.0,0.0,1.0,1.0,0.0,0.0
8.46,201.2,289.3,33.9,20.7,34.4,446.5,0.0,3,1.0,0.0,0.0,1.0,0.0,0.0
5.85,569.3,287.4,0.6,2.4,88.4,30.3,19.1,1,0.0,1.0,0.0,0.0,1.0,0.0
4.01,206.2,356.8,26.3,6.3,45.2,561.1,10.8,2,0.0,0.0,1.0,1.0,0.0,0.0
4.3,119.9,359.5,5.3,19.4,72.1,323.9,14.4,2,1.0,0.0,0.0,1.0,0.0,0.0
13.31,247.2,620.4,12.0,28.3,60.8,924.1,9.3,2,0.0,1.0,0.0,0.0,1.0,0.0
3.52,364.6,220.1,1.2,2.3,66.1,24.7,48.5,2,0.0,1.0,0.0,1.0,0.0,0.0
5.28,390.6,255.1,13.0,16.1,4.6,637.7,4.369999999999999,2,1.0,0.0,0.0,1.0,0.0,0.0
48.04,234.1,614.5,26.5,30.7,40.3,676.3,2.8,2,1.0,0.0,0.0,0.0,0.0,1.0
10.14,127.3,220.7,6.9,6.0,37.8,603.4,3.9,2,0.0,1.0,0.0,0.0,1.0,0.0
3.51,240.1,263.5,18.3,8.3,32.8,887.9,10.4,3,0.0,0.0,1.0,1.0,0.0,0.0
6.31,376.7,267.5,3.5,0.2,38.9,29.0,13.8,2,0.0,1.0,0.0,0.0,1.0,0.0
7.91,295.3,176.3,7.5,17.7,19.5,204.4,14.1,2,0.0,1.0,0.0,1.0,0.0,0.0
8.74,426.9,336.4,5.0,4.2,47.8,31.8,35.7,2,0.0,1.0,0.0,0.0,1.0,0.0
3.66,483.9,156.6,0.2,0.0,62.9,73.1,34.1,3,0.0,1.0,0.0,1.0,0.0,0.0
1.9,539.1,419.0,1.7,5.4,50.2,62.9,29.2,2,0.0,1.0,0.0,1.0,0.0,0.0
7.38,99.9,385.9,9.4,26.1,63.1,81.1,59.945,3,1.0,0.0,0.0,1.0,0.0,0.0
31.93,367.8,118.5,3.0,4.2,71.6,0.0,37.3,2,0.0,0.0,1.0,0.0,0.0,1.0
4.46,430.4,62.6,1.0,0.0,56.8,80.3,53.96,3,0.0,0.0,1.0,1.0,0.0,0.0
10.45,453.8,189.3,0.6,1.0,74.4,0.0,15.5,1,0.0,1.0,0.0,0.0,1.0,0.0
3.73,228.0,403.1,2.5,13.7,51.8,163.0,49.21,2,0.0,1.0,0.0,1.0,0.0,0.0
2.49,182.8,621.2,30.9,12.5,49.3,980.7,3.0,2,1.0,0.0,0.0,1.0,0.0,0.0
6.75,252.3,583.7,26.9,21.2,54.8,893.2,3.1,2,1.0,0.0,0.0,1.0,0.0,0.0
2.58,248.5,381.3,19.4,21.2,15.7,551.6,11.3,2,1.0,0.0,0.0,1.0,0.0,0.0
4.16,226.9,531.4,4.9,13.0,19.4,150.0,18.43,2,0.0,1.0,0.0,1.0,0.0,0.0
3.51,166.8,158.9,11.3,13.2,39.1,788.4,5.8,3,1.0,0.0,0.0,1.0,0.0,0.0
6.42,208.1,398.4,18.3,15.3,42.8,843.6,12.3,3,0.0,0.0,1.0,1.0,0.0,0.0
6.78,160.5,345.9,8.5,10.8,44.2,592.3,4.7,2,1.0,0.0,0.0,1.0,0.0,0.0
19.14,385.5,624.8,18.9,6.7,61.1,730.9,8.0,2,0.0,0.0,1.0,0.0,1.0,0.0
3.06,83.1,301.9,9.7,11.6,28.2,189.5,5.3,2,0.0,1.0,0.0,1.0,0.0,0.0
4.0,305.0,5.0,14.9,16.8,22.3,450.3,9.1,1,0.0,0.0,1.0,1.0,0.0,0.0
3.15,421.8,472.3,1.4,0.3,44.1,30.6,24.9,2,0.0,0.0,1.0,1.0,0.0,0.0
15.05,371.9,448.3,34.4,12.1,64.5,777.7,0.7,2,1.0,0.0,0.0,0.0,1.0,0.0
18.96,212.2,414.9,31.9,20.5,55.6,646.3,10.1,3,1.0,0.0,0.0,0.0,1.0,0.0
21.02,306.6,634.4,22.7,16.8,79.8,558.4,9.3,2,1.0,0.0,0.0,0.0,1.0,0.0
7.95,132.8,347.9,16.1,10.8,37.2,528.9,4.2,1,0.0,1.0,0.0,1.0,0.0,0.0
3.82,227.1,553.7,16.4,30.6,56.5,736.4,12.7,3,1.0,0.0,0.0,1.0,0.0,0.0
2.67,245.9,545.7,26.5,14.3,47.7,757.3,3.9,2,1.0,0.0,0.0,1.0,0.0,0.0
3.55,143.0,438.6,26.0,24.7,44.1,1377.9,10.1,3,1.0,0.0,0.0,1.0,0.0,0.0
9.36,223.1,509.5,29.0,33.4,58.7,989.6,9.5,3,1.0,0.0,0.0,1.0,0.0,0.0
7.23,205.0,445.2,26.3,14.7,39.0,889.9,10.9,2,0.0,0.0,1.0,1.0,0.0,0.0
2.04,553.3,212.4,6.1,3.4,68.3,43.8,25.5,3,0.0,0.0,1.0,1.0,0.0,0.0
16.18,196.0,251.6,13.8,3.0,33.6,685.0,8.6,2,0.0,0.0,1.0,0.0,1.0,0.0
2.49,199.3,31.5,0.0,7.2,87.2,73.1,57.4,2,0.0,0.0,1.0,1.0,0.0,0.0
34.72,219.4,267.3,14.9,12.2,25.4,539.6,9.9,3,0.0,1.0,0.0,0.0,0.0,1.0
22.14,216.1,281.8,7.5,10.9,50.8,568.6,2.9,2,0.0,1.0,0.0,0.0,1.0,0.0
6.49,315.4,145.8,0.6,0.4,47.4,20.0,25.6,2,0.0,1.0,0.0,0.0,1.0,0.0
12.19,488.2,335.7,2.7,0.0,20.8,41.3,19.76,2,0.0,1.0,0.0,0.0,1.0,0.0
13.07,194.8,321.8,17.0,16.6,46.7,1178.8,7.3,2,0.0,0.0,1.0,0.0,1.0,0.0
15.35,68.9,208.0,5.2,27.6,55.9,340.0,0.0,3,0.0,1.0,0.0,0.0,0.0,1.0
5.98,236.4,618.8,16.5,24.1,60.8,1094.6,11.0,3,0.0,0.0,1.0,1.0,0.0,0.0
8.24,193.5,457.1,15.4,25.9,45.7,949.6,10.6,3,0.0,1.0,0.0,1.0,0.0,0.0
11.24,110.5,260.2,2.8,9.5,44.2,381.6,2.1,2,0.0,1.0,0.0,0.0,1.0,0.0
3.69,576.5,211.6,2.5,1.7,5.2,45.1,4.94,2,0.0,1.0,0.0,1.0,0.0,0.0
15.38,140.8,547.9,13.4,16.5,35.4,1240.5,3.0,2,1.0,0.0,0.0,0.0,1.0,0.0
5.1,545.2,198.8,4.1,1.0,60.8,0.0,30.6,2,0.0,0.0,1.0,1.0,0.0,0.0
20.78,224.9,657.3,21.0,21.1,59.2,619.0,5.4,2,0.0,1.0,0.0,0.0,1.0,0.0
3.02,193.9,406.2,14.8,17.7,5.6,270.4,5.319999999999999,2,0.0,1.0,0.0,1.0,0.0,0.0
5.1,199.6,276.5,9.0,16.0,24.1,992.1,5.1,2,1.0,0.0,0.0,1.0,0.0,0.0
25.28,354.6,606.1,9.4,10.7,65.5,376.0,1.1,2,0.0,1.0,0.0,0.0,0.0,1.0
15.5,224.6,615.2,21.7,39.2,30.1,692.3,10.5,3,1.0,0.0,0.0,0.0,1.0,0.0
2.09,119.7,289.3,0.0,10.2,16.9,303.3,1.3,2,0.0,1.0,0.0,1.0,0.0,0.0
4.19,235.3,149.9,3.3,3.2,22.7,21.8,19.7,2,0.0,1.0,0.0,1.0,0.0,0.0
3.61,145.5,346.1,2.1,12.2,51.9,614.5,6.6,1,0.0,1.0,0.0,1.0,0.0,0.0
10.27,183.2,211.2,10.5,11.3,28.0,643.4,2.3,1,1.0,0.0,0.0,0.0,1.0,0.0
3.98,363.9,276.1,30.7,8.7,20.6,152.9,6.5,3,1.0,0.0,0.0,1.0,0.0,0.0
11.62,232.0,429.2,10.6,13.8,40.6,380.0,9.3,2,0.0,0.0,1.0,0.0,1.0,0.0
3.4,369.6,308.7,0.1,0.0,36.4,120.3,16.6,2,0.0,1.0,0.0,1.0,0.0,0.0
5.89,89.6,401.2,1.5,24.2,51.4,467.0,48.83,1,0.0,1.0,0.0,1.0,0.0,0.0
2.24,405.5,225.4,2.2,5.0,58.1,63.2,41.4,3,0.0,1.0,0.0,1.0,0.0,0.0
16.84,173.3,343.3,9.4,13.6,32.9,595.0,6.6,1,1.0,0.0,0.0,0.0,1.0,0.0
4.1,132.7,279.8,6.4,13.3,53.1,432.5,5.9,1,1.0,0.0,0.0,1.0,0.0,0.0
16.56,226.7,556.4,27.1,34.6,39.1,1657.5,9.5,1,1.0,0.0,0.0,0.0,0.0,1.0
2.03,326.0,223.1,4.4,1.6,18.3,36.2,17.385,3,0.0,0.0,1.0,1.0,0.0,0.0
17.14,173.0,487.4,17.5,10.0,57.3,668.4,2.2,1,0.0,1.0,0.0,0.0,1.0,0.0
6.44,201.3,448.4,13.1,34.0,35.7,757.5,10.9,3,0.0,1.0,0.0,1.0,0.0,0.0
8.46,207.7,396.1,9.5,11.1,40.4,486.0,5.9,3,0.0,0.0,1.0,1.0,0.0,0.0
15.89,117.1,501.9,8.3,21.2,54.9,310.5,51.0,1,1.0,0.0,0.0,0.0,1.0,0.0
25.07,249.5,718.1,32.1,18.1,41.9,540.3,11.2,1,1.0,0.0,0.0,0.0,0.0,1.0
2.95,129.2,347.7,10.1,7.7,31.6,1027.1,5.1,3,1.0,0.0,0.0,1.0,0.0,0.0
11.29,264.9,363.5,22.3,18.9,47.9,1182.3,9.3,3,0.0,0.0,1.0,0.0,1.0,0.0
13.11,262.8,431.7,20.6,36.6,63.8,504.3,5.4,2,1.0,0.0,0.0,0.0,1.0,0.0
10.87,571.0,213.2,2.6,1.1,51.7,70.5,21.7,1,0.0,0.0,1.0,0.0,1.0,0.0
34.87,187.4,330.8,8.6,16.7,27.4,485.2,11.1,2,0.0,0.0,1.0,0.0,0.0,1.0
5.78,193.9,620.0,24.0,32.2,39.8,470.9,6.8,1,0.0,1.0,0.0,1.0,0.0,0.0
39.83,158.2,281.7,0.0,22.5,43.0,243.2,6.9,2,0.0,1.0,0.0,0.0,0.0,1.0
22.17,146.9,303.4,8.4,10.2,24.9,372.7,4.6,3,1.0,0.0,0.0,0.0,1.0,0.0
9.93,311.9,468.9,15.5,20.0,64.2,787.0,8.0,2,1.0,0.0,0.0,1.0,0.0,0.0
4.0,159.4,531.0,1.1,4.3,65.1,218.7,60.3,1,0.0,0.0,1.0,1.0,0.0,0.0
7.27,297.4,402.6,4.2,1.1,25.6,29.7,24.32,2,0.0,0.0,1.0,0.0,1.0,0.0
18.85,188.5,448.1,22.7,14.2,28.3,649.0,11.9,2,1.0,0.0,0.0,0.0,0.0,1.0
19.64,193.3,316.6,18.9,11.1,34.7,546.4,5.4,3,1.0,0.0,0.0,0.0,1.0,0.0
2.95,193.5,459.5,28.9,19.5,42.1,1140.5,11.2,3,1.0,0.0,0.0,1.0,0.0,0.0
11.02,119.0,272.1,0.4,8.8,25.0,40.1,2.9,3,0.0,1.0,0.0,0.0,1.0,0.0
5.85,337.6,344.3,22.4,11.2,17.8,256.7,12.7,3,0.0,0.0,1.0,1.0,0.0,0.0
10.55,257.1,634.0,27.7,16.5,60.7,941.6,8.7,3,1.0,0.0,0.0,0.0,1.0,0.0
9.34,446.8,500.6,1.9,11.5,75.7,904.6,12.1,3,0.0,0.0,1.0,1.0,0.0,0.0
11.0,228.0,723.0,12.7,8.8,48.5,939.8,7.1,2,0.0,0.0,1.0,0.0,1.0,0.0
7.87,154.8,198.2,11.7,10.6,39.9,724.5,6.5,1,0.0,1.0,0.0,1.0,0.0,0.0
4.49,242.8,613.3,36.5,18.6,52.1,790.6,10.3,2,1.0,0.0,0.0,1.0,0.0,0.0
4.9,230.9,694.6,21.7,27.6,51.7,813.6,11.3,3,1.0,0.0,0.0,1.0,0.0,0.0
29.17,152.5,221.9,7.6,20.4,44.3,467.1,2.5,3,0.0,1.0,0.0,0.0,0.0,1.0
8.48,226.9,456.4,25.4,45.7,60.0,1030.1,11.9,3,1.0,0.0,0.0,1.0,0.0,0.0
9.26,347.0,269.5,1.6,0.0,54.3,49.5,51.585,2,0.0,1.0,0.0,0.0,1.0,0.0
1.55,428.7,194.5,1.4,2.4,70.5,71.4,38.3,2,0.0,1.0,0.0,1.0,0.0,0.0
3.13,169.3,91.3,13.4,12.2,42.8,267.3,4.7,2,0.0,1.0,0.0,1.0,0.0,0.0
8.53,176.7,277.4,13.3,10.4,41.0,625.1,5.7,3,0.0,1.0,0.0,0.0,1.0,0.0
3.05,227.7,330.1,23.2,17.6,41.0,888.6,9.3,2,1.0,0.0,0.0,1.0,0.0,0.0
3.65,114.7,161.4,2.5,5.0,51.5,157.5,4.5,2,0.0,0.0,1.0,1.0,0.0,0.0
7.27,219.6,240.8,12.4,18.3,40.3,595.0,3.1,2,1.0,0.0,0.0,1.0,0.0,0.0
9.32,102.9,391.3,1.2,15.3,81.7,290.5,21.7,2,0.0,1.0,0.0,0.0,1.0,0.0
3.6,314.6,187.9,0.0,0.0,35.2,59.4,33.44,3,0.0,1.0,0.0,1.0,0.0,0.0
19.75,180.7,223.0,7.3,21.5,24.1,947.6,4.7,3,1.0,0.0,0.0,0.0,1.0,0.0
15.27,267.8,561.2,22.2,14.5,45.2,950.7,14.2,2,0.0,0.0,1.0,0.0,1.0,0.0
16.12,240.6,432.5,15.9,12.8,13.3,686.4,6.2,2,1.0,0.0,0.0,0.0,1.0,0.0
1.94,321.1,34.7,0.0,0.0,45.7,75.2,28.6,2,0.0,0.0,1.0,1.0,0.0,0.0
5.11,429.6,605.0,12.1,12.0,67.5,473.6,6.5,3,1.0,0.0,0.0,1.0,0.0,0.0
8.22,252.6,517.4,18.5,28.1,46.3,1071.1,11.2,2,1.0,0.0,0.0,1.0,0.0,0.0
8.04,203.1,481.5,36.0,43.9,36.9,786.2,12.4,3,1.0,0.0,0.0,1.0,0.0,0.0
3.07,174.9,358.3,12.3,12.8,37.4,741.7,7.2,3,0.0,1.0,0.0,1.0,0.0,0.0
9.28,259.1,537.9,12.5,32.9,38.2,842.0,13.4,2,1.0,0.0,0.0,1.0,0.0,0.0
6.63,137.4,287.0,18.1,18.9,38.9,645.1,8.1,1,1.0,0.0,0.0,1.0,0.0,0.0
9.07,165.3,139.5,9.7,5.3,27.1,731.1,5.6,3,0.0,1.0,0.0,1.0,0.0,0.0
6.41,137.2,328.2,9.0,27.6,61.2,321.7,50.8,3,0.0,1.0,0.0,1.0,0.0,0.0
3.3,163.9,390.3,13.7,16.2,38.9,935.1,8.8,3,1.0,0.0,0.0,1.0,0.0,0.0
6.12,197.5,469.0,21.8,15.0,42.7,878.0,9.6,2,0.0,1.0,0.0,1.0,0.0,0.0
6.52,363.2,434.7,5.6,2.7,43.3,50.9,27.6,3,0.0,1.0,0.0,0.0,1.0,0.0
2.4,203.6,294.6,23.2,10.6,15.4,649.5,5.3,2,1.0,0.0,0.0,1.0,0.0,0.0
3.42,263.2,165.1,17.5,17.4,11.3,613.8,10.735,3,0.0,1.0,0.0,1.0,0.0,0.0
5.69,404.0,195.3,3.0,3.7,46.0,56.6,39.9,2,0.0,1.0,0.0,0.0,1.0,0.0
8.36,335.8,363.2,10.6,12.1,31.4,598.5,5.4,1,0.0,1.0,0.0,1.0,0.0,0.0
4.33,170.3,180.7,0.0,3.3,0.0,40.6,0.0,2,0.0,1.0,0.0,1.0,0.0,0.0
2.6,489.8,104.7,3.0,0.0,35.5,63.8,26.0,2,0.0,1.0,0.0,1.0,0.0,0.0
1.97,70.1,349.9,8.6,4.6,38.8,217.5,4.0,2,0.0,1.0,0.0,1.0,0.0,0.0
16.88,239.2,654.2,29.8,26.7,55.5,882.4,11.4,3,1.0,0.0,0.0,0.0,1.0,0.0
2.23,475.1,322.8,0.0,3.8,46.6,47.5,44.27,1,0.0,0.0,1.0,1.0,0.0,0.0
13.21,266.9,319.2,12.6,14.2,14.0,548.7,12.4,2,1.0,0.0,0.0,0.0,1.0,0.0
22.8,269.5,608.5,4.9,18.7,62.4,689.9,8.7,1,0.0,1.0,0.0,0.0,0.0,1.0
2.6,462.9,227.1,2.9,0.6,15.5,74.6,14.725,2,0.0,1.0,0.0,1.0,0.0,0.0
3.7,224.9,486.5,24.1,16.8,62.4,1173.9,11.8,2,1.0,0.0,0.0,1.0,0.0,0.0
4.9,363.0,176.6,17.2,5.2,31.3,685.2,9.9,2,1.0,0.0,0.0,1.0,0.0,0.0
8.33,404.4,512.5,0.0,1.2,73.0,68.5,35.1,2,0.0,1.0,0.0,0.0,1.0,0.0
4.46,221.2,610.4,27.7,24.9,41.0,722.5,7.8,2,1.0,0.0,0.0,1.0,0.0,0.0
9.62,134.8,337.8,15.5,10.9,27.1,935.5,6.5,2,1.0,0.0,0.0,1.0,0.0,0.0
6.08,216.6,386.5,17.4,14.8,58.2,660.9,9.0,3,0.0,0.0,1.0,1.0,0.0,0.0
2.54,421.2,178.3,3.9,1.5,52.8,15.9,48.4,1,0.0,1.0,0.0,1.0,0.0,0.0
35.56,218.7,280.0,8.9,7.0,36.1,638.8,7.3,2,0.0,1.0,0.0,0.0,0.0,1.0
17.2,126.9,412.2,4.4,16.3,55.4,147.6,46.9,2,0.0,0.0,1.0,0.0,1.0,0.0
8.1,216.9,368.7,27.9,21.8,45.6,931.0,8.0,2,1.0,0.0,0.0,1.0,0.0,0.0
9.29,209.3,650.1,22.9,34.4,42.2,898.3,10.7,1,1.0,0.0,0.0,1.0,0.0,0.0
5.23,158.7,148.4,0.1,11.7,30.6,636.2,2.7,3,0.0,1.0,0.0,1.0,0.0,0.0
2.68,279.5,756.8,18.7,25.5,28.8,1128.4,9.8,3,1.0,0.0,0.0,1.0,0.0,0.0
7.21,423.0,104.0,4.3,0.0,36.1,30.8,34.295,2,0.0,1.0,0.0,0.0,1.0,0.0
4.61,398.2,316.8,1.9,0.0,6.3,77.1,5.984999999999999,2,0.0,0.0,1.0,1.0,0.0,0.0
5.9,231.2,537.5,25.3,40.3,63.1,796.5,11.1,2,1.0,0.0,0.0,1.0,0.0,0.0
7.01,184.5,732.7,26.3,37.7,60.5,726.4,12.6,3,1.0,0.0,0.0,1.0,0.0,0.0
5.34,194.3,373.9,6.1,5.2,82.4,231.0,33.3,3,0.0,1.0,0.0,1.0,0.0,0.0
5.18,396.2,403.8,18.6,15.7,73.1,545.3,8.4,3,0.0,1.0,0.0,1.0,0.0,0.0
2.51,99.4,325.3,9.2,5.1,28.7,375.5,3.2,2,0.0,1.0,0.0,1.0,0.0,0.0
19.27,209.0,494.5,26.9,31.4,50.4,917.5,9.4,3,1.0,0.0,0.0,0.0,1.0,0.0
3.04,406.2,37.2,0.0,1.7,23.1,73.8,21.945,3,0.0,1.0,0.0,1.0,0.0,0.0
3.95,465.4,73.7,1.5,0.0,27.2,44.9,8.8,2,0.0,1.0,0.0,1.0,0.0,0.0
7.32,222.7,516.5,19.4,9.7,33.2,791.8,8.6,3,0.0,0.0,1.0,1.0,0.0,0.0
10.06,222.4,364.6,15.4,11.6,23.0,575.9,6.4,2,1.0,0.0,0.0,0.0,1.0,0.0
18.43,261.5,375.5,10.1,12.3,42.9,622.0,4.7,2,1.0,0.0,0.0,0.0,1.0,0.0
22.72,110.2,340.5,2.5,18.2,43.1,335.2,0.0,3,0.0,1.0,0.0,0.0,0.0,1.0
3.17,262.3,565.4,27.6,20.9,60.5,424.9,3.3,2,0.0,1.0,0.0,1.0,0.0,0.0
4.93,383.2,471.0,12.1,7.9,46.6,1185.6,6.9,3,1.0,0.0,0.0,1.0,0.0,0.0
13.82,337.3,362.4,31.8,19.3,34.4,490.8,11.8,2,1.0,0.0,0.0,0.0,0.0,1.0
8.98,251.8,637.0,20.7,21.5,28.3,862.2,12.7,1,1.0,0.0,0.0,1.0,0.0,0.0
7.17,302.9,523.6,22.4,14.0,47.2,635.5,6.7,3,0.0,0.0,1.0,1.0,0.0,0.0
6.3,279.1,671.7,13.6,21.8,81.5,1057.0,11.7,3,1.0,0.0,0.0,1.0,0.0,0.0
29.13,259.9,648.2,16.0,34.6,60.2,807.2,13.2,2,0.0,0.0,1.0,0.0,0.0,1.0
6.86,263.8,467.3,13.4,16.8,48.6,730.8,4.0,2,1.0,0.0,0.0,1.0,0.0,0.0
4.53,150.8,386.5,7.4,6.6,52.5,212.8,49.875,3,0.0,1.0,0.0,1.0,0.0,0.0
10.94,220.7,348.3,5.1,4.8,42.9,377.0,2.9,2,0.0,1.0,0.0,0.0,1.0,0.0
29.24,83.4,275.0,5.0,6.4,45.6,369.0,3.4,2,0.0,0.0,1.0,0.0,0.0,1.0
3.32,165.2,261.0,5.8,2.1,47.5,283.6,2.2,2,0.0,1.0,0.0,1.0,0.0,0.0
22.93,222.8,219.3,9.7,7.8,46.0,541.2,7.9,2,0.0,1.0,0.0,0.0,1.0,0.0
11.47,121.7,507.4,12.7,14.6,63.8,1145.8,5.6,3,0.0,1.0,0.0,0.0,1.0,0.0
17.53,124.7,484.9,5.4,18.5,65.9,239.2,27.3,2,0.0,1.0,0.0,0.0,1.0,0.0
6.57,390.0,485.5,15.4,13.1,17.5,674.9,16.625,2,1.0,0.0,0.0,1.0,0.0,0.0
9.74,415.3,86.8,2.0,0.0,26.3,20.2,24.985,3,0.0,1.0,0.0,0.0,1.0,0.0
8.52,224.6,850.1,22.2,23.8,53.6,1285.1,11.0,1,1.0,0.0,0.0,1.0,0.0,0.0
8.36,208.9,437.7,31.3,27.5,44.2,942.0,8.5,3,1.0,0.0,0.0,1.0,0.0,0.0
11.58,202.9,206.6,3.3,2.6,64.7,104.9,35.2,3,0.0,1.0,0.0,0.0,1.0,0.0
12.59,300.1,523.3,24.0,18.6,32.6,877.2,7.3,2,1.0,0.0,0.0,0.0,1.0,0.0
23.89,106.7,381.9,0.8,15.7,40.8,335.7,2.2,2,1.0,0.0,0.0,0.0,0.0,1.0
6.72,129.2,385.0,5.0,19.4,46.5,319.5,44.175,2,1.0,0.0,0.0,1.0,0.0,0.0
4.77,426.3,325.0,3.0,0.0,13.2,81.5,12.54,2,0.0,1.0,0.0,1.0,0.0,0.0
13.0,129.7,303.7,4.3,10.7,71.8,236.7,21.0,2,0.0,1.0,0.0,0.0,1.0,0.0
2.95,528.8,121.6,0.0,0.0,81.9,26.3,35.6,3,0.0,1.0,0.0,1.0,0.0,0.0
2.9,459.7,516.3,19.6,19.7,65.7,576.9,6.1,3,1.0,0.0,0.0,1.0,0.0,0.0
2.02,554.0,87.5,2.3,3.3,18.4,89.3,17.479999999999997,3,0.0,1.0,0.0,1.0,0.0,0.0
13.2,233.4,600.4,28.0,28.1,49.9,991.4,7.0,3,1.0,0.0,0.0,0.0,1.0,0.0
16.87,194.6,240.9,12.1,3.1,27.2,714.3,3.8,1,0.0,1.0,0.0,0.0,1.0,0.0
8.48,217.8,596.2,5.0,17.9,41.0,688.5,2.4,3,1.0,0.0,0.0,1.0,0.0,0.0
6.2,168.3,243.7,2.7,19.0,28.7,498.9,3.3,2,1.0,0.0,0.0,1.0,0.0,0.0
2.15,550.5,255.2,2.6,0.2,24.3,70.2,22.4,2,0.0,1.0,0.0,1.0,0.0,0.0
2.57,231.7,382.2,16.5,20.4,53.7,860.6,11.4,2,1.0,0.0,0.0,1.0,0.0,0.0
17.3,176.6,345.0,2.7,26.1,60.2,159.0,26.1,2,1.0,0.0,0.0,0.0,1.0,0.0
5.4,81.9,251.7,3.2,22.0,38.1,565.2,2.0,2,0.0,1.0,0.0,1.0,0.0,0.0
5.52,88.1,247.8,7.6,8.7,22.8,504.3,5.0,3,1.0,0.0,0.0,1.0,0.0,0.0
54.04,183.5,389.8,14.1,9.4,54.3,664.5,0.0,2,0.0,1.0,0.0,0.0,0.0,1.0
22.85,154.2,173.5,17.1,16.0,19.2,594.9,5.9,3,1.0,0.0,0.0,0.0,1.0,0.0
4.28,217.5,402.9,11.2,27.5,47.8,905.8,6.6,2,0.0,0.0,1.0,1.0,0.0,0.0
11.28,376.9,5.0,0.9,0.0,21.5,0.0,10.0,2,0.0,0.0,1.0,0.0,1.0,0.0
34.95,82.2,163.5,2.6,18.5,51.5,0.0,8.6,3,0.0,1.0,0.0,0.0,0.0,1.0
11.85,267.2,627.8,25.3,6.8,86.7,916.8,1.9,2,1.0,0.0,0.0,0.0,1.0,0.0
4.16,387.5,11.2,0.0,2.9,54.1,34.4,35.7,2,0.0,0.0,1.0,1.0,0.0,0.0
4.24,363.2,172.4,15.1,2.8,19.8,306.2,9.2,3,0.0,0.0,1.0,1.0,0.0,0.0
13.83,208.6,197.5,18.0,11.3,30.3,453.4,10.9,2,1.0,0.0,0.0,0.0,0.0,1.0
2.71,57.2,429.2,4.9,21.6,66.2,401.3,46.2,2,0.0,1.0,0.0,1.0,0.0,0.0
14.12,302.9,105.5,22.6,0.0,18.5,282.9,11.1,3,0.0,1.0,0.0,0.0,1.0,0.0
3.94,301.0,438.6,27.7,18.0,87.4,903.8,6.4,3,1.0,0.0,0.0,1.0,0.0,0.0
14.02,191.8,437.0,17.0,12.0,33.3,959.9,3.8,2,1.0,0.0,0.0,0.0,1.0,0.0
38.02,201.7,460.2,11.9,9.4,29.8,551.0,6.7,2,0.0,1.0,0.0,0.0,0.0,1.0
9.4,448.2,349.6,9.3,16.2,86.2,449.8,5.0,3,0.0,0.0,1.0,1.0,0.0,0.0
5.47,157.6,205.9,3.5,5.6,43.2,387.4,5.1,3,0.0,1.0,0.0,1.0,0.0,0.0
3.12,287.0,68.3,12.7,5.0,28.3,609.8,12.9,3,0.0,0.0,1.0,1.0,0.0,0.0
6.49,352.0,709.9,13.6,17.9,44.3,1146.8,4.7,3,1.0,0.0,0.0,1.0,0.0,0.0
7.12,301.7,150.3,0.0,15.4,9.7,557.3,5.1,3,0.0,0.0,1.0,1.0,0.0,0.0
7.74,347.3,469.2,8.1,15.5,59.5,739.2,7.6,2,0.0,1.0,0.0,1.0,0.0,0.0
2.8,356.2,421.0,4.0,3.2,75.4,48.2,38.3,3,0.0,1.0,0.0,1.0,0.0,0.0
27.28,371.2,656.0,12.9,9.3,76.9,911.6,8.7,3,1.0,0.0,0.0,0.0,0.0,1.0
2.95,182.3,538.6,25.5,11.1,49.9,779.3,7.5,3,0.0,1.0,0.0,1.0,0.0,0.0
8.04,396.8,167.1,7.8,8.5,21.9,532.0,4.9,3,1.0,0.0,0.0,1.0,0.0,0.0
7.49,219.0,89.8,12.1,9.2,23.3,442.0,7.0,3,0.0,1.0,0.0,1.0,0.0,0.0
14.17,93.9,481.2,2.6,27.1,81.5,310.7,44.0,2,0.0,1.0,0.0,0.0,1.0,0.0
3.23,301.1,129.0,15.3,15.6,38.1,159.2,12.0,2,0.0,1.0,0.0,1.0,0.0,0.0
10.47,116.9,348.2,0.0,4.2,68.0,562.1,4.7,1,0.0,1.0,0.0,0.0,1.0,0.0
7.77,203.4,427.5,2.0,15.5,36.5,890.9,9.3,2,0.0,1.0,0.0,1.0,0.0,0.0
10.63,274.5,766.7,29.0,23.0,55.0,718.3,5.0,2,1.0,0.0,0.0,0.0,1.0,0.0
4.16,341.1,348.4,0.2,1.6,6.6,80.6,3.4,2,0.0,1.0,0.0,1.0,0.0,0.0
2.61,415.3,206.0,2.3,2.2,12.2,0.0,11.589999999999998,2,0.0,0.0,1.0,1.0,0.0,0.0
4.69,159.6,405.5,30.1,22.4,30.8,1040.2,8.8,2,1.0,0.0,0.0,1.0,0.0,0.0
9.37,148.5,565.7,37.5,27.9,43.7,915.1,15.5,3,1.0,0.0,0.0,1.0,0.0,0.0
1.5,422.8,5.0,2.8,2.1,80.7,45.0,10.6,2,0.0,1.0,0.0,1.0,0.0,0.0
4.99,397.5,78.4,0.8,2.2,35.4,0.5,33.629999999999995,1,0.0,1.0,0.0,1.0,0.0,0.0
3.48,174.6,421.7,9.1,20.3,37.3,785.6,7.1,2,0.0,0.0,1.0,1.0,0.0,0.0
6.57,171.0,203.1,13.8,13.8,38.3,779.6,4.3,2,0.0,1.0,0.0,1.0,0.0,0.0
7.78,413.3,171.7,19.5,8.0,19.3,572.3,8.8,3,0.0,1.0,0.0,1.0,0.0,0.0
3.79,306.4,188.5,1.1,3.0,43.5,10.6,41.325,2,0.0,0.0,1.0,1.0,0.0,0.0
5.03,261.8,485.0,28.7,33.2,47.8,831.7,11.6,3,0.0,0.0,1.0,1.0,0.0,0.0
30.37,186.0,496.1,25.5,18.2,54.1,946.1,5.9,1,1.0,0.0,0.0,0.0,0.0,1.0
19.49,107.5,457.8,4.9,17.7,35.1,586.7,3.9,3,1.0,0.0,0.0,0.0,1.0,0.0
2.82,299.0,187.2,16.7,18.5,13.8,342.9,11.5,3,0.0,0.0,1.0,1.0,0.0,0.0
3.97,181.2,258.3,16.4,14.9,35.6,642.0,6.9,3,1.0,0.0,0.0,1.0,0.0,0.0
13.8,339.7,68.7,13.7,1.7,24.0,620.3,7.4,3,0.0,0.0,1.0,0.0,1.0,0.0
15.73,202.9,236.9,13.0,11.1,40.4,593.5,3.3,3,0.0,1.0,0.0,0.0,1.0,0.0
20.4,180.1,569.8,33.0,29.2,31.1,1161.3,10.2,2,1.0,0.0,0.0,0.0,1.0,0.0
4.95,124.8,409.8,13.0,13.3,52.7,498.7,2.2,3,0.0,1.0,0.0,1.0,0.0,0.0
8.07,259.1,457.8,36.3,34.5,58.7,704.0,12.5,2,1.0,0.0,0.0,1.0,0.0,0.0
3.91,93.6,189.1,14.3,17.7,29.2,671.4,7.4,2,0.0,1.0,0.0,1.0,0.0,0.0
25.86,164.0,413.1,20.0,10.2,30.0,662.4,3.1,2,1.0,0.0,0.0,0.0,0.0,1.0
10.28,181.1,418.0,26.4,26.3,44.7,846.4,6.1,3,1.0,0.0,0.0,0.0,1.0,0.0
8.11,189.3,307.5,29.2,15.9,60.1,837.0,12.2,2,0.0,0.0,1.0,0.0,1.0,0.0
11.04,379.0,534.4,1.1,0.0,72.1,60.7,43.8,2,0.0,0.0,1.0,0.0,1.0,0.0
5.4,259.7,288.5,5.8,12.5,15.2,363.1,13.4,2,0.0,1.0,0.0,1.0,0.0,0.0
31.56,247.4,238.4,17.1,0.0,22.6,333.4,8.8,2,1.0,0.0,0.0,0.0,0.0,1.0
7.28,169.0,424.8,17.7,23.9,49.1,798.7,6.0,1,0.0,0.0,1.0,1.0,0.0,0.0
5.66,492.3,269.9,1.0,5.1,38.8,64.1,36.85999999999999,2,0.0,1.0,0.0,1.0,0.0,0.0
13.01,127.4,317.5,9.5,17.6,35.8,662.4,4.7,3,1.0,0.0,0.0,0.0,1.0,0.0
5.82,308.8,598.6,10.9,15.7,73.7,781.8,1.6,2,0.0,1.0,0.0,1.0,0.0,0.0
8.72,129.0,349.5,4.9,16.3,34.9,456.1,3.2,3,0.0,1.0,0.0,0.0,1.0,0.0
5.52,356.3,513.2,2.3,0.0,31.5,39.5,15.5,2,0.0,1.0,0.0,0.0,1.0,0.0
8.47,208.3,354.7,28.9,12.3,30.4,859.4,12.7,2,1.0,0.0,0.0,1.0,0.0,0.0
43.32,229.8,316.6,16.6,6.7,41.6,773.6,10.6,2,0.0,1.0,0.0,0.0,0.0,1.0
7.55,235.4,425.3,9.5,27.0,52.1,951.8,7.7,2,0.0,1.0,0.0,1.0,0.0,0.0
33.32,161.1,221.5,10.6,12.6,75.3,273.2,3.7,3,0.0,1.0,0.0,0.0,0.0,1.0
14.94,144.7,340.7,16.4,8.2,32.6,340.1,6.9,2,0.0,1.0,0.0,0.0,1.0,0.0
16.79,128.1,355.0,14.1,20.9,39.0,715.9,7.2,3,1.0,0.0,0.0,0.0,1.0,0.0
7.77,515.2,169.5,2.8,1.7,51.5,39.9,43.6,2,0.0,0.0,1.0,0.0,1.0,0.0
31.8,171.9,265.2,10.8,3.4,36.8,495.0,4.8,3,0.0,1.0,0.0,0.0,0.0,1.0
5.99,363.6,280.0,9.1,7.0,34.6,670.6,2.9,2,0.0,1.0,0.0,1.0,0.0,0.0
4.97,198.0,293.3,11.2,8.0,29.2,170.1,7.7,3,0.0,1.0,0.0,1.0,0.0,0.0
7.85,184.6,301.9,13.3,12.9,43.4,504.1,5.6,1,0.0,1.0,0.0,1.0,0.0,0.0
9.44,104.1,363.3,12.0,10.6,28.9,834.9,6.2,2,1.0,0.0,0.0,1.0,0.0,0.0
4.57,227.1,637.2,28.1,23.5,46.3,1106.0,11.0,2,1.0,0.0,0.0,1.0,0.0,0.0
6.39,55.6,227.3,0.0,22.0,57.3,127.5,4.5,2,0.0,1.0,0.0,1.0,0.0,0.0
7.69,126.1,440.8,6.9,12.6,43.5,262.0,2.0,2,0.0,1.0,0.0,0.0,1.0,0.0
6.6,109.4,242.9,9.5,14.3,25.5,463.2,2.8,2,1.0,0.0,0.0,1.0,0.0,0.0
3.71,287.6,180.8,0.0,0.0,92.1,115.2,18.4,2,0.0,1.0,0.0,1.0,0.0,0.0
17.21,205.6,705.5,43.6,37.9,47.7,1171.9,14.1,1,1.0,0.0,0.0,0.0,1.0,0.0
17.41,403.8,432.9,22.5,14.7,66.8,694.6,6.4,3,1.0,0.0,0.0,0.0,1.0,0.0
2.86,140.2,159.7,4.4,9.7,37.2,257.8,5.2,1,0.0,1.0,0.0,1.0,0.0,0.0
7.03,240.6,591.3,26.6,21.5,24.6,978.7,11.8,2,1.0,0.0,0.0,1.0,0.0,0.0
5.88,244.3,341.6,21.9,13.8,61.9,844.1,6.1,3,1.0,0.0,0.0,1.0,0.0,0.0
10.4,184.3,336.3,15.8,6.1,51.7,901.8,8.4,3,0.0,1.0,0.0,0.0,1.0,0.0
8.38,331.5,223.4,0.0,0.0,40.0,26.1,38.0,2,0.0,0.0,1.0,0.0,1.0,0.0
7.25,185.5,554.2,16.8,23.0,63.1,549.8,11.0,3,1.0,0.0,0.0,1.0,0.0,0.0
11.13,198.9,403.5,11.5,10.2,31.1,735.1,4.7,3,0.0,1.0,0.0,0.0,1.0,0.0
2.01,127.6,516.1,4.2,27.7,32.3,312.5,30.684999999999995,2,1.0,0.0,0.0,1.0,0.0,0.0
1.67,466.5,5.0,2.5,0.4,67.7,0.0,47.3,3,0.0,0.0,1.0,1.0,0.0,0.0
6.67,440.8,516.7,16.5,15.3,81.4,499.5,8.1,3,1.0,0.0,0.0,1.0,0.0,0.0
5.48,160.5,525.6,29.0,22.0,53.6,730.4,13.4,3,1.0,0.0,0.0,1.0,0.0,0.0
7.89,255.8,479.2,15.4,12.8,70.2,741.3,4.8,3,1.0,0.0,0.0,1.0,0.0,0.0
3.12,522.4,269.6,0.0,0.7,45.8,38.1,33.0,1,0.0,1.0,0.0,1.0,0.0,0.0
9.33,227.2,618.2,30.3,28.4,38.2,907.4,6.4,2,1.0,0.0,0.0,0.0,1.0,0.0
6.67,196.3,423.6,24.1,34.3,54.6,1171.4,12.1,2,1.0,0.0,0.0,1.0,0.0,0.0
8.89,188.0,385.4,4.4,19.4,34.9,743.5,2.1,2,1.0,0.0,0.0,1.0,0.0,0.0
11.27,215.1,657.5,26.5,25.5,50.3,1461.3,6.9,2,1.0,0.0,0.0,0.0,1.0,0.0
11.3,520.3,178.2,0.3,0.6,44.7,0.0,42.465,2,0.0,1.0,0.0,0.0,1.0,0.0
5.01,247.5,565.5,27.4,29.0,15.4,986.5,14.63,2,1.0,0.0,0.0,1.0,0.0,0.0
8.66,156.8,268.9,13.3,11.9,46.0,597.2,5.8,2,0.0,1.0,0.0,1.0,0.0,0.0
12.9,288.1,177.8,1.0,6.1,71.9,35.4,18.4,2,0.0,0.0,1.0,0.0,1.0,0.0
14.29,162.2,517.7,6.5,13.2,67.6,248.1,32.9,2,0.0,1.0,0.0,0.0,1.0,0.0
20.73,238.7,532.5,26.8,36.1,29.8,953.6,2.7,3,1.0,0.0,0.0,0.0,1.0,0.0
7.77,130.9,505.3,16.6,21.7,40.7,899.4,8.9,1,1.0,0.0,0.0,1.0,0.0,0.0
3.53,174.2,479.7,24.2,9.5,39.9,1005.0,4.6,1,0.0,1.0,0.0,1.0,0.0,0.0
11.3,348.8,77.7,12.7,22.0,20.5,467.5,7.0,1,0.0,1.0,0.0,0.0,1.0,0.0
17.18,154.3,506.4,7.2,13.1,71.2,84.8,55.6,3,0.0,1.0,0.0,0.0,1.0,0.0
2.37,313.6,321.4,25.5,3.7,21.8,661.9,5.0,3,1.0,0.0,0.0,1.0,0.0,0.0
6.38,300.2,549.1,25.5,39.5,52.1,814.0,4.3,2,1.0,0.0,0.0,1.0,0.0,0.0
4.84,130.3,167.7,0.0,13.9,57.9,352.5,1.1,2,0.0,1.0,0.0,1.0,0.0,0.0
21.53,252.9,238.3,26.4,16.3,29.2,885.3,8.3,3,1.0,0.0,0.0,0.0,0.0,1.0
6.22,313.9,362.2,15.6,17.3,18.2,570.6,17.29,3,0.0,0.0,1.0,1.0,0.0,0.0
14.14,335.7,320.0,31.6,15.9,35.6,772.0,11.9,3,1.0,0.0,0.0,0.0,1.0,0.0
4.17,226.4,380.5,12.4,17.8,42.6,705.5,4.0,2,0.0,1.0,0.0,1.0,0.0,0.0
7.05,108.6,264.8,7.0,4.5,22.7,250.1,5.6,1,0.0,1.0,0.0,0.0,1.0,0.0
20.37,261.5,469.3,15.1,22.6,42.1,818.6,7.4,3,1.0,0.0,0.0,0.0,1.0,0.0
14.76,355.6,266.4,9.9,0.0,14.5,129.3,11.3,3,0.0,0.0,1.0,0.0,1.0,0.0
23.13,404.0,338.8,20.6,9.6,64.8,1171.3,3.2,2,0.0,1.0,0.0,0.0,1.0,0.0
12.13,133.4,287.2,10.4,14.1,47.5,448.3,3.6,2,0.0,1.0,0.0,0.0,1.0,0.0
5.16,336.2,252.4,2.6,1.5,28.8,93.3,27.36,3,0.0,1.0,0.0,0.0,1.0,0.0
17.21,200.3,613.4,36.3,29.3,32.8,941.9,11.3,2,1.0,0.0,0.0,0.0,1.0,0.0
4.72,166.3,197.7,9.3,13.3,31.5,570.4,3.5,3,0.0,1.0,0.0,1.0,0.0,0.0
9.75,175.1,248.9,17.0,13.6,42.2,553.3,10.1,3,0.0,1.0,0.0,0.0,1.0,0.0
30.45,424.9,152.9,4.5,0.0,74.1,19.7,36.8,2,0.0,1.0,0.0,0.0,0.0,1.0
6.73,218.4,568.6,25.8,17.6,44.1,946.6,6.4,3,1.0,0.0,0.0,1.0,0.0,0.0
9.84,204.3,303.1,2.7,4.7,34.8,610.6,4.0,2,0.0,0.0,1.0,0.0,1.0,0.0
20.25,321.5,630.0,26.0,10.4,35.2,409.4,5.0,3,1.0,0.0,0.0,0.0,1.0,0.0
17.9,183.0,659.2,35.4,22.1,39.4,1152.1,7.9,2,1.0,0.0,0.0,0.0,1.0,0.0
5.05,275.0,499.0,26.8,9.7,75.0,711.5,3.0,2,0.0,0.0,1.0,1.0,0.0,0.0
11.29,127.5,406.8,2.8,21.0,43.0,240.2,40.85,2,0.0,1.0,0.0,0.0,1.0,0.0
23.98,274.3,556.5,26.9,38.6,63.6,819.2,4.7,2,0.0,1.0,0.0,0.0,0.0,1.0
2.56,285.0,129.1,27.2,12.6,31.9,363.1,9.8,1,0.0,0.0,1.0,1.0,0.0,0.0
5.74,504.0,141.6,2.6,4.4,50.7,56.7,41.5,3,0.0,0.0,1.0,0.0,1.0,0.0
7.04,293.1,662.0,28.5,14.0,54.9,693.7,11.5,3,1.0,0.0,0.0,1.0,0.0,0.0
5.51,284.1,122.2,5.5,6.7,79.5,64.3,34.6,2,0.0,1.0,0.0,1.0,0.0,0.0
12.26,467.0,74.4,5.6,0.0,69.4,47.4,33.2,2,0.0,0.0,1.0,0.0,1.0,0.0
8.57,497.7,507.8,3.4,7.4,34.5,26.9,32.775,3,0.0,1.0,0.0,0.0,1.0,0.0
6.73,177.8,531.5,19.7,14.1,49.8,663.8,8.2,3,1.0,0.0,0.0,1.0,0.0,0.0
5.99,100.9,241.0,0.4,13.3,39.4,114.0,1.8,3,0.0,1.0,0.0,1.0,0.0,0.0
1.62,491.5,163.3,1.1,0.5,43.8,37.9,41.60999999999999,2,0.0,1.0,0.0,1.0,0.0,0.0
2.43,261.0,131.2,0.3,3.5,36.9,85.7,30.9,2,0.0,1.0,0.0,1.0,0.0,0.0
8.99,110.1,398.7,5.7,9.7,44.8,573.1,1.5,2,0.0,1.0,0.0,0.0,1.0,0.0
59.63,196.3,368.4,17.2,12.7,31.9,952.6,6.4,2,0.0,1.0,0.0,0.0,0.0,1.0
4.75,550.0,320.4,1.4,0.0,56.1,20.7,30.7,2,0.0,1.0,0.0,1.0,0.0,0.0
1.79,305.0,255.4,0.8,0.0,31.7,77.6,30.115,3,0.0,1.0,0.0,1.0,0.0,0.0
4.49,165.2,225.3,0.4,14.5,38.4,307.1,3.6,2,0.0,1.0,0.0,1.0,0.0,0.0
5.25,410.2,299.4,2.0,3.5,30.1,0.0,28.595,3,0.0,0.0,1.0,1.0,0.0,0.0
7.72,284.6,134.3,16.9,1.2,20.7,258.7,14.7,2,0.0,0.0,1.0,0.0,1.0,0.0
6.67,547.2,304.8,2.6,6.2,15.3,25.5,14.535,2,0.0,1.0,0.0,0.0,1.0,0.0
21.83,132.1,376.6,11.5,5.6,28.0,265.5,5.9,2,1.0,0.0,0.0,0.0,1.0,0.0
4.83,281.6,369.2,8.2,14.2,23.2,522.9,2.1,1,0.0,1.0,0.0,1.0,0.0,0.0
25.69,329.7,238.9,16.5,0.0,26.5,501.2,0.9,3,0.0,1.0,0.0,0.0,0.0,1.0
6.87,234.5,515.3,20.1,14.0,58.1,715.2,6.9,3,0.0,1.0,0.0,1.0,0.0,0.0
41.91,144.9,430.7,6.7,16.4,46.5,751.9,4.6,3,1.0,0.0,0.0,0.0,0.0,1.0
9.94,551.7,75.1,1.2,1.9,32.9,21.9,31.254999999999995,2,0.0,1.0,0.0,0.0,1.0,0.0
5.47,640.8,100.1,2.1,2.5,41.9,0.0,26.7,2,0.0,1.0,0.0,1.0,0.0,0.0
10.73,195.4,458.3,17.8,26.6,42.4,756.3,5.4,2,0.0,1.0,0.0,0.0,1.0,0.0
13.74,210.2,575.2,22.2,23.4,41.8,215.6,6.5,2,1.0,0.0,0.0,0.0,1.0,0.0
11.43,103.6,488.2,7.2,10.8,68.5,197.7,1.5,2,0.0,1.0,0.0,0.0,1.0,0.0
5.65,198.4,585.3,16.7,27.0,46.4,1175.7,4.0,1,0.0,1.0,0.0,1.0,0.0,0.0
3.45,277.3,448.4,26.1,33.9,35.6,924.1,12.2,3,1.0,0.0,0.0,1.0,0.0,0.0
13.36,183.0,310.2,15.7,11.8,30.4,617.8,3.9,2,0.0,1.0,0.0,0.0,1.0,0.0
17.31,374.9,401.3,15.0,11.3,76.1,933.8,5.9,3,0.0,1.0,0.0,0.0,1.0,0.0
4.69,307.9,520.3,13.8,14.3,16.1,606.8,7.6,3,0.0,1.0,0.0,1.0,0.0,0.0
3.84,190.8,515.6,24.9,28.6,59.5,921.2,8.6,3,1.0,0.0,0.0,1.0,0.0,0.0
8.5,337.6,75.7,1.6,1.3,76.7,45.1,62.0,3,0.0,1.0,0.0,0.0,1.0,0.0
4.0,198.9,696.8,30.4,39.5,36.6,778.4,12.6,2,1.0,0.0,0.0,1.0,0.0,0.0
2.2,343.4,428.4,0.0,0.0,71.1,65.8,35.5,3,0.0,1.0,0.0,1.0,0.0,0.0
19.95,220.3,356.5,15.5,17.2,61.7,696.5,2.2,3,0.0,1.0,0.0,0.0,1.0,0.0
3.43,381.3,153.3,0.3,2.4,48.1,26.6,28.7,1,0.0,1.0,0.0,1.0,0.0,0.0
14.2,145.9,529.9,32.1,23.9,51.5,940.5,2.0,2,1.0,0.0,0.0,0.0,1.0,0.0
7.17,186.7,224.4,11.1,7.9,28.0,509.5,7.2,1,0.0,1.0,0.0,1.0,0.0,0.0
19.27,94.5,509.1,3.1,23.5,68.3,494.9,36.7,2,1.0,0.0,0.0,0.0,0.0,1.0
3.92,145.6,432.8,1.2,28.0,77.3,277.2,28.1,2,0.0,1.0,0.0,1.0,0.0,0.0
3.26,248.8,537.6,23.1,17.6,34.2,607.3,12.1,3,0.0,0.0,1.0,1.0,0.0,0.0
2.72,315.4,116.7,0.0,0.0,26.5,36.3,25.175,3,0.0,1.0,0.0,1.0,0.0,0.0
5.26,94.9,239.1,3.1,15.3,37.7,238.4,4.4,3,0.0,1.0,0.0,1.0,0.0,0.0
14.95,122.8,523.6,17.2,8.9,41.0,588.4,4.5,3,1.0,0.0,0.0,0.0,1.0,0.0
5.57,473.5,238.8,2.1,9.8,62.2,8.2,46.1,3,0.0,1.0,0.0,1.0,0.0,0.0
20.12,173.1,707.1,33.3,35.3,41.7,633.9,15.4,3,1.0,0.0,0.0,0.0,1.0,0.0
9.22,347.8,198.6,3.5,0.0,46.9,15.2,30.6,3,0.0,1.0,0.0,0.0,1.0,0.0
16.36,147.0,541.8,31.0,22.3,48.3,945.3,10.6,3,1.0,0.0,0.0,0.0,1.0,0.0
5.03,137.4,326.9,12.8,11.1,28.7,434.1,5.4,2,1.0,0.0,0.0,1.0,0.0,0.0
16.9,468.6,141.8,0.0,1.5,54.0,30.9,38.9,2,0.0,1.0,0.0,0.0,0.0,1.0
7.87,176.1,374.5,6.6,20.9,43.6,360.2,41.42,1,0.0,1.0,0.0,0.0,1.0,0.0
8.61,148.6,626.4,24.0,9.5,52.9,637.3,4.1,2,1.0,0.0,0.0,1.0,0.0,0.0
15.93,115.1,417.1,5.1,7.2,40.7,442.8,5.1,2,0.0,1.0,0.0,0.0,0.0,1.0
1.91,299.4,174.6,0.0,3.2,93.2,26.8,34.8,2,0.0,1.0,0.0,1.0,0.0,0.0
16.22,221.2,455.8,17.8,18.3,58.7,546.8,7.1,2,1.0,0.0,0.0,0.0,1.0,0.0
7.05,248.6,568.6,31.9,34.5,45.8,992.3,11.9,2,0.0,1.0,0.0,1.0,0.0,0.0
11.75,285.0,146.3,0.0,13.2,20.2,561.3,5.9,2,0.0,1.0,0.0,0.0,1.0,0.0
6.8,137.9,538.8,3.9,5.8,64.6,178.7,12.7,2,0.0,1.0,0.0,0.0,1.0,0.0
4.17,537.8,75.3,2.5,1.3,51.4,79.3,48.83,2,0.0,1.0,0.0,1.0,0.0,0.0
35.81,152.8,406.4,0.6,20.8,67.9,220.2,47.7,2,0.0,1.0,0.0,0.0,0.0,1.0
45.48,157.8,385.9,13.0,4.7,47.4,590.8,3.8,2,1.0,0.0,0.0,0.0,0.0,1.0
2.77,180.3,285.3,14.3,8.5,36.4,535.5,6.6,2,0.0,0.0,1.0,1.0,0.0,0.0
3.38,357.9,273.2,20.9,10.8,19.9,482.7,3.0,2,0.0,1.0,0.0,1.0,0.0,0.0
8.27,170.0,367.5,20.6,16.8,42.4,579.0,6.9,2,1.0,0.0,0.0,1.0,0.0,0.0
4.1,131.9,428.8,5.5,2.8,36.9,579.6,4.0,2,0.0,1.0,0.0,1.0,0.0,0.0
8.68,228.8,310.1,15.9,9.7,39.3,659.7,9.1,2,0.0,0.0,1.0,1.0,0.0,0.0
44.81,362.9,623.9,16.6,11.3,50.8,662.4,9.8,3,1.0,0.0,0.0,0.0,0.0,1.0
5.17,501.2,285.3,5.0,3.5,43.9,26.6,37.2,3,0.0,0.0,1.0,1.0,0.0,0.0
4.54,97.2,385.3,4.2,20.9,58.6,346.2,54.4,2,1.0,0.0,0.0,1.0,0.0,0.0
3.49,415.9,161.6,0.0,3.5,36.4,33.1,34.58,3,0.0,0.0,1.0,1.0,0.0,0.0
5.02,180.5,370.8,23.8,25.2,56.8,1027.4,4.3,2,1.0,0.0,0.0,1.0,0.0,0.0
10.36,361.7,591.8,27.3,4.2,67.7,495.4,5.9,2,1.0,0.0,0.0,1.0,0.0,0.0
7.15,526.7,419.7,1.3,0.2,51.6,49.9,28.8,1,0.0,1.0,0.0,0.0,1.0,0.0
7.46,198.0,265.1,20.8,21.9,32.8,483.3,7.6,2,1.0,0.0,0.0,0.0,1.0,0.0
7.45,202.5,223.3,7.7,14.4,30.9,1063.5,6.9,2,1.0,0.0,0.0,1.0,0.0,0.0
4.38,188.7,390.8,10.4,14.1,39.2,690.6,3.6,3,0.0,1.0,0.0,1.0,0.0,0.0
12.85,182.9,523.3,6.0,8.3,33.4,235.9,1.1,3,0.0,1.0,0.0,0.0,1.0,0.0
13.23,165.0,736.6,20.3,41.3,55.8,766.1,12.5,2,1.0,0.0,0.0,0.0,1.0,0.0
5.85,228.9,374.4,13.2,14.5,32.9,659.4,2.4,2,1.0,0.0,0.0,1.0,0.0,0.0
12.2,576.6,250.2,3.8,3.0,52.4,68.6,27.6,2,0.0,1.0,0.0,0.0,1.0,0.0
33.27,406.5,317.4,8.8,4.7,20.5,87.6,9.3,3,0.0,0.0,1.0,0.0,0.0,1.0
20.34,203.2,558.9,27.4,28.8,59.6,1084.3,10.0,2,1.0,0.0,0.0,0.0,1.0,0.0
11.53,110.2,367.5,10.1,17.2,69.5,262.9,51.4,1,0.0,0.0,1.0,0.0,1.0,0.0
15.98,183.5,246.5,12.4,10.9,33.1,573.4,5.4,2,0.0,1.0,0.0,0.0,1.0,0.0
8.72,382.3,264.2,0.3,6.5,62.8,0.6,32.7,2,0.0,1.0,0.0,0.0,1.0,0.0
8.2,498.6,266.8,1.3,0.0,44.3,7.4,39.2,3,0.0,0.0,1.0,0.0,1.0,0.0
12.18,149.3,124.7,11.6,11.8,36.7,542.5,3.3,3,0.0,0.0,1.0,0.0,1.0,0.0
8.06,222.3,674.0,11.9,20.5,69.0,433.9,11.4,2,1.0,0.0,0.0,1.0,0.0,0.0
6.43,182.4,238.3,1.1,15.7,46.5,271.3,3.7,3,0.0,1.0,0.0,1.0,0.0,0.0
7.4,397.1,213.4,7.5,11.1,11.1,603.9,10.545,2,1.0,0.0,0.0,0.0,1.0,0.0
3.86,68.9,539.4,6.9,20.8,56.5,132.6,40.7,3,0.0,1.0,0.0,1.0,0.0,0.0
12.31,485.7,226.4,3.8,2.4,40.2,21.3,24.4,2,0.0,1.0,0.0,0.0,1.0,0.0
4.13,301.2,147.0,25.1,11.1,22.3,547.2,4.1,3,0.0,1.0,0.0,1.0,0.0,0.0
3.95,266.1,610.8,13.9,33.9,57.3,1198.7,6.2,2,1.0,0.0,0.0,1.0,0.0,0.0
4.78,128.8,172.7,10.6,6.2,44.4,481.9,6.0,3,0.0,0.0,1.0,1.0,0.0,0.0
5.77,129.3,468.9,4.6,14.8,81.2,235.0,36.6,2,1.0,0.0,0.0,1.0,0.0,0.0
4.51,151.4,148.5,8.6,13.0,32.2,660.4,3.2,2,1.0,0.0,0.0,1.0,0.0,0.0
8.02,246.3,169.4,9.4,12.2,21.8,468.8,1.9,3,0.0,1.0,0.0,1.0,0.0,0.0
7.49,50.0,137.9,0.0,12.9,21.5,218.1,5.4,2,0.0,1.0,0.0,0.0,1.0,0.0
3.06,161.3,315.0,8.7,5.9,33.2,800.0,2.4,3,1.0,0.0,0.0,1.0,0.0,0.0
2.27,103.1,621.9,1.5,18.7,61.5,2.0,44.4,2,0.0,0.0,1.0,1.0,0.0,0.0
8.78,202.8,355.0,8.7,9.3,45.9,822.2,3.5,2,0.0,1.0,0.0,0.0,1.0,0.0
4.12,125.7,356.2,23.5,16.4,29.0,1129.2,6.4,1,1.0,0.0,0.0,1.0,0.0,0.0
4.86,170.2,480.8,21.9,22.2,42.5,1413.8,13.8,3,1.0,0.0,0.0,1.0,0.0,0.0
4.31,181.6,661.1,26.9,21.5,47.2,888.1,7.7,2,1.0,0.0,0.0,1.0,0.0,0.0
15.07,260.4,436.7,19.2,12.5,41.1,411.9,9.4,1,0.0,1.0,0.0,0.0,1.0,0.0
8.39,117.7,326.8,2.7,17.1,56.1,392.7,36.7,1,0.0,1.0,0.0,0.0,1.0,0.0
7.52,193.0,466.7,13.8,4.6,28.6,439.8,8.5,3,0.0,1.0,0.0,1.0,0.0,0.0
7.24,238.0,463.1,36.4,25.4,62.3,1547.8,6.4,3,1.0,0.0,0.0,1.0,0.0,0.0
3.13,239.9,523.3,25.7,27.7,55.9,803.3,11.0,2,0.0,1.0,0.0,1.0,0.0,0.0
7.09,144.7,538.3,22.8,23.6,50.8,770.3,10.7,2,1.0,0.0,0.0,1.0,0.0,0.0
2.64,147.5,482.0,3.7,4.6,45.0,366.4,4.2,3,0.0,1.0,0.0,1.0,0.0,0.0
54.67,157.0,165.3,7.5,17.8,40.4,643.3,4.1,3,0.0,1.0,0.0,0.0,0.0,1.0
2.65,150.2,340.1,5.9,23.1,73.0,247.5,45.2,3,0.0,1.0,0.0,1.0,0.0,0.0
14.07,148.0,379.3,0.1,14.4,40.9,423.3,3.4,3,0.0,1.0,0.0,0.0,1.0,0.0
3.42,76.3,356.7,0.0,24.3,40.1,669.8,1.5,3,0.0,1.0,0.0,1.0,0.0,0.0
9.53,60.4,254.7,0.0,5.5,42.4,363.9,3.8,2,0.0,1.0,0.0,0.0,1.0,0.0
15.38,92.5,308.4,2.8,11.5,44.8,239.9,0.7,3,0.0,1.0,0.0,0.0,1.0,0.0
14.24,255.7,665.2,25.6,40.3,63.8,869.9,9.3,3,1.0,0.0,0.0,0.0,1.0,0.0
3.29,329.1,401.3,11.4,13.1,19.5,428.8,16.7,2,0.0,1.0,0.0,1.0,0.0,0.0
15.7,203.1,651.2,28.2,18.5,40.1,1056.0,10.8,2,1.0,0.0,0.0,0.0,1.0,0.0
10.48,258.2,85.5,3.0,0.5,60.4,56.7,36.6,3,0.0,1.0,0.0,0.0,1.0,0.0
5.32,136.1,292.9,10.5,7.4,33.9,928.4,3.6,3,1.0,0.0,0.0,1.0,0.0,0.0
51.86,188.8,430.4,15.5,13.2,43.8,815.4,2.6,3,1.0,0.0,0.0,0.0,0.0,1.0
5.0,199.9,580.3,20.3,27.8,61.1,1155.0,10.4,1,1.0,0.0,0.0,1.0,0.0,0.0
4.06,156.3,565.0,16.4,44.4,35.1,754.2,10.6,3,1.0,0.0,0.0,1.0,0.0,0.0
12.87,386.7,492.0,17.2,10.2,64.1,911.1,6.1,1,0.0,1.0,0.0,0.0,1.0,0.0
4.23,154.6,359.6,5.0,10.3,21.8,363.7,1.4,2,0.0,1.0,0.0,1.0,0.0,0.0
7.3,190.8,102.5,4.2,7.1,13.6,673.3,4.8,3,0.0,1.0,0.0,1.0,0.0,0.0
9.22,415.0,692.3,18.4,13.3,91.5,519.9,3.0,2,0.0,1.0,0.0,1.0,0.0,0.0
7.69,390.0,123.7,0.3,1.4,9.3,64.6,4.2,2,0.0,1.0,0.0,0.0,1.0,0.0
40.1,80.5,395.7,1.1,6.8,49.2,205.0,46.74,3,0.0,1.0,0.0,0.0,0.0,1.0
2.24,460.0,48.9,3.1,4.1,37.0,0.0,17.8,2,0.0,1.0,0.0,1.0,0.0,0.0
12.45,202.8,204.1,8.4,8.1,17.0,395.6,10.5,2,1.0,0.0,0.0,0.0,1.0,0.0
8.84,536.1,242.3,1.0,3.5,29.4,37.0,24.4,2,0.0,1.0,0.0,0.0,1.0,0.0
9.01,246.5,596.8,29.2,26.5,57.2,774.1,7.6,2,1.0,0.0,0.0,1.0,0.0,0.0
6.47,359.2,456.9,17.6,11.0,50.2,236.3,3.8,2,0.0,0.0,1.0,1.0,0.0,0.0
7.91,197.6,289.6,14.6,15.3,33.7,382.7,6.1,1,1.0,0.0,0.0,1.0,0.0,0.0
4.46,110.3,344.5,8.1,22.3,51.9,351.0,45.6,2,0.0,1.0,0.0,1.0,0.0,0.0
58.93,152.8,335.4,13.3,12.7,38.3,514.7,8.8,3,1.0,0.0,0.0,0.0,0.0,1.0
19.27,268.8,524.0,27.2,27.5,56.3,1361.7,11.1,3,1.0,0.0,0.0,0.0,1.0,0.0
21.53,205.4,425.9,25.3,28.5,53.2,717.1,5.5,3,0.0,1.0,0.0,0.0,1.0,0.0
19.62,225.6,511.6,21.5,12.1,61.6,664.1,5.8,3,1.0,0.0,0.0,0.0,1.0,0.0
6.05,135.9,89.6,2.6,12.6,38.1,615.0,3.8,2,0.0,1.0,0.0,1.0,0.0,0.0
30.41,188.9,308.3,11.9,15.9,20.2,633.7,6.2,3,1.0,0.0,0.0,0.0,0.0,1.0
2.38,152.2,449.1,0.0,16.2,54.8,386.3,0.8,3,1.0,0.0,0.0,1.0,0.0,0.0
14.05,301.7,528.0,20.1,16.2,82.6,522.3,6.5,2,0.0,1.0,0.0,0.0,1.0,0.0
5.25,403.6,310.9,0.6,4.2,53.8,0.0,43.1,2,0.0,1.0,0.0,0.0,1.0,0.0
45.32,252.9,586.7,23.7,23.3,45.6,1057.7,10.9,2,0.0,0.0,1.0,0.0,0.0,1.0
1.97,503.2,89.0,1.5,0.7,44.3,26.3,15.5,2,0.0,0.0,1.0,1.0,0.0,0.0
2.9,251.3,350.1,17.0,6.8,49.9,812.1,11.6,2,0.0,0.0,1.0,1.0,0.0,0.0
3.0,185.4,477.9,15.9,10.4,25.8,876.2,9.6,2,1.0,0.0,0.0,1.0,0.0,0.0
8.51,250.5,446.4,26.8,8.0,87.6,1107.3,9.9,3,0.0,1.0,0.0,1.0,0.0,0.0
9.75,209.1,219.6,13.0,15.6,44.1,708.6,10.1,3,1.0,0.0,0.0,1.0,0.0,0.0
18.91,161.8,366.2,16.0,12.6,21.7,718.5,2.0,1,1.0,0.0,0.0,0.0,1.0,0.0
14.47,106.4,262.6,1.6,13.8,30.7,702.4,0.4,2,0.0,1.0,0.0,0.0,1.0,0.0
3.85,292.0,5.0,2.7,0.5,86.6,8.7,64.4,3,0.0,1.0,0.0,1.0,0.0,0.0
2.45,137.7,457.9,6.3,24.3,85.2,129.2,49.0,2,0.0,1.0,0.0,1.0,0.0,0.0
16.75,206.5,702.2,14.6,12.7,48.2,874.5,5.7,2,0.0,1.0,0.0,0.0,1.0,0.0
3.4,579.9,240.5,0.4,0.0,48.2,69.7,33.5,3,0.0,1.0,0.0,1.0,0.0,0.0
8.87,186.0,592.3,37.6,21.2,40.3,835.0,4.7,3,1.0,0.0,0.0,1.0,0.0,0.0
18.0,181.4,374.4,9.1,6.3,30.5,788.7,9.4,3,0.0,1.0,0.0,0.0,1.0,0.0
11.08,111.0,91.9,6.6,10.3,53.7,222.0,4.0,2,0.0,1.0,0.0,0.0,1.0,0.0
10.62,177.4,401.1,19.2,9.7,12.2,710.5,1.4,2,1.0,0.0,0.0,0.0,1.0,0.0
5.38,339.3,529.6,23.1,24.5,36.9,706.5,9.0,3,0.0,1.0,0.0,1.0,0.0,0.0
10.42,429.5,506.3,10.4,12.1,86.4,710.9,7.3,2,0.0,0.0,1.0,1.0,0.0,0.0
9.81,120.2,323.0,5.8,8.0,31.7,502.0,0.0,3,1.0,0.0,0.0,0.0,1.0,0.0
4.67,128.7,217.0,7.6,2.6,70.7,92.1,39.1,2,0.0,1.0,0.0,1.0,0.0,0.0
10.96,264.8,579.3,12.5,34.2,63.5,586.8,14.4,2,1.0,0.0,0.0,0.0,1.0,0.0
6.26,142.6,283.0,12.1,10.7,51.9,965.1,7.8,3,1.0,0.0,0.0,1.0,0.0,0.0
1.85,383.5,130.9,6.6,0.0,15.8,13.2,15.01,2,0.0,1.0,0.0,1.0,0.0,0.0
6.1,229.5,392.3,22.7,33.1,57.5,879.0,11.4,2,0.0,1.0,0.0,1.0,0.0,0.0
6.41,474.2,341.3,3.1,0.0,29.1,59.1,27.645,3,0.0,1.0,0.0,0.0,1.0,0.0
3.23,198.4,724.3,23.6,23.2,25.8,694.5,8.6,1,1.0,0.0,0.0,1.0,0.0,0.0
19.16,176.0,483.6,8.4,22.6,57.4,645.5,3.9,2,0.0,1.0,0.0,0.0,1.0,0.0
32.07,205.7,231.1,18.5,19.8,16.4,475.1,9.1,2,0.0,1.0,0.0,0.0,0.0,1.0
42.04,244.7,520.8,36.5,32.5,44.2,1004.7,7.2,2,1.0,0.0,0.0,0.0,0.0,1.0
5.98,120.7,300.8,13.3,6.3,45.5,716.5,8.6,2,0.0,0.0,1.0,1.0,0.0,0.0
11.24,155.6,492.2,4.8,20.3,20.7,388.3,0.0,3,1.0,0.0,0.0,0.0,0.0,1.0
19.67,256.4,519.5,20.0,12.0,59.4,739.2,7.0,1,1.0,0.0,0.0,0.0,1.0,0.0
4.4,168.9,533.7,20.3,19.5,55.2,782.7,10.4,2,0.0,1.0,0.0,1.0,0.0,0.0
2.25,470.6,150.0,0.3,0.7,49.3,68.0,43.6,2,0.0,1.0,0.0,1.0,0.0,0.0
13.78,171.6,262.8,9.4,15.3,47.7,458.7,4.8,3,0.0,1.0,0.0,0.0,1.0,0.0
4.59,161.5,328.2,15.3,10.2,42.8,791.3,6.7,1,0.0,0.0,1.0,1.0,0.0,0.0
9.99,458.7,202.1,0.0,5.0,29.1,52.0,27.645,3,0.0,1.0,0.0,0.0,1.0,0.0
47.08,301.8,662.5,14.9,21.2,47.8,949.8,9.0,2,0.0,1.0,0.0,0.0,0.0,1.0
5.11,171.4,305.8,11.7,8.5,10.5,573.1,6.4,2,1.0,0.0,0.0,1.0,0.0,0.0
4.29,315.5,191.1,20.1,5.2,26.8,265.9,9.6,2,0.0,0.0,1.0,1.0,0.0,0.0
3.07,261.2,491.4,9.2,21.0,20.5,197.3,19.475,2,1.0,0.0,0.0,1.0,0.0,0.0
14.83,231.2,669.3,24.0,24.8,64.0,1213.3,6.3,2,1.0,0.0,0.0,0.0,1.0,0.0
7.15,167.7,396.8,18.4,24.8,48.6,848.8,7.3,3,0.0,1.0,0.0,1.0,0.0,0.0
8.21,230.9,442.3,36.1,22.9,36.2,873.1,7.8,2,1.0,0.0,0.0,1.0,0.0,0.0
2.97,190.1,185.3,20.2,16.5,19.7,415.2,11.2,1,1.0,0.0,0.0,1.0,0.0,0.0
7.18,191.8,196.5,9.3,1.9,41.2,414.0,3.6,2,0.0,1.0,0.0,0.0,1.0,0.0
5.03,157.0,380.1,13.0,12.4,55.5,647.8,4.8,2,0.0,0.0,1.0,1.0,0.0,0.0
8.72,272.1,437.7,23.1,13.3,48.5,893.3,9.8,2,0.0,0.0,1.0,1.0,0.0,0.0
10.45,186.3,524.3,26.0,34.3,41.2,1194.1,4.4,2,1.0,0.0,0.0,0.0,1.0,0.0
7.45,243.5,524.3,11.2,14.1,39.1,816.7,3.7,2,1.0,0.0,0.0,1.0,0.0,0.0
46.3,348.1,349.8,16.2,6.4,16.1,358.6,12.5,3,0.0,1.0,0.0,0.0,0.0,1.0
4.49,130.9,471.7,13.4,19.6,19.9,612.4,2.5,2,1.0,0.0,0.0,1.0,0.0,0.0
17.96,395.3,761.1,15.3,15.5,70.2,655.3,2.2,2,1.0,0.0,0.0,0.0,1.0,0.0
2.91,538.6,138.3,1.4,2.5,41.4,0.9,39.33,3,0.0,0.0,1.0,1.0,0.0,0.0
1.81,370.8,232.7,1.7,1.0,52.6,31.2,5.7,3,0.0,1.0,0.0,1.0,0.0,0.0
8.51,65.8,441.6,4.9,21.9,78.7,271.3,53.7,1,0.0,1.0,0.0,0.0,1.0,0.0
6.36,204.4,301.7,6.8,13.2,45.2,627.3,7.0,2,1.0,0.0,0.0,1.0,0.0,0.0
18.13,364.7,120.7,0.2,0.0,50.0,72.8,24.8,2,0.0,1.0,0.0,0.0,0.0,1.0
17.78,160.8,203.0,15.6,7.6,43.0,512.7,6.7,2,0.0,1.0,0.0,0.0,1.0,0.0
5.52,413.1,316.8,24.4,13.9,40.2,664.6,5.9,3,0.0,1.0,0.0,1.0,0.0,0.0
4.95,493.0,64.7,2.9,1.3,34.0,35.0,32.3,2,0.0,1.0,0.0,1.0,0.0,0.0
29.3,95.5,232.3,0.0,11.4,68.6,273.4,29.9,1,0.0,0.0,1.0,0.0,0.0,1.0
1.69,288.8,111.7,2.7,1.3,79.9,111.8,32.3,3,0.0,1.0,0.0,1.0,0.0,0.0
3.14,456.7,149.8,0.9,0.0,22.8,47.4,21.66,2,0.0,1.0,0.0,1.0,0.0,0.0
8.82,214.1,515.5,26.4,44.7,60.2,1029.3,7.8,2,0.0,1.0,0.0,1.0,0.0,0.0
17.44,143.3,314.8,12.2,14.8,44.7,883.5,4.2,3,1.0,0.0,0.0,0.0,1.0,0.0
6.81,176.0,431.2,24.7,22.3,33.6,585.2,7.6,3,0.0,0.0,1.0,1.0,0.0,0.0
7.59,397.7,306.9,21.3,10.5,60.6,504.1,11.0,2,1.0,0.0,0.0,1.0,0.0,0.0
5.63,151.2,198.2,10.5,16.5,27.1,622.0,5.2,3,0.0,1.0,0.0,1.0,0.0,0.0
33.61,117.5,566.3,2.6,21.5,56.8,356.7,39.7,1,1.0,0.0,0.0,0.0,0.0,1.0
8.69,148.6,213.3,9.4,9.4,33.4,621.3,5.2,2,1.0,0.0,0.0,0.0,1.0,0.0
13.44,172.7,705.9,26.8,30.1,42.7,1008.6,5.6,2,0.0,1.0,0.0,0.0,1.0,0.0
5.36,376.5,300.0,0.0,1.6,56.4,72.5,30.8,3,0.0,0.0,1.0,0.0,1.0,0.0
2.92,425.9,269.2,0.0,1.5,62.8,39.8,16.1,3,0.0,0.0,1.0,1.0,0.0,0.0
18.81,283.9,668.7,29.4,22.6,33.7,712.9,8.4,3,1.0,0.0,0.0,0.0,1.0,0.0
7.12,179.2,313.5,9.5,8.0,48.3,733.1,7.6,2,1.0,0.0,0.0,1.0,0.0,0.0
5.21,182.8,324.1,9.9,4.9,38.7,750.0,3.3,2,0.0,1.0,0.0,1.0,0.0,0.0
5.6,184.5,350.8,4.9,18.2,40.9,499.9,2.5,3,0.0,1.0,0.0,1.0,0.0,0.0
22.07,234.0,335.0,16.6,14.6,51.6,1172.4,8.0,2,0.0,0.0,1.0,0.0,0.0,1.0
17.84,222.4,547.2,29.8,28.3,44.6,714.6,5.1,2,0.0,1.0,0.0,0.0,1.0,0.0
8.14,324.5,557.3,34.5,8.9,44.8,627.9,6.4,1,1.0,0.0,0.0,1.0,0.0,0.0
12.4,166.3,390.1,19.7,19.9,56.2,657.4,7.4,3,1.0,0.0,0.0,0.0,1.0,0.0
22.91,138.8,812.0,22.6,26.1,66.1,1044.2,8.6,1,0.0,1.0,0.0,0.0,0.0,1.0
19.0,214.8,256.8,0.0,0.0,45.0,40.4,25.0,3,0.0,1.0,0.0,0.0,0.0,1.0
13.26,105.0,582.3,1.4,6.5,84.7,278.5,35.6,2,1.0,0.0,0.0,0.0,1.0,0.0
3.99,247.2,289.7,9.8,13.7,31.8,634.0,4.0,3,0.0,1.0,0.0,1.0,0.0,0.0
6.37,363.8,240.6,10.1,3.9,23.3,642.2,5.3,2,0.0,1.0,0.0,1.0,0.0,0.0
7.93,270.9,499.4,23.7,37.3,45.5,918.5,7.7,2,0.0,1.0,0.0,1.0,0.0,0.0
2.62,203.9,536.7,26.4,37.4,72.1,773.6,13.0,1,0.0,1.0,0.0,1.0,0.0,0.0
4.41,361.8,197.9,0.0,0.0,54.5,49.1,16.9,2,0.0,1.0,0.0,1.0,0.0,0.0
7.9,210.4,390.7,13.8,11.8,38.2,608.8,7.0,2,1.0,0.0,0.0,1.0,0.0,0.0
21.31,345.2,785.6,26.1,15.2,72.0,614.9,4.6,3,1.0,0.0,0.0,0.0,0.0,1.0
4.47,467.3,184.4,2.1,0.0,62.8,0.0,33.3,2,0.0,1.0,0.0,1.0,0.0,0.0
6.14,358.7,226.6,10.1,12.5,2.5,464.8,2.375,1,0.0,1.0,0.0,1.0,0.0,0.0
7.63,213.5,512.6,26.4,19.1,50.0,604.9,11.3,2,0.0,1.0,0.0,1.0,0.0,0.0
5.61,429.5,232.2,1.4,0.0,71.4,5.4,67.83,2,0.0,1.0,0.0,0.0,1.0,0.0
2.82,92.2,209.8,9.6,16.0,46.4,831.1,7.3,2,0.0,1.0,0.0,1.0,0.0,0.0
8.21,83.9,381.6,6.3,15.8,33.9,492.0,2.4,3,0.0,1.0,0.0,0.0,1.0,0.0
5.4,394.4,100.9,5.3,0.0,57.1,106.8,54.245,3,0.0,0.0,1.0,1.0,0.0,0.0
7.63,301.2,456.3,7.1,19.4,22.0,1000.5,7.3,2,0.0,1.0,0.0,1.0,0.0,0.0
15.83,202.1,807.3,17.8,37.8,58.8,1050.9,9.8,2,1.0,0.0,0.0,0.0,1.0,0.0
5.96,199.4,414.0,15.1,3.3,30.1,153.7,9.7,2,0.0,1.0,0.0,1.0,0.0,0.0
4.05,121.4,436.5,4.1,17.1,49.7,145.3,42.3,1,0.0,1.0,0.0,1.0,0.0,0.0
7.64,174.1,142.5,16.6,17.1,40.2,567.9,6.1,1,1.0,0.0,0.0,1.0,0.0,0.0
4.47,195.1,243.5,4.3,9.4,38.0,639.1,7.9,2,0.0,1.0,0.0,1.0,0.0,0.0
7.03,192.4,124.2,8.1,10.5,37.8,448.5,5.9,2,0.0,1.0,0.0,1.0,0.0,0.0
12.86,117.2,355.6,9.2,27.4,20.8,238.3,2.8,1,1.0,0.0,0.0,0.0,1.0,0.0
7.68,183.0,382.2,10.9,22.1,66.5,218.7,54.2,3,1.0,0.0,0.0,0.0,1.0,0.0
4.51,164.5,514.7,6.1,15.1,58.6,113.0,52.4,2,1.0,0.0,0.0,1.0,0.0,0.0
7.84,114.5,403.0,1.9,19.8,44.3,293.3,1.7,2,0.0,0.0,1.0,0.0,1.0,0.0
7.89,152.2,349.9,10.3,10.4,34.9,672.5,6.9,2,0.0,1.0,0.0,1.0,0.0,0.0
7.19,340.3,374.2,15.6,11.5,31.4,627.9,4.8,3,0.0,1.0,0.0,1.0,0.0,0.0
9.12,171.3,271.0,7.7,0.2,28.7,727.6,5.8,2,0.0,1.0,0.0,1.0,0.0,0.0
10.92,150.1,407.0,11.7,10.8,29.1,661.0,5.4,2,1.0,0.0,0.0,0.0,1.0,0.0
5.5,165.6,225.5,4.5,24.8,22.8,361.3,3.7,3,0.0,1.0,0.0,1.0,0.0,0.0
11.89,221.2,565.8,24.2,16.6,46.9,1028.5,7.6,2,1.0,0.0,0.0,0.0,1.0,0.0
5.34,506.2,366.8,4.7,0.0,49.6,33.9,47.12,3,0.0,1.0,0.0,0.0,1.0,0.0
5.44,186.3,253.5,5.9,10.3,41.0,355.1,3.5,3,0.0,0.0,1.0,1.0,0.0,0.0
5.73,280.2,533.6,35.3,32.5,54.5,933.8,9.0,2,1.0,0.0,0.0,1.0,0.0,0.0
5.25,271.0,229.8,2.9,4.0,42.6,51.8,40.47,2,0.0,1.0,0.0,1.0,0.0,0.0
9.27,117.5,197.4,16.9,10.4,31.7,1099.0,4.5,3,1.0,0.0,0.0,1.0,0.0,0.0
4.93,408.5,305.2,1.0,8.4,47.9,83.2,8.0,3,0.0,1.0,0.0,1.0,0.0,0.0
4.26,231.7,464.2,21.5,27.2,73.0,959.5,8.8,2,0.0,1.0,0.0,1.0,0.0,0.0
47.78,253.0,593.8,17.8,18.7,32.7,874.6,4.0,3,1.0,0.0,0.0,0.0,0.0,1.0
21.4,170.9,441.4,6.3,9.2,40.8,632.1,4.6,3,0.0,1.0,0.0,0.0,1.0,0.0
12.08,522.6,271.1,0.0,2.9,72.7,96.5,49.1,3,0.0,1.0,0.0,0.0,1.0,0.0
11.33,473.2,5.0,0.0,0.0,51.8,14.1,16.1,3,0.0,1.0,0.0,0.0,1.0,0.0
3.33,198.0,294.9,27.5,25.1,57.8,781.1,8.5,3,1.0,0.0,0.0,1.0,0.0,0.0
21.38,188.3,779.0,22.9,26.1,45.3,640.3,8.9,2,0.0,1.0,0.0,0.0,1.0,0.0
12.97,207.6,304.2,14.0,12.2,45.6,553.5,7.1,1,0.0,1.0,0.0,0.0,1.0,0.0
9.87,389.5,801.3,28.5,13.3,77.1,365.7,3.2,3,0.0,1.0,0.0,1.0,0.0,0.0
11.66,289.7,119.6,11.7,16.3,21.0,594.3,11.0,2,0.0,1.0,0.0,0.0,1.0,0.0
10.58,319.1,141.7,2.0,3.5,46.8,65.5,10.4,2,0.0,1.0,0.0,0.0,1.0,0.0
5.63,244.8,403.2,13.4,12.0,61.9,981.3,7.3,3,0.0,1.0,0.0,1.0,0.0,0.0
2.08,230.8,177.5,0.0,0.2,6.7,115.0,6.365,2,0.0,1.0,0.0,1.0,0.0,0.0
2.98,298.2,391.0,19.7,15.9,37.9,703.4,13.6,2,1.0,0.0,0.0,1.0,0.0,0.0
2.98,256.2,231.6,12.4,20.4,12.8,714.5,4.9,1,0.0,1.0,0.0,1.0,0.0,0.0
22.35,112.5,425.3,6.6,14.0,56.9,548.9,4.7,2,0.0,1.0,0.0,0.0,0.0,1.0
15.13,118.0,251.1,6.2,1.2,44.1,584.4,3.2,2,1.0,0.0,0.0,0.0,1.0,0.0
1.92,111.7,394.4,7.4,19.9,38.0,284.7,5.3,3,1.0,0.0,0.0,1.0,0.0,0.0
4.69,501.4,212.1,0.9,3.3,37.5,73.0,35.625,2,0.0,1.0,0.0,1.0,0.0,0.0
11.65,457.2,154.4,2.5,5.1,63.7,64.6,42.7,3,0.0,1.0,0.0,0.0,1.0,0.0
17.12,282.2,545.5,22.9,28.6,47.6,1110.8,5.7,3,1.0,0.0,0.0,0.0,1.0,0.0
12.07,135.3,387.6,8.1,15.7,59.3,284.7,5.4,2,0.0,1.0,0.0,0.0,1.0,0.0
6.96,276.3,240.9,9.7,14.3,6.3,506.5,5.984999999999999,1,0.0,1.0,0.0,1.0,0.0,0.0
5.66,142.6,332.8,15.3,5.8,38.9,368.0,5.8,3,0.0,1.0,0.0,1.0,0.0,0.0
9.19,507.4,37.4,2.2,2.8,28.5,56.7,9.4,2,0.0,1.0,0.0,0.0,1.0,0.0
4.63,128.1,257.2,5.5,7.4,89.0,126.7,55.3,3,0.0,0.0,1.0,1.0,0.0,0.0
14.18,186.9,388.2,13.0,10.6,33.0,524.3,4.1,3,1.0,0.0,0.0,0.0,1.0,0.0
6.0,174.5,300.7,33.4,26.0,49.1,290.6,6.0,1,1.0,0.0,0.0,1.0,0.0,0.0
8.84,571.2,7.6,3.7,0.0,12.4,52.0,11.78,2,0.0,1.0,0.0,0.0,1.0,0.0
3.74,427.7,353.6,2.6,1.1,36.4,84.0,15.8,3,0.0,1.0,0.0,1.0,0.0,0.0
3.94,154.7,521.7,6.0,13.4,74.6,132.6,54.4,1,0.0,1.0,0.0,1.0,0.0,0.0
7.17,220.2,427.1,19.2,29.0,63.8,674.2,10.7,3,0.0,1.0,0.0,1.0,0.0,0.0
11.52,201.1,205.4,20.5,21.1,12.2,505.8,6.9,2,1.0,0.0,0.0,0.0,1.0,0.0
9.73,342.9,148.7,1.1,1.6,59.6,30.3,52.2,3,0.0,0.0,1.0,0.0,1.0,0.0
3.9,187.8,183.8,18.1,9.4,30.4,740.3,4.3,3,1.0,0.0,0.0,1.0,0.0,0.0
3.55,214.4,537.4,19.0,18.3,73.1,1138.6,7.4,2,0.0,1.0,0.0,1.0,0.0,0.0
32.01,400.9,28.9,0.0,8.4,76.7,27.1,60.2,3,0.0,1.0,0.0,0.0,0.0,1.0
10.02,264.2,258.6,16.5,15.4,59.8,1057.6,8.1,2,0.0,0.0,1.0,0.0,1.0,0.0
5.18,155.0,315.8,14.7,8.1,35.5,636.9,5.5,3,1.0,0.0,0.0,1.0,0.0,0.0
5.35,337.7,199.4,0.0,0.0,16.2,17.6,15.39,1,0.0,1.0,0.0,1.0,0.0,0.0
6.1,165.0,249.7,7.9,18.8,67.2,193.7,34.2,3,0.0,1.0,0.0,1.0,0.0,0.0
2.52,256.5,661.9,27.6,10.5,34.7,983.2,9.2,2,1.0,0.0,0.0,1.0,0.0,0.0
7.18,184.6,334.7,30.2,30.3,61.5,1012.7,8.9,3,0.0,1.0,0.0,1.0,0.0,0.0
7.01,305.8,513.6,35.3,26.3,50.0,690.5,7.9,2,1.0,0.0,0.0,1.0,0.0,0.0
5.37,414.6,48.1,0.0,3.4,67.2,60.4,46.6,2,0.0,1.0,0.0,0.0,1.0,0.0
13.58,340.3,215.0,17.2,16.6,24.2,722.2,11.2,3,1.0,0.0,0.0,0.0,1.0,0.0
4.23,157.3,369.1,18.9,6.8,35.1,824.9,4.3,3,1.0,0.0,0.0,1.0,0.0,0.0
2.57,352.9,171.9,23.4,11.4,17.9,606.5,6.4,2,1.0,0.0,0.0,1.0,0.0,0.0
18.33,202.2,216.4,10.0,10.3,52.5,809.6,7.1,2,0.0,0.0,1.0,0.0,1.0,0.0
2.77,335.4,85.3,0.9,5.3,76.5,110.6,25.0,2,0.0,1.0,0.0,1.0,0.0,0.0
10.63,123.2,205.6,7.4,10.2,55.2,552.9,1.3,2,0.0,0.0,1.0,0.0,1.0,0.0
9.39,191.1,352.9,18.3,13.7,50.4,653.3,8.0,3,0.0,1.0,0.0,0.0,1.0,0.0
30.14,314.9,347.0,5.5,15.4,23.8,482.2,12.8,2,1.0,0.0,0.0,0.0,0.0,1.0
6.63,172.1,370.1,1.0,14.4,27.4,624.5,0.1,2,1.0,0.0,0.0,1.0,0.0,0.0
3.72,420.6,5.0,1.7,0.0,78.0,7.4,74.1,2,0.0,1.0,0.0,1.0,0.0,0.0
4.46,177.8,271.1,0.0,17.7,46.4,772.4,3.5,1,0.0,1.0,0.0,1.0,0.0,0.0
23.57,170.4,360.6,17.1,13.0,34.8,735.6,1.4,2,1.0,0.0,0.0,0.0,0.0,1.0
11.67,131.1,325.5,2.4,11.2,23.6,617.7,6.8,3,0.0,1.0,0.0,0.0,1.0,0.0
4.08,141.0,137.2,7.7,6.5,37.1,666.5,4.9,3,0.0,0.0,1.0,1.0,0.0,0.0
10.54,167.8,398.2,1.7,18.2,50.8,488.2,3.1,3,0.0,1.0,0.0,0.0,1.0,0.0
8.12,276.9,588.2,19.3,26.7,52.2,1254.1,13.6,2,1.0,0.0,0.0,1.0,0.0,0.0
7.0,166.4,376.6,27.4,24.2,49.6,801.7,9.4,2,1.0,0.0,0.0,1.0,0.0,0.0
47.17,235.8,646.5,21.6,24.5,32.1,318.8,7.9,2,1.0,0.0,0.0,0.0,0.0,1.0
6.05,199.3,386.4,11.3,17.9,31.0,856.4,3.1,2,1.0,0.0,0.0,1.0,0.0,0.0
5.65,426.1,311.6,2.6,0.0,11.4,73.9,10.83,2,0.0,1.0,0.0,0.0,1.0,0.0
4.17,229.1,237.9,1.2,12.4,51.2,286.6,4.3,3,0.0,1.0,0.0,1.0,0.0,0.0
17.91,269.2,460.6,33.8,37.1,56.8,538.8,7.6,2,0.0,1.0,0.0,0.0,1.0,0.0
4.73,98.7,187.5,0.5,10.3,31.7,450.1,3.3,3,0.0,1.0,0.0,1.0,0.0,0.0
9.91,241.4,541.5,32.2,19.4,63.9,740.8,10.6,3,1.0,0.0,0.0,0.0,1.0,0.0
6.84,163.8,423.0,14.7,2.1,51.7,623.5,8.7,2,0.0,0.0,1.0,1.0,0.0,0.0
10.82,178.2,727.6,41.7,33.2,59.8,790.6,7.5,2,1.0,0.0,0.0,0.0,1.0,0.0
3.51,158.7,383.4,12.4,11.6,50.7,498.3,5.7,3,1.0,0.0,0.0,1.0,0.0,0.0
30.33,330.5,423.2,29.9,16.4,64.7,805.4,10.5,2,0.0,0.0,1.0,0.0,0.0,1.0
14.88,50.0,500.7,0.0,15.4,24.7,267.3,2.6,3,0.0,1.0,0.0,0.0,1.0,0.0
3.95,94.6,278.9,6.8,19.9,70.8,275.0,23.9,3,0.0,1.0,0.0,1.0,0.0,0.0
2.4,580.4,121.8,0.0,5.0,54.3,9.2,51.585,3,0.0,0.0,1.0,1.0,0.0,0.0
8.38,272.8,276.8,11.5,27.3,21.2,600.7,5.5,3,1.0,0.0,0.0,1.0,0.0,0.0
14.64,192.9,17.3,17.2,15.7,41.0,276.8,5.4,2,0.0,1.0,0.0,0.0,1.0,0.0
12.72,110.3,186.6,6.2,5.8,32.6,231.8,0.0,2,0.0,0.0,1.0,0.0,1.0,0.0
23.28,350.2,571.4,17.0,10.6,66.7,293.0,11.3,3,1.0,0.0,0.0,0.0,1.0,0.0
4.56,291.6,228.4,11.7,14.9,39.9,282.3,6.6,3,0.0,1.0,0.0,1.0,0.0,0.0
4.82,445.9,384.0,0.5,0.0,83.4,64.8,79.23,2,0.0,1.0,0.0,1.0,0.0,0.0
8.01,150.5,275.7,8.3,9.7,38.6,754.3,7.1,2,0.0,1.0,0.0,1.0,0.0,0.0
12.89,425.9,318.4,5.5,3.1,42.7,20.7,35.0,1,0.0,0.0,1.0,0.0,1.0,0.0
5.24,241.4,368.4,28.6,40.9,51.8,957.2,8.0,2,1.0,0.0,0.0,1.0,0.0,0.0
5.02,303.9,364.7,22.5,9.9,30.7,701.4,14.1,3,1.0,0.0,0.0,1.0,0.0,0.0
3.6,137.1,245.0,22.8,29.9,61.2,1112.0,9.5,2,1.0,0.0,0.0,1.0,0.0,0.0
2.23,105.4,155.7,0.6,11.7,54.7,290.9,4.8,3,0.0,1.0,0.0,1.0,0.0,0.0
4.9,406.7,95.6,3.4,3.5,32.4,15.7,23.5,3,0.0,0.0,1.0,0.0,1.0,0.0
7.41,413.7,391.9,1.3,1.4,50.8,65.2,15.4,1,0.0,1.0,0.0,0.0,1.0,0.0
19.17,196.9,416.8,10.5,8.8,35.8,675.7,3.6,3,1.0,0.0,0.0,0.0,1.0,0.0
20.78,153.8,280.5,12.3,15.2,51.7,766.1,6.9,3,0.0,1.0,0.0,0.0,1.0,0.0
14.23,183.4,363.8,8.7,7.8,26.3,471.6,4.1,2,0.0,0.0,1.0,0.0,1.0,0.0
8.36,539.6,325.5,0.8,3.0,7.9,48.5,7.505,3,0.0,1.0,0.0,0.0,1.0,0.0
3.55,266.0,580.9,24.2,35.6,71.0,808.4,8.7,1,1.0,0.0,0.0,1.0,0.0,0.0
8.4,375.2,111.2,14.2,5.2,17.5,442.0,12.1,3,0.0,0.0,1.0,1.0,0.0,0.0
16.73,250.8,651.3,30.0,16.5,52.1,858.3,6.4,2,1.0,0.0,0.0,0.0,1.0,0.0
6.04,118.1,610.1,0.7,11.8,69.3,177.9,54.1,2,0.0,0.0,1.0,1.0,0.0,0.0
10.64,108.6,397.6,0.0,19.7,42.2,253.4,37.6,2,1.0,0.0,0.0,0.0,1.0,0.0
7.48,140.2,251.7,8.3,8.7,38.5,634.0,5.3,1,0.0,1.0,0.0,1.0,0.0,0.0
2.67,212.7,650.8,27.3,12.5,64.7,1079.5,9.6,2,1.0,0.0,0.0,1.0,0.0,0.0
2.91,605.6,197.8,0.4,1.3,30.6,49.0,29.07,2,0.0,0.0,1.0,1.0,0.0,0.0
21.04,170.2,246.9,0.0,21.8,80.9,410.6,40.1,3,0.0,1.0,0.0,0.0,0.0,1.0
21.68,208.7,793.1,21.6,27.1,59.5,1051.3,8.8,3,1.0,0.0,0.0,0.0,1.0,0.0
10.06,445.2,365.9,20.6,6.0,61.6,657.9,6.8,1,0.0,1.0,0.0,1.0,0.0,0.0
4.88,407.8,301.0,3.7,3.9,46.0,32.9,43.7,2,0.0,0.0,1.0,1.0,0.0,0.0
3.57,215.9,387.6,19.8,27.7,44.7,1096.9,3.4,2,1.0,0.0,0.0,1.0,0.0,0.0
6.3,205.7,354.8,21.7,20.8,55.6,291.7,7.7,2,0.0,0.0,1.0,1.0,0.0,0.0
9.38,150.1,217.3,19.5,17.7,27.6,697.8,5.1,3,1.0,0.0,0.0,1.0,0.0,0.0
16.59,253.2,503.4,21.5,23.1,63.8,648.5,9.9,2,1.0,0.0,0.0,0.0,1.0,0.0
6.02,172.4,497.2,31.5,12.4,56.4,730.1,1.3,2,1.0,0.0,0.0,1.0,0.0,0.0
15.91,183.3,320.3,20.2,8.4,29.0,692.5,4.0,3,1.0,0.0,0.0,0.0,1.0,0.0
3.03,381.0,109.2,2.8,0.0,42.1,64.4,26.2,2,0.0,0.0,1.0,1.0,0.0,0.0
4.8,521.3,378.0,0.0,0.5,5.8,0.0,5.51,3,0.0,1.0,0.0,1.0,0.0,0.0
3.31,166.5,545.2,27.5,29.3,60.5,872.7,9.3,2,1.0,0.0,0.0,1.0,0.0,0.0
9.95,166.3,310.5,21.0,12.2,37.3,1008.7,4.9,3,1.0,0.0,0.0,1.0,0.0,0.0
5.48,372.6,181.9,0.0,0.0,39.1,52.0,19.3,2,0.0,0.0,1.0,1.0,0.0,0.0
5.96,225.2,596.7,28.8,23.5,50.8,938.4,12.1,3,1.0,0.0,0.0,1.0,0.0,0.0
5.58,296.5,583.2,15.9,15.3,49.3,946.9,6.2,2,1.0,0.0,0.0,1.0,0.0,0.0
15.4,185.8,431.3,12.0,9.8,42.1,886.0,8.2,2,1.0,0.0,0.0,0.0,1.0,0.0
13.64,109.5,261.2,2.0,21.8,44.0,228.8,29.2,3,0.0,1.0,0.0,0.0,1.0,0.0
3.16,158.0,454.1,23.6,21.0,48.1,851.3,7.6,3,1.0,0.0,0.0,1.0,0.0,0.0
4.85,294.1,209.7,23.9,22.4,13.7,569.2,7.4,2,0.0,1.0,0.0,1.0,0.0,0.0
13.9,151.8,466.6,8.3,10.3,87.9,240.6,45.5,1,0.0,1.0,0.0,0.0,1.0,0.0
5.93,206.5,339.6,9.3,21.7,33.3,360.5,9.9,2,0.0,0.0,1.0,1.0,0.0,0.0
4.94,131.9,336.1,11.3,21.2,55.3,570.0,6.3,2,0.0,1.0,0.0,1.0,0.0,0.0
6.71,204.7,462.0,12.0,22.5,28.8,907.9,5.5,2,1.0,0.0,0.0,1.0,0.0,0.0
9.45,291.0,706.7,15.4,21.0,76.3,693.4,6.8,2,0.0,1.0,0.0,1.0,0.0,0.0
9.54,184.5,256.5,9.1,4.5,31.7,459.7,4.8,2,0.0,0.0,1.0,1.0,0.0,0.0
3.56,276.0,367.6,31.9,33.0,52.9,1022.3,11.9,2,0.0,0.0,1.0,1.0,0.0,0.0
5.79,372.1,366.1,24.3,11.4,67.3,703.9,1.3,2,1.0,0.0,0.0,1.0,0.0,0.0
29.56,101.5,236.8,11.7,13.8,35.6,898.1,4.4,2,0.0,0.0,1.0,0.0,0.0,1.0
7.41,263.9,517.8,29.7,18.4,42.1,1028.0,11.4,2,0.0,1.0,0.0,1.0,0.0,0.0
5.67,244.8,614.2,35.6,25.7,67.0,703.2,3.7,3,1.0,0.0,0.0,1.0,0.0,0.0
18.76,265.5,523.7,22.3,15.1,84.1,809.6,4.4,2,0.0,1.0,0.0,0.0,1.0,0.0
6.6,92.2,411.0,1.3,12.3,30.9,404.5,3.6,3,0.0,1.0,0.0,1.0,0.0,0.0
10.68,231.9,632.7,20.7,18.0,38.2,790.6,8.9,3,1.0,0.0,0.0,0.0,1.0,0.0
9.58,169.5,175.9,9.0,3.8,36.5,348.3,9.0,3,0.0,0.0,1.0,1.0,0.0,0.0
3.12,174.9,341.2,28.0,15.0,49.4,948.2,7.1,2,0.0,1.0,0.0,1.0,0.0,0.0
8.26,132.1,535.1,18.0,31.3,54.3,1191.6,7.6,3,1.0,0.0,0.0,1.0,0.0,0.0
8.27,227.9,687.2,26.8,29.2,53.1,1016.3,9.7,3,1.0,0.0,0.0,1.0,0.0,0.0
4.38,232.6,615.0,30.0,34.2,56.3,975.1,9.2,3,1.0,0.0,0.0,1.0,0.0,0.0
2.26,239.7,156.8,2.6,3.0,40.5,63.7,35.4,1,0.0,0.0,1.0,1.0,0.0,0.0
11.85,202.8,501.7,24.4,23.3,52.4,901.9,5.2,3,0.0,1.0,0.0,0.0,1.0,0.0
19.58,338.9,497.0,3.2,16.1,6.7,265.8,4.5,3,0.0,1.0,0.0,0.0,1.0,0.0
4.82,452.0,331.3,3.0,1.8,46.2,62.1,33.8,2,0.0,1.0,0.0,0.0,1.0,0.0
3.04,283.1,585.8,21.2,37.8,51.1,892.7,11.9,1,1.0,0.0,0.0,1.0,0.0,0.0
2.21,160.5,286.5,0.0,23.9,52.5,136.3,6.4,2,0.0,0.0,1.0,1.0,0.0,0.0
19.26,211.8,702.7,14.6,30.3,54.6,887.9,14.7,2,0.0,1.0,0.0,0.0,0.0,1.0
4.34,165.9,434.8,13.2,17.4,46.3,502.2,4.4,2,1.0,0.0,0.0,1.0,0.0,0.0
5.29,303.5,110.6,7.0,10.3,42.8,493.7,11.3,3,0.0,1.0,0.0,1.0,0.0,0.0
5.18,145.7,304.1,14.6,14.1,27.4,944.7,4.2,3,1.0,0.0,0.0,1.0,0.0,0.0
20.21,71.4,389.3,4.3,5.0,49.2,242.8,2.8,2,0.0,1.0,0.0,0.0,0.0,1.0
17.94,147.2,722.5,29.3,28.4,43.3,1280.0,12.7,3,0.0,1.0,0.0,0.0,1.0,0.0
11.49,144.3,482.7,3.3,15.6,51.0,263.6,28.4,3,1.0,0.0,0.0,0.0,1.0,0.0
8.59,391.8,687.8,24.1,11.5,50.6,1218.5,8.7,3,1.0,0.0,0.0,1.0,0.0,0.0
4.99,113.6,252.3,15.0,17.3,37.5,392.4,7.6,3,1.0,0.0,0.0,1.0,0.0,0.0
7.41,172.3,264.5,8.4,12.9,30.4,666.6,5.4,2,0.0,1.0,0.0,1.0,0.0,0.0
3.13,245.4,503.2,14.7,12.2,46.0,731.4,0.5,2,1.0,0.0,0.0,1.0,0.0,0.0
4.21,318.9,256.1,0.5,10.7,9.7,667.5,9.214999999999998,2,0.0,0.0,1.0,1.0,0.0,0.0
9.22,319.9,634.0,16.1,23.0,95.8,257.4,3.4,2,0.0,0.0,1.0,0.0,1.0,0.0
8.18,277.1,552.3,30.7,17.7,70.4,548.0,7.8,2,1.0,0.0,0.0,1.0,0.0,0.0
3.66,158.5,445.4,14.5,17.8,39.5,859.8,5.5,2,1.0,0.0,0.0,1.0,0.0,0.0
7.52,193.6,215.4,2.8,14.5,65.4,416.5,30.0,2,0.0,1.0,0.0,1.0,0.0,0.0
10.98,222.2,297.5,11.0,15.7,35.5,713.0,6.9,1,0.0,1.0,0.0,0.0,1.0,0.0
9.1,292.3,5.0,0.8,3.4,23.4,0.0,22.23,2,0.0,1.0,0.0,0.0,1.0,0.0
11.8,193.8,487.7,24.1,36.7,55.1,1090.5,7.2,2,1.0,0.0,0.0,0.0,1.0,0.0
3.29,358.7,5.0,1.1,1.5,79.4,35.5,64.9,3,0.0,1.0,0.0,1.0,0.0,0.0
7.45,197.9,153.4,10.1,10.8,60.5,547.3,4.1,2,0.0,0.0,1.0,1.0,0.0,0.0
5.83,105.8,496.3,3.3,23.1,59.0,184.0,49.9,2,0.0,0.0,1.0,1.0,0.0,0.0
5.18,94.0,330.4,6.4,12.9,27.1,367.7,2.3,3,0.0,1.0,0.0,1.0,0.0,0.0
6.54,135.8,244.6,20.1,12.5,41.5,516.3,4.7,2,0.0,0.0,1.0,1.0,0.0,0.0
6.91,193.3,535.2,20.3,37.9,63.4,1311.7,10.1,3,1.0,0.0,0.0,1.0,0.0,0.0
16.02,175.1,360.8,15.9,13.9,46.4,616.9,2.9,2,1.0,0.0,0.0,0.0,1.0,0.0
2.39,126.9,239.8,2.3,16.8,42.7,492.9,4.2,2,0.0,1.0,0.0,1.0,0.0,0.0
5.07,186.1,635.8,26.5,14.9,52.6,942.8,6.4,2,1.0,0.0,0.0,1.0,0.0,0.0
6.33,181.4,164.7,10.2,10.2,34.9,794.1,2.9,3,1.0,0.0,0.0,1.0,0.0,0.0
63.08,324.6,442.8,31.2,19.7,89.4,902.8,5.3,3,0.0,1.0,0.0,0.0,0.0,1.0
9.94,144.3,334.9,17.8,17.0,65.5,656.5,4.8,3,0.0,0.0,1.0,0.0,1.0,0.0
8.95,191.4,186.5,20.0,14.3,39.7,699.8,8.5,3,1.0,0.0,0.0,1.0,0.0,0.0
4.37,531.1,428.3,0.9,5.0,44.9,0.0,12.5,2,0.0,1.0,0.0,1.0,0.0,0.0
3.93,333.6,582.1,28.3,45.9,44.9,825.8,8.5,3,1.0,0.0,0.0,1.0,0.0,0.0
5.07,195.7,566.9,19.2,44.7,49.2,650.7,7.7,2,1.0,0.0,0.0,1.0,0.0,0.0
9.66,209.0,564.7,25.8,18.6,55.9,387.5,10.6,2,1.0,0.0,0.0,0.0,1.0,0.0
13.1,288.7,361.7,6.9,14.1,17.4,636.2,11.1,2,0.0,0.0,1.0,0.0,1.0,0.0
8.88,279.1,564.4,25.4,35.4,35.6,667.4,4.1,2,1.0,0.0,0.0,1.0,0.0,0.0
4.67,123.9,371.3,11.2,16.5,33.1,666.3,1.4,3,1.0,0.0,0.0,1.0,0.0,0.0
9.64,345.7,348.2,1.8,3.9,7.9,18.5,7.505,3,0.0,0.0,1.0,0.0,1.0,0.0
4.76,145.8,156.9,2.0,14.7,54.7,570.1,3.3,2,0.0,1.0,0.0,1.0,0.0,0.0
8.3,156.6,605.9,24.6,41.9,43.8,1148.6,10.6,3,1.0,0.0,0.0,1.0,0.0,0.0
7.62,127.1,341.3,19.2,13.5,22.9,722.8,5.4,2,1.0,0.0,0.0,1.0,0.0,0.0
4.09,108.2,474.4,19.5,11.6,25.2,705.8,7.6,3,1.0,0.0,0.0,1.0,0.0,0.0
19.22,203.3,615.6,24.5,20.3,41.7,608.0,7.7,2,1.0,0.0,0.0,0.0,0.0,1.0
7.08,240.1,559.9,27.1,22.9,60.3,1165.7,7.3,2,1.0,0.0,0.0,1.0,0.0,0.0
10.09,364.9,355.3,0.8,0.0,24.4,82.9,23.18,3,0.0,1.0,0.0,0.0,1.0,0.0
3.77,109.2,472.1,6.4,7.3,64.6,287.6,24.1,1,0.0,1.0,0.0,1.0,0.0,0.0
9.86,232.4,239.3,14.7,15.8,37.5,635.9,3.4,3,1.0,0.0,0.0,1.0,0.0,0.0
4.53,490.9,146.3,0.0,4.5,11.8,27.0,11.21,3,0.0,1.0,0.0,1.0,0.0,0.0
10.28,286.1,459.7,10.2,0.0,9.9,460.6,8.1,3,0.0,1.0,0.0,0.0,1.0,0.0
5.83,338.0,258.0,16.4,14.6,4.9,302.5,4.655,3,0.0,1.0,0.0,1.0,0.0,0.0
3.83,444.8,130.6,2.6,1.4,48.4,58.4,32.4,2,0.0,1.0,0.0,1.0,0.0,0.0
39.59,109.0,316.6,5.8,4.8,44.0,383.9,5.3,2,0.0,0.0,1.0,0.0,0.0,1.0
1.56,366.5,177.0,0.3,2.5,82.1,44.8,46.5,3,0.0,1.0,0.0,1.0,0.0,0.0
5.11,217.3,342.8,16.9,16.2,31.9,640.4,8.2,3,1.0,0.0,0.0,1.0,0.0,0.0
7.95,387.8,200.1,2.3,0.0,64.4,70.0,44.2,3,0.0,0.0,1.0,0.0,1.0,0.0
11.7,145.6,472.2,20.0,14.1,37.5,991.4,10.3,3,0.0,1.0,0.0,0.0,1.0,0.0
2.3,440.9,173.3,2.0,3.4,56.1,43.7,38.7,2,0.0,1.0,0.0,1.0,0.0,0.0
49.12,352.9,208.8,17.2,18.4,17.2,472.7,6.1,2,0.0,1.0,0.0,0.0,0.0,1.0
5.36,135.3,372.9,4.6,3.6,47.3,496.6,0.4,2,1.0,0.0,0.0,1.0,0.0,0.0
9.08,265.8,264.1,22.8,10.3,9.4,677.4,8.6,3,0.0,0.0,1.0,0.0,1.0,0.0
10.32,261.5,411.6,0.0,0.0,49.6,30.1,31.9,2,0.0,1.0,0.0,0.0,1.0,0.0
4.79,567.5,5.0,3.6,4.2,25.1,60.4,23.845,2,0.0,1.0,0.0,1.0,0.0,0.0
5.91,124.0,415.0,3.3,10.0,65.2,276.7,12.2,2,0.0,1.0,0.0,1.0,0.0,0.0
2.37,496.0,338.0,0.9,2.4,71.3,47.1,50.8,2,0.0,1.0,0.0,1.0,0.0,0.0
5.07,170.0,277.5,15.4,7.6,34.4,646.6,4.2,3,0.0,1.0,0.0,1.0,0.0,0.0
10.18,303.6,156.5,11.1,5.3,40.9,481.3,5.0,1,0.0,0.0,1.0,0.0,1.0,0.0
5.9,125.4,105.6,1.2,6.3,43.6,437.0,6.7,1,0.0,1.0,0.0,1.0,0.0,0.0
3.96,197.9,570.5,26.1,44.9,61.1,1326.6,9.5,2,0.0,1.0,0.0,1.0,0.0,0.0
5.69,361.7,278.5,0.0,7.3,53.0,92.2,42.8,3,0.0,1.0,0.0,1.0,0.0,0.0
4.11,525.9,5.0,0.0,0.0,33.2,73.1,31.540000000000003,2,0.0,1.0,0.0,1.0,0.0,0.0
20.42,226.5,660.1,34.1,16.8,46.0,736.1,10.6,3,1.0,0.0,0.0,0.0,1.0,0.0
19.23,125.5,577.5,13.0,26.6,44.1,477.8,41.895,2,1.0,0.0,0.0,0.0,0.0,1.0
9.48,196.6,457.3,25.8,38.5,54.2,656.9,4.6,1,1.0,0.0,0.0,0.0,1.0,0.0
3.88,144.4,320.6,14.5,8.7,28.0,531.6,6.1,2,0.0,1.0,0.0,1.0,0.0,0.0
8.26,139.4,244.0,5.4,5.8,70.7,579.7,5.1,3,0.0,1.0,0.0,0.0,1.0,0.0
5.42,382.5,252.0,0.0,6.6,61.7,96.4,58.615,3,0.0,0.0,1.0,1.0,0.0,0.0
3.44,313.0,179.7,1.0,4.9,56.8,39.3,40.1,3,0.0,1.0,0.0,1.0,0.0,0.0
52.09,244.9,574.4,28.5,17.0,59.0,969.2,8.7,2,0.0,1.0,0.0,0.0,0.0,1.0
17.62,232.0,594.1,26.9,30.1,46.8,1177.6,7.7,3,1.0,0.0,0.0,0.0,1.0,0.0
57.27,125.4,560.0,27.3,21.2,56.2,604.7,4.8,3,0.0,1.0,0.0,0.0,0.0,1.0
7.21,126.8,367.8,17.5,15.2,45.8,1075.8,8.4,3,1.0,0.0,0.0,1.0,0.0,0.0
14.91,110.8,259.9,3.5,7.7,71.3,128.6,43.5,3,0.0,1.0,0.0,0.0,1.0,0.0
27.71,350.7,185.2,0.7,1.1,26.1,13.0,24.795,3,0.0,1.0,0.0,0.0,0.0,1.0
24.98,455.6,98.5,0.0,0.0,24.5,12.3,23.275,3,0.0,0.0,1.0,0.0,0.0,1.0
4.57,226.2,255.6,16.9,10.2,42.9,520.7,5.9,2,1.0,0.0,0.0,1.0,0.0,0.0
4.04,75.6,284.9,3.8,11.9,25.8,318.0,1.8,3,0.0,1.0,0.0,1.0,0.0,0.0
8.19,151.6,388.7,0.0,4.8,44.4,668.3,4.9,2,0.0,1.0,0.0,0.0,1.0,0.0
9.4,152.6,452.3,1.6,16.2,54.8,338.4,36.3,3,0.0,1.0,0.0,0.0,1.0,0.0
8.94,342.5,454.2,24.8,22.0,76.9,854.2,4.2,2,1.0,0.0,0.0,1.0,0.0,0.0
4.93,179.4,582.3,30.4,41.5,63.7,724.5,9.6,2,1.0,0.0,0.0,1.0,0.0,0.0
4.23,118.8,288.5,0.0,12.3,40.1,249.7,2.1,3,0.0,1.0,0.0,1.0,0.0,0.0
4.33,218.3,514.2,25.9,6.7,57.9,1147.1,6.1,2,1.0,0.0,0.0,1.0,0.0,0.0
7.19,315.1,5.0,0.6,0.7,69.9,44.5,18.5,3,0.0,0.0,1.0,0.0,1.0,0.0
5.16,208.3,384.2,19.4,16.5,70.6,878.5,12.4,1,1.0,0.0,0.0,1.0,0.0,0.0
9.04,437.5,371.7,0.8,2.2,54.9,86.7,27.7,2,0.0,1.0,0.0,0.0,1.0,0.0
30.68,518.3,357.6,5.0,0.0,6.4,34.1,6.08,2,0.0,0.0,1.0,0.0,0.0,1.0
4.56,119.7,408.9,6.8,16.6,44.0,205.1,41.8,1,0.0,1.0,0.0,1.0,0.0,0.0
7.49,290.2,90.1,0.0,0.0,57.2,0.0,31.7,2,0.0,1.0,0.0,0.0,1.0,0.0
2.06,82.9,471.1,0.0,29.9,45.4,207.0,6.2,2,0.0,1.0,0.0,1.0,0.0,0.0
13.11,247.2,582.4,8.4,18.7,54.1,684.8,11.2,2,0.0,1.0,0.0,0.0,1.0,0.0
3.05,214.5,349.2,29.2,19.5,36.7,856.2,6.2,2,1.0,0.0,0.0,1.0,0.0,0.0
35.55,224.8,743.5,35.7,37.3,37.2,1135.5,9.7,3,1.0,0.0,0.0,0.0,0.0,1.0
4.22,527.9,303.4,0.0,2.8,60.3,47.7,6.5,3,0.0,1.0,0.0,1.0,0.0,0.0
14.69,103.5,237.9,8.9,4.8,33.6,438.3,3.0,3,0.0,1.0,0.0,0.0,1.0,0.0
19.89,159.7,322.8,11.6,16.0,38.1,616.2,4.0,2,1.0,0.0,0.0,0.0,1.0,0.0
19.1,202.5,365.2,8.6,11.3,45.2,528.0,2.9,3,0.0,0.0,1.0,0.0,1.0,0.0
2.11,322.7,5.0,2.1,4.8,85.1,39.9,68.8,1,0.0,1.0,0.0,1.0,0.0,0.0
5.6,173.4,244.6,5.6,12.3,50.9,196.2,42.7,2,0.0,1.0,0.0,1.0,0.0,0.0
8.58,134.0,203.7,3.9,19.2,31.4,788.8,5.4,3,1.0,0.0,0.0,0.0,1.0,0.0
32.36,364.7,523.9,21.7,15.6,87.6,460.5,3.0,2,1.0,0.0,0.0,0.0,0.0,1.0
2.7,122.8,352.6,1.6,6.7,59.8,180.9,51.4,2,0.0,1.0,0.0,1.0,0.0,0.0
5.44,289.5,206.4,0.8,4.8,63.3,82.2,22.7,2,0.0,0.0,1.0,1.0,0.0,0.0
4.32,256.3,599.7,24.1,23.8,51.4,889.5,9.2,3,0.0,0.0,1.0,1.0,0.0,0.0
5.2,282.0,544.2,16.3,12.1,51.3,1145.1,5.6,3,1.0,0.0,0.0,1.0,0.0,0.0
11.41,589.0,304.5,0.3,0.0,44.8,24.3,34.7,2,0.0,1.0,0.0,0.0,1.0,0.0
3.12,205.9,468.3,23.5,30.5,54.9,1025.8,8.9,1,0.0,1.0,0.0,1.0,0.0,0.0
4.93,278.7,267.8,0.0,0.9,31.7,80.1,30.115,1,0.0,1.0,0.0,1.0,0.0,0.0
7.17,459.2,399.4,0.8,8.4,56.1,54.8,20.0,3,0.0,1.0,0.0,0.0,1.0,0.0
12.86,408.8,482.0,20.9,9.1,64.6,741.2,5.1,2,0.0,1.0,0.0,0.0,1.0,0.0
5.5,181.2,297.6,16.0,4.0,39.1,622.1,5.1,1,1.0,0.0,0.0,1.0,0.0,0.0
20.27,258.3,330.7,33.5,28.7,26.1,1040.2,8.0,3,1.0,0.0,0.0,0.0,1.0,0.0
2.37,340.8,76.5,4.8,2.7,27.6,6.8,26.22,2,0.0,0.0,1.0,1.0,0.0,0.0
5.68,390.6,484.4,15.9,19.9,74.4,452.9,7.7,1,0.0,0.0,1.0,1.0,0.0,0.0
3.87,161.8,266.6,12.2,11.0,43.0,693.6,6.6,3,1.0,0.0,0.0,1.0,0.0,0.0
3.85,537.4,422.1,0.4,5.9,32.4,63.5,30.78,3,0.0,1.0,0.0,1.0,0.0,0.0
7.89,357.7,389.4,9.2,14.8,11.3,258.0,10.735,3,1.0,0.0,0.0,0.0,1.0,0.0
8.42,209.2,482.1,16.6,29.7,63.9,1018.4,9.8,3,1.0,0.0,0.0,0.0,1.0,0.0
2.74,492.9,169.0,0.0,9.9,72.7,14.9,53.5,2,0.0,1.0,0.0,1.0,0.0,0.0
2.51,104.5,120.5,0.0,19.0,33.7,563.8,3.1,2,0.0,1.0,0.0,1.0,0.0,0.0
8.54,169.9,253.5,13.6,3.7,43.6,752.6,4.7,2,1.0,0.0,0.0,0.0,1.0,0.0
6.69,177.0,298.7,2.3,8.6,28.7,517.0,5.8,2,1.0,0.0,0.0,1.0,0.0,0.0
8.77,319.9,658.1,41.1,10.3,103.0,812.7,4.1,2,1.0,0.0,0.0,1.0,0.0,0.0
6.53,263.2,677.4,30.0,34.7,78.4,1003.3,9.3,3,1.0,0.0,0.0,1.0,0.0,0.0
2.96,137.6,260.3,9.1,14.4,39.6,554.0,7.1,2,0.0,1.0,0.0,1.0,0.0,0.0
5.24,408.7,226.1,3.4,0.0,46.2,102.0,28.2,1,0.0,1.0,0.0,0.0,1.0,0.0
2.86,120.4,377.8,11.0,18.5,46.4,338.7,44.08,2,0.0,1.0,0.0,1.0,0.0,0.0
5.03,222.3,75.5,13.0,16.1,24.3,535.9,4.5,2,0.0,1.0,0.0,1.0,0.0,0.0
6.8,184.5,355.9,11.3,11.3,41.4,408.9,3.4,2,0.0,1.0,0.0,0.0,1.0,0.0
3.47,176.5,506.0,4.2,15.7,48.1,377.4,45.695,2,0.0,1.0,0.0,1.0,0.0,0.0
7.38,409.9,426.0,1.3,2.7,17.9,59.0,17.005,2,0.0,0.0,1.0,0.0,1.0,0.0
4.87,155.9,333.7,7.1,15.4,44.5,437.8,4.8,2,0.0,1.0,0.0,1.0,0.0,0.0
4.75,450.5,57.3,0.4,0.8,62.8,23.6,59.66,2,0.0,1.0,0.0,1.0,0.0,0.0
5.57,474.4,135.7,0.0,0.0,94.7,68.2,22.4,3,0.0,1.0,0.0,1.0,0.0,0.0
2.87,224.5,574.4,19.3,28.1,36.6,1022.4,8.2,2,1.0,0.0,0.0,1.0,0.0,0.0
3.71,177.2,266.0,3.6,21.4,51.1,868.3,12.4,2,0.0,1.0,0.0,1.0,0.0,0.0
20.89,434.7,651.8,16.8,18.3,100.6,734.1,5.4,3,1.0,0.0,0.0,0.0,1.0,0.0
5.28,661.4,96.6,2.7,4.6,46.3,87.6,43.98499999999999,3,0.0,1.0,0.0,1.0,0.0,0.0
2.18,167.6,421.7,6.8,5.5,44.8,124.0,4.5,2,0.0,1.0,0.0,1.0,0.0,0.0
2.48,97.3,317.9,1.7,16.1,1.8,317.1,1.71,2,0.0,1.0,0.0,1.0,0.0,0.0
8.31,198.8,585.1,21.6,32.3,50.7,881.2,7.5,2,1.0,0.0,0.0,0.0,1.0,0.0
5.1,432.7,281.7,4.4,5.5,56.3,43.5,45.6,2,0.0,1.0,0.0,1.0,0.0,0.0
3.12,50.0,414.5,4.6,22.3,44.1,326.4,35.9,2,1.0,0.0,0.0,1.0,0.0,0.0
6.9,303.8,329.0,5.5,14.8,6.4,722.2,5.7,2,1.0,0.0,0.0,1.0,0.0,0.0
11.72,136.5,281.4,4.4,10.3,43.4,464.2,0.0,2,0.0,1.0,0.0,0.0,1.0,0.0
6.2,121.6,478.0,4.8,15.4,63.9,245.2,58.2,1,0.0,1.0,0.0,1.0,0.0,0.0
5.82,104.7,558.1,3.8,15.7,100.9,408.2,55.5,3,0.0,1.0,0.0,1.0,0.0,0.0
5.67,158.5,302.1,15.6,5.9,18.9,888.2,3.0,3,1.0,0.0,0.0,1.0,0.0,0.0
13.72,207.2,683.3,27.8,22.6,32.8,1052.2,11.5,2,1.0,0.0,0.0,0.0,1.0,0.0
4.44,54.0,457.6,6.8,18.8,49.6,220.1,47.12,3,1.0,0.0,0.0,1.0,0.0,0.0
2.89,250.4,78.1,3.9,3.4,45.6,77.8,40.8,2,0.0,1.0,0.0,1.0,0.0,0.0
7.64,412.3,647.8,29.7,12.5,73.4,959.2,5.6,2,0.0,1.0,0.0,1.0,0.0,0.0
8.33,248.9,737.8,17.7,23.4,34.1,643.5,9.3,3,1.0,0.0,0.0,1.0,0.0,0.0
6.44,181.4,262.2,13.2,11.7,21.7,457.5,7.9,2,0.0,0.0,1.0,1.0,0.0,0.0
3.38,325.5,245.7,1.9,0.0,0.0,0.0,0.0,2,0.0,1.0,0.0,1.0,0.0,0.0
11.22,516.5,43.9,7.2,0.0,46.8,135.9,44.46,2,0.0,1.0,0.0,0.0,1.0,0.0
7.5,477.9,387.2,3.5,5.2,41.3,0.0,39.23499999999999,2,0.0,1.0,0.0,0.0,1.0,0.0
7.88,245.2,392.0,24.9,40.8,43.0,1024.1,9.1,2,0.0,1.0,0.0,1.0,0.0,0.0
16.84,243.7,5.0,15.4,13.9,14.6,688.4,12.1,3,0.0,1.0,0.0,0.0,1.0,0.0
14.2,105.7,302.7,12.1,15.1,54.5,602.8,2.0,3,0.0,1.0,0.0,0.0,1.0,0.0
11.39,408.6,206.8,1.0,6.7,61.6,35.6,38.9,3,0.0,1.0,0.0,0.0,1.0,0.0
3.35,179.2,209.5,6.7,12.8,48.0,481.1,3.7,2,0.0,0.0,1.0,1.0,0.0,0.0
4.51,241.4,365.0,21.8,19.3,44.0,979.5,3.7,2,1.0,0.0,0.0,1.0,0.0,0.0
8.1,311.4,255.2,8.3,13.6,26.2,763.0,8.9,2,1.0,0.0,0.0,1.0,0.0,0.0
4.87,490.6,92.4,1.2,3.4,2.7,15.0,2.565,3,0.0,1.0,0.0,0.0,1.0,0.0
5.53,373.7,183.7,1.8,0.0,60.9,32.5,40.8,1,0.0,1.0,0.0,1.0,0.0,0.0
8.99,219.6,626.0,30.8,25.0,46.8,908.0,4.8,1,1.0,0.0,0.0,1.0,0.0,0.0
9.35,296.0,171.6,1.5,3.3,0.0,54.1,0.0,3,0.0,0.0,1.0,0.0,0.0,1.0
4.8,310.0,306.2,14.5,17.5,20.3,345.2,4.4,2,0.0,0.0,1.0,1.0,0.0,0.0
5.47,239.2,333.0,19.5,15.5,30.1,616.5,4.2,2,1.0,0.0,0.0,1.0,0.0,0.0
6.33,327.3,456.7,35.8,10.7,80.0,814.4,8.1,2,1.0,0.0,0.0,1.0,0.0,0.0
5.01,215.6,398.1,22.6,23.4,30.0,1011.7,9.0,3,1.0,0.0,0.0,1.0,0.0,0.0
12.02,214.9,308.6,4.3,21.9,49.4,609.9,6.9,2,0.0,1.0,0.0,0.0,1.0,0.0
7.02,95.7,377.6,3.5,19.4,49.9,320.0,47.405,2,0.0,1.0,0.0,0.0,1.0,0.0
18.27,265.8,496.4,15.6,28.4,52.6,695.2,3.4,2,0.0,1.0,0.0,0.0,1.0,0.0
7.8,487.3,178.9,1.4,2.6,35.3,35.5,21.6,2,0.0,1.0,0.0,0.0,1.0,0.0
26.42,119.2,515.5,3.2,17.7,69.0,316.1,44.5,1,1.0,0.0,0.0,0.0,0.0,1.0
4.93,131.2,504.9,2.1,12.1,29.9,471.7,2.3,3,1.0,0.0,0.0,1.0,0.0,0.0
23.2,379.2,466.7,19.3,11.8,55.0,668.5,4.8,2,1.0,0.0,0.0,0.0,1.0,0.0
33.35,340.2,256.4,13.7,19.5,46.6,505.1,6.6,2,0.0,1.0,0.0,0.0,0.0,1.0
5.4,409.8,85.1,2.2,0.2,40.2,26.9,38.19,2,0.0,0.0,1.0,1.0,0.0,0.0
37.75,100.0,232.3,5.0,6.4,50.9,317.3,3.1,3,0.0,1.0,0.0,0.0,0.0,1.0
9.97,158.7,189.6,11.9,17.2,31.1,744.9,1.8,2,1.0,0.0,0.0,1.0,0.0,0.0
2.71,109.4,255.0,3.5,22.3,19.9,335.5,2.3,2,1.0,0.0,0.0,1.0,0.0,0.0
3.43,191.6,233.5,11.6,11.2,38.1,807.1,4.3,2,0.0,0.0,1.0,1.0,0.0,0.0
2.78,54.3,331.7,6.3,16.7,29.1,270.7,1.4,2,0.0,1.0,0.0,1.0,0.0,0.0
6.58,193.3,481.1,13.0,30.0,50.8,811.1,4.9,2,1.0,0.0,0.0,1.0,0.0,0.0
2.16,479.4,106.9,1.4,4.0,41.6,115.9,11.2,2,0.0,0.0,1.0,1.0,0.0,0.0
5.36,294.8,208.8,0.7,3.3,93.3,23.1,48.0,3,0.0,0.0,1.0,1.0,0.0,0.0
11.82,303.3,224.0,3.0,0.0,62.3,87.2,49.2,3,0.0,1.0,0.0,0.0,1.0,0.0
9.39,465.2,219.1,2.8,1.5,70.5,45.4,52.5,2,0.0,1.0,0.0,0.0,1.0,0.0
10.09,343.4,311.3,19.6,24.8,103.3,918.4,2.7,3,1.0,0.0,0.0,1.0,0.0,0.0
17.37,331.1,468.9,14.0,10.7,70.7,565.7,8.8,2,0.0,1.0,0.0,0.0,1.0,0.0
2.02,126.7,110.6,1.1,26.2,82.0,299.8,43.9,3,0.0,0.0,1.0,1.0,0.0,0.0
42.83,257.6,864.5,31.9,45.5,34.9,1084.7,11.6,3,1.0,0.0,0.0,0.0,0.0,1.0
13.38,81.2,344.3,5.7,6.2,37.7,400.4,2.6,3,0.0,1.0,0.0,0.0,1.0,0.0
6.39,203.5,199.0,0.0,14.7,43.7,405.0,0.3,2,1.0,0.0,0.0,1.0,0.0,0.0
3.73,241.8,722.8,35.0,32.6,57.7,972.4,12.5,2,1.0,0.0,0.0,1.0,0.0,0.0
6.24,105.9,293.4,1.8,14.6,40.1,539.8,7.2,3,0.0,1.0,0.0,1.0,0.0,0.0
20.94,345.9,541.3,9.2,14.2,52.8,959.1,4.9,2,1.0,0.0,0.0,0.0,1.0,0.0
7.89,254.3,484.4,24.7,37.8,40.6,702.8,11.6,3,1.0,0.0,0.0,1.0,0.0,0.0
10.56,373.5,554.4,19.0,12.5,94.1,772.0,2.9,2,0.0,1.0,0.0,0.0,1.0,0.0
8.28,167.3,352.9,10.1,14.6,30.6,485.7,8.9,2,0.0,1.0,0.0,1.0,0.0,0.0
10.37,309.0,668.5,15.3,37.5,54.8,1215.0,10.6,2,1.0,0.0,0.0,0.0,1.0,0.0
15.19,187.7,275.0,0.0,8.6,64.3,599.3,1.0,3,0.0,1.0,0.0,0.0,1.0,0.0
7.59,156.6,453.2,1.7,12.3,62.2,265.1,42.7,2,0.0,1.0,0.0,0.0,1.0,0.0
2.84,221.3,435.9,17.1,17.1,52.7,1003.4,3.9,2,0.0,0.0,1.0,1.0,0.0,0.0
21.06,120.6,324.4,14.4,13.1,36.7,644.3,9.8,3,1.0,0.0,0.0,0.0,1.0,0.0
15.43,260.1,137.5,13.0,12.8,21.2,720.9,15.1,2,0.0,0.0,1.0,0.0,1.0,0.0
5.57,245.2,5.0,1.1,0.0,76.0,97.8,8.9,2,0.0,0.0,1.0,1.0,0.0,0.0
9.19,215.4,696.1,28.1,29.7,53.3,773.7,11.7,3,0.0,1.0,0.0,1.0,0.0,0.0
6.07,114.6,257.7,4.9,17.2,42.6,577.5,2.4,2,0.0,1.0,0.0,1.0,0.0,0.0
8.23,289.2,405.9,18.7,35.6,40.9,734.6,8.1,1,0.0,0.0,1.0,1.0,0.0,0.0
8.24,435.6,5.0,3.2,0.0,38.1,95.4,36.195,2,0.0,1.0,0.0,0.0,1.0,0.0
6.15,108.0,545.3,5.9,16.1,64.7,202.8,38.5,3,1.0,0.0,0.0,1.0,0.0,0.0
10.5,208.3,430.6,6.4,11.7,25.8,83.7,3.7,2,0.0,1.0,0.0,0.0,1.0,0.0
4.09,292.5,256.5,0.7,8.4,15.9,379.4,11.9,3,0.0,1.0,0.0,1.0,0.0,0.0
22.94,178.2,430.7,13.5,15.9,25.6,591.8,8.0,2,1.0,0.0,0.0,0.0,1.0,0.0
8.54,412.6,139.9,1.9,0.0,43.7,38.7,20.9,3,0.0,1.0,0.0,0.0,1.0,0.0
7.59,120.6,499.8,4.6,24.6,58.5,298.5,38.1,1,1.0,0.0,0.0,1.0,0.0,0.0
16.1,108.3,674.2,4.9,21.5,68.1,243.5,57.4,2,1.0,0.0,0.0,0.0,1.0,0.0
4.13,452.1,392.9,13.6,17.3,78.9,476.7,6.7,3,1.0,0.0,0.0,1.0,0.0,0.0
2.4,105.7,148.2,4.9,12.4,56.2,435.7,2.2,2,0.0,1.0,0.0,1.0,0.0,0.0
8.16,279.8,132.7,0.0,14.5,31.7,753.0,11.7,2,1.0,0.0,0.0,1.0,0.0,0.0
6.76,245.0,636.0,20.4,10.9,56.8,908.9,1.2,3,1.0,0.0,0.0,1.0,0.0,0.0
3.4,370.0,426.6,13.5,15.5,55.1,1020.9,1.5,3,1.0,0.0,0.0,1.0,0.0,0.0
7.45,408.0,405.8,6.8,16.8,54.7,743.1,8.1,2,1.0,0.0,0.0,1.0,0.0,0.0
9.39,235.9,601.8,23.6,34.8,42.7,1108.5,9.4,3,1.0,0.0,0.0,1.0,0.0,0.0
20.67,234.7,571.3,21.9,28.1,40.6,1012.3,10.4,2,1.0,0.0,0.0,0.0,1.0,0.0
4.05,270.5,210.2,4.6,19.0,25.1,440.9,17.5,3,0.0,1.0,0.0,1.0,0.0,0.0
5.76,240.7,457.5,26.2,39.2,68.3,971.0,5.2,2,1.0,0.0,0.0,1.0,0.0,0.0
1.9,105.4,348.6,6.0,20.3,48.0,657.6,1.9,2,0.0,1.0,0.0,1.0,0.0,0.0
2.09,372.6,209.2,0.0,4.9,31.1,98.9,29.545,1,0.0,1.0,0.0,1.0,0.0,0.0
2.31,189.7,304.5,6.9,18.8,33.5,241.5,3.8,2,0.0,1.0,0.0,1.0,0.0,0.0
4.37,206.8,262.7,7.9,18.7,27.2,442.5,4.0,3,0.0,1.0,0.0,1.0,0.0,0.0
5.82,205.8,644.3,31.9,42.4,42.9,949.1,11.4,2,1.0,0.0,0.0,1.0,0.0,0.0
10.14,134.3,268.7,5.7,16.4,46.7,328.2,2.7,1,0.0,1.0,0.0,0.0,1.0,0.0
6.57,177.6,254.3,5.7,1.2,39.1,318.9,6.9,3,0.0,1.0,0.0,0.0,1.0,0.0
18.83,226.3,501.1,13.7,15.7,58.5,867.6,5.7,2,1.0,0.0,0.0,0.0,1.0,0.0
8.64,368.7,428.2,8.7,16.2,33.1,624.7,8.3,3,1.0,0.0,0.0,1.0,0.0,0.0
12.89,330.5,254.4,1.0,0.0,35.0,57.2,19.8,1,0.0,1.0,0.0,0.0,1.0,0.0
6.01,193.3,228.6,17.0,8.2,38.7,953.9,3.4,2,1.0,0.0,0.0,1.0,0.0,0.0
6.33,276.7,474.9,30.4,44.0,50.5,502.3,6.8,3,0.0,1.0,0.0,1.0,0.0,0.0
2.77,233.3,526.5,21.2,20.5,60.2,888.1,9.6,2,1.0,0.0,0.0,1.0,0.0,0.0
14.13,209.2,449.7,14.8,31.5,53.6,564.8,5.5,3,0.0,0.0,1.0,0.0,1.0,0.0
2.65,202.3,631.7,23.7,37.0,38.3,1093.2,5.5,3,1.0,0.0,0.0,1.0,0.0,0.0
14.76,144.1,459.7,3.4,0.0,58.3,221.6,9.5,2,0.0,1.0,0.0,0.0,1.0,0.0
11.01,77.3,288.1,9.2,10.5,44.6,381.1,7.5,3,0.0,0.0,1.0,0.0,1.0,0.0
13.66,174.0,396.3,12.9,9.0,39.2,664.3,5.1,2,0.0,1.0,0.0,0.0,1.0,0.0
5.98,294.8,675.6,33.1,44.7,60.0,674.3,10.6,3,1.0,0.0,0.0,1.0,0.0,0.0
12.56,114.9,535.4,0.0,16.8,47.1,383.7,44.745,2,0.0,1.0,0.0,0.0,1.0,0.0
5.02,73.7,334.5,1.9,9.7,54.7,335.5,41.8,2,0.0,0.0,1.0,1.0,0.0,0.0
3.56,184.5,349.2,13.3,31.9,56.7,1231.9,9.6,2,0.0,1.0,0.0,1.0,0.0,0.0
6.36,254.7,642.3,13.9,19.3,42.4,1026.2,9.5,2,0.0,1.0,0.0,1.0,0.0,0.0
5.79,95.0,277.6,6.2,12.1,30.8,394.4,5.1,2,0.0,1.0,0.0,1.0,0.0,0.0
6.71,283.3,162.5,4.0,16.7,40.8,624.3,12.0,2,0.0,1.0,0.0,1.0,0.0,0.0
3.83,241.7,489.6,16.8,10.2,43.8,720.3,6.3,2,0.0,1.0,0.0,1.0,0.0,0.0
6.62,168.1,659.3,27.0,48.4,43.1,1366.6,11.2,3,1.0,0.0,0.0,1.0,0.0,0.0
3.73,159.2,340.5,35.8,15.4,41.1,723.9,8.1,3,1.0,0.0,0.0,1.0,0.0,0.0
4.98,70.4,220.5,0.0,14.1,42.8,176.5,2.0,2,0.0,1.0,0.0,1.0,0.0,0.0
6.3,250.8,342.8,24.6,7.6,47.0,337.2,9.2,3,0.0,0.0,1.0,1.0,0.0,0.0
6.66,213.5,366.9,24.7,19.5,67.9,791.2,4.1,1,0.0,1.0,0.0,1.0,0.0,0.0
3.66,54.9,179.3,4.0,14.8,32.6,0.0,3.5,3,0.0,1.0,0.0,1.0,0.0,0.0
19.51,198.0,593.5,11.7,42.1,63.3,791.5,10.5,2,0.0,1.0,0.0,0.0,1.0,0.0
2.53,133.2,288.8,0.0,13.0,42.2,281.9,40.09,3,0.0,1.0,0.0,1.0,0.0,0.0
2.97,302.9,412.4,12.4,24.8,34.3,451.8,9.1,1,0.0,1.0,0.0,1.0,0.0,0.0
15.9,106.1,423.6,1.2,11.7,14.4,466.1,1.4,2,0.0,1.0,0.0,0.0,0.0,1.0
10.89,327.6,529.3,27.8,23.7,55.2,780.6,8.0,2,0.0,1.0,0.0,0.0,1.0,0.0
4.35,171.0,300.1,16.5,8.4,52.3,323.2,11.2,2,0.0,0.0,1.0,1.0,0.0,0.0
3.33,115.0,212.0,2.3,29.6,68.9,200.4,42.2,3,0.0,1.0,0.0,1.0,0.0,0.0
3.04,270.3,183.7,0.0,3.0,82.0,43.0,51.0,3,0.0,1.0,0.0,1.0,0.0,0.0
21.79,416.4,554.2,11.9,5.1,47.5,567.0,9.4,3,0.0,1.0,0.0,0.0,1.0,0.0
17.13,319.0,771.0,18.0,28.2,48.6,1057.1,4.4,2,1.0,0.0,0.0,0.0,1.0,0.0
2.57,157.3,272.3,4.7,6.3,58.0,286.0,3.1,3,0.0,1.0,0.0,1.0,0.0,0.0
6.81,134.7,619.7,4.6,23.3,58.8,273.8,50.3,3,0.0,1.0,0.0,1.0,0.0,0.0
6.12,152.7,250.3,16.5,14.8,33.1,790.1,4.5,2,1.0,0.0,0.0,1.0,0.0,0.0
22.42,421.8,351.7,0.0,3.4,44.7,96.8,42.465,3,0.0,1.0,0.0,0.0,0.0,1.0
17.77,232.7,425.4,15.1,11.2,38.0,728.4,5.4,3,1.0,0.0,0.0,0.0,1.0,0.0
30.37,100.0,121.5,5.9,20.9,56.2,316.7,5.7,2,0.0,1.0,0.0,0.0,0.0,1.0
1.54,409.1,270.1,1.6,2.9,80.9,66.4,33.6,3,0.0,1.0,0.0,1.0,0.0,0.0
39.51,256.1,672.3,22.3,39.7,17.7,818.5,13.2,2,1.0,0.0,0.0,0.0,0.0,1.0
18.5,271.5,716.5,21.0,25.9,67.6,892.7,12.0,3,1.0,0.0,0.0,0.0,1.0,0.0
22.97,140.0,386.1,9.6,14.2,43.6,763.9,3.9,3,1.0,0.0,0.0,0.0,1.0,0.0
5.36,116.5,369.4,1.5,18.0,61.5,156.4,0.0,2,0.0,1.0,0.0,1.0,0.0,0.0
7.65,189.7,298.8,6.8,15.0,52.1,667.4,1.1,2,0.0,1.0,0.0,1.0,0.0,0.0
20.37,195.9,421.4,23.8,25.6,61.7,796.2,17.4,2,0.0,0.0,1.0,0.0,1.0,0.0
3.18,124.9,432.0,1.1,23.5,52.4,324.0,30.7,2,1.0,0.0,0.0,1.0,0.0,0.0
7.8,130.2,508.3,4.0,19.6,76.0,1059.2,9.2,3,0.0,0.0,1.0,1.0,0.0,0.0
5.53,499.4,323.0,3.0,0.0,63.9,35.4,27.0,3,0.0,1.0,0.0,1.0,0.0,0.0
1.95,279.6,159.0,4.0,0.0,42.6,0.0,40.47,2,0.0,1.0,0.0,1.0,0.0,0.0
8.99,202.7,247.6,17.0,10.1,48.8,592.9,5.0,3,0.0,1.0,0.0,1.0,0.0,0.0
2.89,412.8,350.0,2.1,7.9,65.6,49.9,36.1,2,0.0,1.0,0.0,1.0,0.0,0.0
7.1,251.9,464.9,35.5,23.1,77.1,814.2,9.2,2,0.0,1.0,0.0,1.0,0.0,0.0
3.94,149.8,311.1,9.7,27.8,68.8,110.2,50.6,2,0.0,0.0,1.0,1.0,0.0,0.0
11.48,211.9,475.1,16.8,10.8,60.3,974.9,9.0,2,0.0,1.0,0.0,0.0,1.0,0.0
5.15,386.8,213.5,1.7,4.2,17.7,97.7,16.814999999999998,2,0.0,1.0,0.0,1.0,0.0,0.0
2.23,390.1,316.1,2.7,0.1,19.8,26.5,18.81,2,0.0,1.0,0.0,1.0,0.0,0.0
30.73,237.0,654.8,38.6,39.7,52.6,1078.8,10.0,3,1.0,0.0,0.0,0.0,0.0,1.0
29.09,491.1,288.3,2.0,4.2,47.3,62.6,14.1,3,0.0,0.0,1.0,0.0,0.0,1.0
12.74,82.7,522.0,0.0,8.1,63.0,154.4,40.0,2,0.0,1.0,0.0,0.0,1.0,0.0
5.08,129.7,433.3,21.8,11.7,10.7,678.3,7.5,3,1.0,0.0,0.0,1.0,0.0,0.0
15.2,102.9,565.5,20.7,31.0,56.4,977.8,5.5,3,1.0,0.0,0.0,0.0,1.0,0.0
5.27,172.8,183.6,9.3,8.4,41.4,833.0,1.3,3,0.0,1.0,0.0,1.0,0.0,0.0
20.39,179.5,371.8,31.5,13.3,31.9,617.1,7.6,2,1.0,0.0,0.0,0.0,1.0,0.0
3.92,163.5,232.7,16.1,4.6,47.6,563.9,4.0,3,0.0,1.0,0.0,1.0,0.0,0.0
11.52,153.0,330.9,0.0,11.3,27.1,523.7,0.6,2,0.0,1.0,0.0,0.0,1.0,0.0
13.6,80.2,59.6,7.2,15.9,40.8,272.6,2.8,3,0.0,1.0,0.0,0.0,1.0,0.0
7.07,280.0,240.8,17.2,1.2,20.7,547.0,5.4,2,1.0,0.0,0.0,1.0,0.0,0.0
4.85,492.9,177.5,0.7,0.0,34.0,28.5,30.5,2,0.0,1.0,0.0,1.0,0.0,0.0
14.43,271.8,528.5,0.0,18.0,89.3,815.9,5.9,2,0.0,1.0,0.0,0.0,1.0,0.0
16.55,125.2,226.1,9.1,16.7,33.1,557.7,4.6,2,1.0,0.0,0.0,0.0,1.0,0.0
6.19,267.8,236.7,19.0,23.6,51.9,566.1,10.6,3,1.0,0.0,0.0,1.0,0.0,0.0
8.99,214.6,218.1,16.0,27.4,58.6,983.3,14.4,2,0.0,1.0,0.0,1.0,0.0,0.0
3.04,305.6,212.8,22.3,12.6,6.1,367.4,5.794999999999999,3,1.0,0.0,0.0,1.0,0.0,0.0
9.1,184.7,134.8,8.1,10.3,40.2,159.6,5.7,3,0.0,0.0,1.0,0.0,1.0,0.0
10.06,117.9,501.7,4.7,0.0,61.0,320.6,41.0,2,1.0,0.0,0.0,0.0,1.0,0.0
21.04,206.8,682.2,37.7,28.3,29.1,928.0,9.6,3,1.0,0.0,0.0,0.0,1.0,0.0
2.7,508.1,124.6,3.5,2.6,53.1,40.0,36.0,2,0.0,1.0,0.0,1.0,0.0,0.0
18.41,294.7,425.0,23.3,4.4,86.1,824.9,3.8,3,0.0,0.0,1.0,0.0,1.0,0.0
3.81,242.6,498.9,29.8,31.5,53.0,1045.3,10.6,3,1.0,0.0,0.0,1.0,0.0,0.0
3.39,357.8,42.6,2.5,0.0,61.3,1.5,24.3,2,0.0,1.0,0.0,1.0,0.0,0.0
8.81,581.4,196.9,3.8,5.1,22.1,20.8,20.995,3,0.0,1.0,0.0,0.0,1.0,0.0
13.65,132.5,548.6,5.2,2.9,59.6,296.3,32.3,2,0.0,1.0,0.0,0.0,1.0,0.0
7.49,211.0,636.8,34.2,37.4,38.9,1483.0,14.0,3,1.0,0.0,0.0,1.0,0.0,0.0
4.31,158.0,343.0,11.8,10.9,43.3,760.1,7.2,3,0.0,1.0,0.0,1.0,0.0,0.0
10.59,261.0,505.4,23.5,24.4,53.8,660.2,9.9,2,0.0,1.0,0.0,0.0,1.0,0.0
2.73,421.6,70.1,2.6,2.4,55.2,91.5,33.7,2,0.0,1.0,0.0,1.0,0.0,0.0
1.86,430.3,247.8,3.8,3.5,60.9,0.0,42.0,3,0.0,1.0,0.0,1.0,0.0,0.0
9.16,230.7,490.4,19.2,36.6,38.1,1200.9,6.9,1,1.0,0.0,0.0,1.0,0.0,0.0
5.25,256.0,510.9,11.3,22.6,47.5,840.1,10.5,3,0.0,1.0,0.0,1.0,0.0,0.0
14.82,61.2,290.6,10.0,14.4,41.3,270.2,1.7,3,0.0,1.0,0.0,0.0,1.0,0.0
13.13,510.2,424.3,1.9,2.3,46.2,69.1,25.4,2,0.0,1.0,0.0,0.0,1.0,0.0
9.13,204.3,519.4,14.9,14.5,50.2,459.9,8.1,2,1.0,0.0,0.0,0.0,1.0,0.0
12.92,184.6,31.2,0.9,4.2,77.9,47.3,19.6,2,0.0,1.0,0.0,0.0,0.0,1.0
3.75,252.5,568.7,20.5,32.3,45.5,830.2,3.9,2,1.0,0.0,0.0,1.0,0.0,0.0
7.25,174.6,649.9,23.4,17.1,40.2,753.6,7.9,3,1.0,0.0,0.0,1.0,0.0,0.0
8.08,346.8,485.0,0.0,4.1,31.6,77.1,14.9,2,0.0,0.0,1.0,0.0,1.0,0.0
4.04,217.5,494.8,23.4,34.7,27.3,770.2,13.5,3,1.0,0.0,0.0,1.0,0.0,0.0
2.93,190.7,103.2,3.3,16.9,50.4,497.8,4.6,3,0.0,1.0,0.0,1.0,0.0,0.0
7.31,104.4,374.0,5.1,7.6,42.6,747.3,0.5,3,0.0,1.0,0.0,1.0,0.0,0.0
11.35,172.7,349.7,0.0,7.5,73.2,275.7,53.5,3,0.0,1.0,0.0,0.0,1.0,0.0
9.2,144.8,359.8,2.7,20.5,54.8,275.3,52.06,3,1.0,0.0,0.0,0.0,1.0,0.0
6.46,233.1,293.6,7.9,22.9,50.7,554.0,7.1,2,0.0,1.0,0.0,1.0,0.0,0.0
3.66,147.6,398.6,7.8,7.7,40.2,677.5,2.8,2,1.0,0.0,0.0,1.0,0.0,0.0
8.4,215.1,275.5,24.7,11.7,41.8,877.4,3.8,2,0.0,1.0,0.0,1.0,0.0,0.0
4.59,413.3,379.3,1.2,1.7,84.3,19.2,61.5,2,0.0,1.0,0.0,1.0,0.0,0.0
7.58,230.8,387.6,16.1,15.2,27.4,739.9,9.1,3,1.0,0.0,0.0,1.0,0.0,0.0
3.11,205.0,260.7,0.0,5.1,65.9,17.3,32.2,2,0.0,0.0,1.0,1.0,0.0,0.0
30.44,179.7,278.8,1.5,16.8,48.5,363.5,5.1,2,0.0,0.0,1.0,0.0,0.0,1.0
5.02,108.2,409.2,16.6,11.8,34.4,796.1,2.9,2,1.0,0.0,0.0,1.0,0.0,0.0
6.83,212.9,464.8,19.2,30.9,49.7,1091.4,5.5,3,1.0,0.0,0.0,1.0,0.0,0.0
8.27,367.6,314.1,24.9,13.7,72.6,807.5,8.5,1,1.0,0.0,0.0,1.0,0.0,0.0
4.0,220.6,543.9,38.8,24.3,58.0,618.3,2.2,1,1.0,0.0,0.0,1.0,0.0,0.0
16.44,226.2,423.5,30.8,24.5,75.5,824.1,7.8,1,1.0,0.0,0.0,0.0,1.0,0.0
10.7,253.2,748.8,34.2,26.5,49.1,560.9,14.0,3,0.0,1.0,0.0,0.0,1.0,0.0
5.9,595.9,97.5,2.1,2.2,76.4,33.6,13.9,2,0.0,1.0,0.0,0.0,1.0,0.0
2.3,139.8,543.0,2.5,20.6,53.2,400.2,49.5,3,1.0,0.0,0.0,1.0,0.0,0.0
11.56,465.9,59.6,0.0,2.7,74.7,71.3,37.9,1,0.0,0.0,1.0,0.0,1.0,0.0
8.45,133.8,227.6,11.8,12.9,33.2,745.4,6.4,2,1.0,0.0,0.0,1.0,0.0,0.0
9.43,381.3,24.5,0.8,4.4,0.0,24.2,0.0,2,0.0,1.0,0.0,0.0,1.0,0.0
13.02,282.8,177.3,18.8,1.9,23.2,362.7,14.3,3,1.0,0.0,0.0,0.0,1.0,0.0
8.59,212.2,485.2,13.7,30.9,45.4,928.0,11.5,3,1.0,0.0,0.0,1.0,0.0,0.0
11.5,104.8,335.6,10.6,13.3,55.3,268.4,5.4,2,0.0,1.0,0.0,0.0,1.0,0.0
4.94,74.3,207.0,0.2,17.2,57.1,281.2,0.8,2,0.0,0.0,1.0,1.0,0.0,0.0
9.13,276.4,664.2,31.1,32.8,52.6,1144.0,6.5,3,1.0,0.0,0.0,1.0,0.0,0.0
18.07,446.3,611.1,39.9,4.6,61.2,449.3,6.9,3,1.0,0.0,0.0,0.0,1.0,0.0
5.97,296.5,5.0,6.8,5.8,32.6,325.8,14.7,3,1.0,0.0,0.0,1.0,0.0,0.0
25.28,200.1,642.1,12.0,15.7,58.2,739.8,4.0,2,0.0,0.0,1.0,0.0,0.0,1.0
5.49,240.5,559.9,30.1,45.7,19.7,656.5,9.9,2,1.0,0.0,0.0,1.0,0.0,0.0
6.23,107.4,180.2,0.0,13.9,35.7,391.0,5.0,1,0.0,1.0,0.0,0.0,1.0,0.0
14.48,127.0,299.0,0.6,9.2,64.3,272.5,55.6,2,0.0,0.0,1.0,0.0,1.0,0.0
5.67,156.5,454.6,12.9,16.0,43.3,638.4,4.7,3,0.0,0.0,1.0,1.0,0.0,0.0
5.38,198.9,311.5,12.1,16.5,32.7,646.9,4.9,1,1.0,0.0,0.0,1.0,0.0,0.0
2.91,386.4,19.4,0.0,0.0,22.3,65.6,21.185,1,0.0,1.0,0.0,1.0,0.0,0.0
8.83,475.7,268.3,4.7,3.5,49.6,119.0,0.0,3,0.0,1.0,0.0,0.0,1.0,0.0
2.77,145.3,331.2,0.5,15.5,35.9,957.4,5.2,1,0.0,1.0,0.0,1.0,0.0,0.0
47.81,143.6,348.0,11.1,10.0,44.9,902.7,6.2,3,1.0,0.0,0.0,0.0,0.0,1.0
4.91,297.8,532.4,27.4,25.6,36.6,908.5,9.1,3,1.0,0.0,0.0,1.0,0.0,0.0
44.27,236.5,547.8,21.1,10.1,36.9,812.9,5.6,1,1.0,0.0,0.0,0.0,0.0,1.0
2.05,78.3,288.3,2.3,12.2,51.7,456.0,2.6,2,0.0,1.0,0.0,1.0,0.0,0.0
18.1,147.8,774.7,11.8,23.6,51.1,870.2,11.3,3,0.0,1.0,0.0,0.0,1.0,0.0
2.82,238.8,452.7,25.0,19.4,49.2,1078.7,7.4,3,0.0,1.0,0.0,1.0,0.0,0.0
9.7,186.0,439.0,27.7,10.1,46.0,875.7,9.8,3,1.0,0.0,0.0,0.0,1.0,0.0
13.66,318.5,289.0,12.4,9.3,1.2,468.8,1.14,2,1.0,0.0,0.0,0.0,1.0,0.0
15.33,188.6,359.0,11.9,16.0,36.2,931.3,8.0,1,1.0,0.0,0.0,0.0,1.0,0.0
3.82,164.7,381.2,5.8,16.5,82.2,272.7,27.0,2,0.0,1.0,0.0,1.0,0.0,0.0
2.86,480.8,201.0,4.8,4.4,37.4,87.7,35.529999999999994,2,0.0,1.0,0.0,1.0,0.0,0.0
8.44,142.7,225.7,16.4,14.2,37.7,868.9,5.7,2,1.0,0.0,0.0,1.0,0.0,0.0
5.46,143.1,222.5,2.7,20.2,13.1,543.9,4.9,3,0.0,1.0,0.0,1.0,0.0,0.0
6.07,142.8,516.0,6.9,28.2,57.6,156.5,29.0,1,1.0,0.0,0.0,1.0,0.0,0.0
5.03,259.4,381.2,7.4,17.6,11.9,640.2,2.9,2,1.0,0.0,0.0,1.0,0.0,0.0
2.8,444.4,289.1,1.4,3.9,45.6,55.2,33.6,3,0.0,1.0,0.0,1.0,0.0,0.0
3.14,202.6,578.9,22.2,29.9,55.5,649.2,12.7,3,0.0,1.0,0.0,1.0,0.0,0.0
5.28,83.7,345.4,9.0,11.0,51.1,195.4,48.545,2,0.0,1.0,0.0,1.0,0.0,0.0
3.23,241.0,450.8,17.7,17.2,54.0,574.3,9.3,3,0.0,1.0,0.0,1.0,0.0,0.0
4.49,339.2,279.0,8.2,16.6,28.8,502.3,8.7,2,0.0,0.0,1.0,1.0,0.0,0.0
17.54,144.7,369.1,3.0,0.0,61.5,284.1,44.3,2,0.0,1.0,0.0,0.0,1.0,0.0
6.84,243.7,459.6,9.7,12.2,31.8,779.6,8.6,3,0.0,1.0,0.0,1.0,0.0,0.0
13.12,451.4,195.7,0.0,0.0,46.1,36.9,0.0,3,0.0,1.0,0.0,0.0,0.0,1.0
4.24,158.3,366.6,4.6,10.6,45.7,569.6,6.8,3,0.0,1.0,0.0,1.0,0.0,0.0
3.19,480.2,5.0,3.4,0.3,36.6,35.4,25.8,2,0.0,1.0,0.0,1.0,0.0,0.0
2.75,136.3,312.5,9.6,14.6,38.4,482.8,5.9,2,0.0,1.0,0.0,1.0,0.0,0.0
39.81,159.6,293.5,13.8,7.6,38.3,570.9,8.7,2,0.0,0.0,1.0,0.0,0.0,1.0
19.37,178.6,447.1,17.9,23.1,30.8,240.8,11.3,3,1.0,0.0,0.0,0.0,1.0,0.0
14.7,114.8,311.5,4.4,7.8,47.0,414.5,1.1,2,0.0,1.0,0.0,0.0,1.0,0.0
9.39,164.7,279.4,1.9,12.8,40.0,646.2,2.5,3,0.0,0.0,1.0,1.0,0.0,0.0
17.09,223.8,513.8,11.1,30.0,34.6,1158.5,6.1,2,1.0,0.0,0.0,0.0,1.0,0.0
3.67,240.8,792.7,23.4,29.7,50.8,817.5,7.8,2,1.0,0.0,0.0,1.0,0.0,0.0
2.7,215.4,360.7,5.6,12.4,8.7,412.2,8.264999999999999,3,0.0,1.0,0.0,1.0,0.0,0.0
14.38,225.7,429.7,19.0,11.5,57.7,765.0,10.0,3,0.0,0.0,1.0,0.0,1.0,0.0
45.99,150.1,558.6,33.9,10.7,38.6,945.8,5.0,2,1.0,0.0,0.0,0.0,0.0,1.0
1.8,109.2,372.3,0.0,15.4,34.4,619.5,3.8,1,0.0,1.0,0.0,1.0,0.0,0.0
4.39,187.1,224.8,11.7,10.1,30.1,656.2,4.4,3,0.0,1.0,0.0,1.0,0.0,0.0
14.9,251.8,588.3,31.2,26.6,46.1,1201.0,12.3,3,1.0,0.0,0.0,0.0,1.0,0.0
1.59,497.8,152.6,3.7,1.3,42.4,53.6,40.28,3,0.0,0.0,1.0,1.0,0.0,0.0
32.32,489.2,5.0,0.4,3.4,73.6,22.1,55.0,3,0.0,0.0,1.0,0.0,0.0,1.0
21.12,222.9,367.0,22.2,26.6,62.4,652.7,8.6,3,1.0,0.0,0.0,0.0,1.0,0.0
7.07,423.0,68.2,0.0,0.0,32.7,44.1,16.8,2,0.0,1.0,0.0,0.0,1.0,0.0
10.44,324.4,405.8,9.4,20.9,71.6,941.0,6.3,2,0.0,1.0,0.0,0.0,1.0,0.0
8.85,204.4,287.7,9.0,15.2,41.1,787.1,6.1,2,0.0,1.0,0.0,0.0,1.0,0.0
6.82,279.4,366.6,15.3,8.0,19.4,381.6,11.9,2,0.0,0.0,1.0,1.0,0.0,0.0
8.8,171.7,250.7,14.6,12.9,29.8,507.0,2.7,3,1.0,0.0,0.0,1.0,0.0,0.0
3.63,247.2,542.0,33.8,23.7,62.5,1077.6,14.6,1,1.0,0.0,0.0,1.0,0.0,0.0
14.46,133.2,559.8,31.5,38.8,53.4,660.9,8.5,2,1.0,0.0,0.0,0.0,1.0,0.0
19.52,210.2,450.3,4.6,14.4,27.9,530.0,5.7,2,0.0,1.0,0.0,0.0,1.0,0.0
4.12,492.8,228.7,0.0,5.4,87.1,25.2,25.7,2,0.0,0.0,1.0,1.0,0.0,0.0
14.13,137.7,259.5,4.8,10.7,14.7,386.1,2.0,2,0.0,1.0,0.0,0.0,1.0,0.0
3.94,216.1,398.5,18.0,26.4,62.1,1051.9,7.1,2,0.0,0.0,1.0,1.0,0.0,0.0
5.24,481.5,125.9,0.5,5.8,62.6,22.0,11.1,3,0.0,1.0,0.0,1.0,0.0,0.0
20.02,258.1,682.5,21.9,24.7,41.1,885.0,11.7,2,1.0,0.0,0.0,0.0,1.0,0.0
11.65,151.2,366.0,10.0,10.0,36.7,906.6,3.9,3,0.0,1.0,0.0,0.0,1.0,0.0
4.94,160.9,421.9,9.3,15.7,78.2,266.7,53.3,3,0.0,1.0,0.0,1.0,0.0,0.0
14.63,92.5,365.8,0.6,11.6,42.0,453.7,4.4,2,1.0,0.0,0.0,0.0,1.0,0.0
4.29,124.1,301.5,22.8,14.1,1.2,659.2,1.14,2,1.0,0.0,0.0,1.0,0.0,0.0
3.16,199.1,870.6,10.2,22.1,56.2,978.1,9.4,3,1.0,0.0,0.0,1.0,0.0,0.0
2.1,353.9,203.8,2.0,0.0,44.0,5.8,41.8,2,0.0,1.0,0.0,1.0,0.0,0.0
3.62,132.5,388.8,13.2,17.2,33.5,531.0,6.5,2,1.0,0.0,0.0,1.0,0.0,0.0
11.16,307.2,604.4,28.3,31.1,27.6,1010.9,1.7,2,1.0,0.0,0.0,0.0,1.0,0.0
6.26,272.4,253.3,2.9,10.8,15.8,264.7,0.0,2,0.0,1.0,0.0,1.0,0.0,0.0
7.42,185.4,558.3,17.6,25.2,47.3,809.2,13.0,3,0.0,1.0,0.0,1.0,0.0,0.0
8.87,191.3,303.9,9.0,8.0,28.5,622.4,7.1,3,0.0,0.0,1.0,1.0,0.0,0.0
2.06,105.9,200.8,6.5,13.2,58.8,289.2,3.0,3,0.0,1.0,0.0,1.0,0.0,0.0
2.73,79.9,196.2,3.1,13.8,26.0,557.2,4.4,3,0.0,1.0,0.0,1.0,0.0,0.0
6.54,342.2,690.5,11.5,15.1,64.1,861.9,5.7,2,0.0,1.0,0.0,1.0,0.0,0.0
5.33,593.9,274.0,4.4,0.0,48.3,15.8,21.6,3,0.0,1.0,0.0,1.0,0.0,0.0
6.64,85.9,380.8,0.9,23.8,63.1,353.7,52.1,2,1.0,0.0,0.0,1.0,0.0,0.0
15.82,333.4,256.6,18.6,12.3,23.7,123.6,9.4,2,0.0,1.0,0.0,0.0,1.0,0.0
7.82,213.3,365.2,16.9,27.7,63.4,461.1,5.7,3,0.0,1.0,0.0,1.0,0.0,0.0
1.69,456.0,212.9,0.0,1.4,42.3,62.4,40.185,2,0.0,1.0,0.0,1.0,0.0,0.0
4.82,433.1,237.2,1.8,0.0,52.0,67.1,49.4,3,0.0,1.0,0.0,0.0,1.0,0.0
18.79,139.6,442.5,32.8,25.0,69.9,875.1,6.8,3,1.0,0.0,0.0,0.0,1.0,0.0
15.19,140.0,340.3,1.8,26.8,84.2,257.2,46.6,3,1.0,0.0,0.0,0.0,1.0,0.0
12.04,419.9,265.2,14.0,10.6,102.7,243.5,6.6,3,0.0,0.0,1.0,0.0,1.0,0.0
11.56,170.6,527.5,4.7,15.0,62.8,350.1,38.2,3,1.0,0.0,0.0,0.0,1.0,0.0
12.5,435.0,516.1,20.1,12.4,64.4,775.0,7.1,2,1.0,0.0,0.0,0.0,1.0,0.0
15.36,175.3,574.8,6.7,6.5,53.8,174.0,44.8,2,0.0,1.0,0.0,0.0,1.0,0.0
2.9,205.3,306.9,13.5,6.5,34.5,1091.6,1.8,2,0.0,1.0,0.0,1.0,0.0,0.0
3.17,505.3,262.9,1.6,0.0,46.3,50.8,43.98499999999999,2,0.0,0.0,1.0,1.0,0.0,0.0
4.32,304.3,568.0,34.5,18.3,58.4,838.2,11.0,2,1.0,0.0,0.0,1.0,0.0,0.0
4.92,157.4,435.4,4.7,21.7,66.8,269.4,44.4,2,0.0,1.0,0.0,1.0,0.0,0.0
49.84,182.7,353.5,11.9,8.1,24.7,953.6,4.3,3,0.0,0.0,1.0,0.0,0.0,1.0
14.38,196.2,509.7,6.3,19.1,67.7,201.7,37.4,3,0.0,1.0,0.0,0.0,1.0,0.0
34.92,217.7,274.2,0.6,17.9,51.9,219.9,33.0,2,1.0,0.0,0.0,0.0,0.0,1.0
2.37,138.8,372.4,1.4,18.8,48.5,346.5,46.075,3,1.0,0.0,0.0,1.0,0.0,0.0
5.41,74.3,310.1,9.0,29.4,26.8,297.6,25.46,2,1.0,0.0,0.0,1.0,0.0,0.0
4.43,85.2,296.5,6.1,6.3,51.5,277.5,37.0,2,0.0,0.0,1.0,1.0,0.0,0.0
6.82,121.0,374.7,7.1,24.2,59.2,296.2,47.2,3,1.0,0.0,0.0,0.0,1.0,0.0
15.22,107.1,465.5,2.8,32.8,41.8,228.8,39.71,2,0.0,1.0,0.0,0.0,1.0,0.0
6.36,154.6,228.0,8.7,13.7,36.0,271.3,6.9,3,1.0,0.0,0.0,1.0,0.0,0.0
3.76,456.9,205.4,1.1,10.6,49.6,120.7,47.12,3,0.0,0.0,1.0,1.0,0.0,0.0
9.53,519.7,5.0,0.0,2.1,14.7,85.5,13.964999999999998,2,0.0,1.0,0.0,0.0,1.0,0.0
14.4,266.9,755.9,27.1,33.6,36.9,1008.6,6.5,2,0.0,1.0,0.0,0.0,1.0,0.0
6.72,354.2,526.0,19.3,18.4,103.7,833.2,8.1,2,1.0,0.0,0.0,1.0,0.0,0.0
4.31,295.1,119.9,0.0,4.0,74.5,0.0,35.3,1,0.0,1.0,0.0,1.0,0.0,0.0
48.3,185.1,292.3,12.4,12.0,35.6,825.4,2.7,2,0.0,1.0,0.0,0.0,0.0,1.0
12.02,529.3,264.6,3.0,3.5,28.3,44.0,16.3,3,0.0,1.0,0.0,0.0,1.0,0.0
15.38,317.3,536.6,17.3,10.0,71.3,314.1,4.1,2,1.0,0.0,0.0,0.0,1.0,0.0
8.81,112.6,562.8,7.2,18.9,63.1,222.7,59.945,3,1.0,0.0,0.0,0.0,1.0,0.0
2.37,123.1,358.0,2.3,20.7,63.7,223.8,48.4,2,0.0,1.0,0.0,1.0,0.0,0.0
21.19,161.0,392.7,15.6,21.0,40.6,588.2,4.7,2,1.0,0.0,0.0,0.0,1.0,0.0
3.63,318.6,349.2,7.9,10.1,86.3,841.4,7.1,2,0.0,1.0,0.0,1.0,0.0,0.0
5.87,653.7,235.8,5.7,4.2,10.3,46.9,9.785,3,0.0,1.0,0.0,0.0,1.0,0.0
5.76,414.7,437.0,21.6,18.9,73.4,767.0,5.0,3,0.0,0.0,1.0,1.0,0.0,0.0
7.75,276.0,586.7,35.2,14.6,53.1,1088.2,10.2,1,1.0,0.0,0.0,1.0,0.0,0.0
7.15,53.5,330.2,2.7,23.7,53.4,171.4,29.8,3,0.0,1.0,0.0,1.0,0.0,0.0
44.99,140.9,439.8,6.1,28.3,51.2,316.5,40.9,2,0.0,1.0,0.0,0.0,0.0,1.0
3.3,389.5,679.7,33.4,1.4,54.2,831.8,2.6,3,1.0,0.0,0.0,1.0,0.0,0.0
4.36,121.1,441.4,18.4,21.8,34.6,912.5,0.3,2,1.0,0.0,0.0,1.0,0.0,0.0
3.29,254.5,142.3,1.2,1.3,57.2,13.7,20.6,3,0.0,1.0,0.0,1.0,0.0,0.0
5.41,181.7,600.8,14.4,27.6,54.9,802.8,6.0,3,1.0,0.0,0.0,1.0,0.0,0.0
4.47,180.0,163.4,11.2,14.5,40.8,714.8,7.3,3,0.0,1.0,0.0,1.0,0.0,0.0
12.34,217.0,123.5,0.0,0.7,60.5,21.0,57.475,2,0.0,0.0,1.0,0.0,1.0,0.0
4.09,256.9,580.8,24.4,22.1,55.9,1059.4,3.3,3,1.0,0.0,0.0,1.0,0.0,0.0
3.95,169.4,548.2,4.5,15.7,70.0,172.2,50.7,3,0.0,1.0,0.0,1.0,0.0,0.0
5.45,150.5,400.0,3.4,11.7,72.2,178.3,39.3,3,0.0,1.0,0.0,1.0,0.0,0.0
14.2,186.7,291.1,6.7,19.9,45.9,453.7,3.4,2,0.0,1.0,0.0,0.0,1.0,0.0
4.21,289.1,620.5,27.7,13.1,70.9,927.8,2.7,2,1.0,0.0,0.0,1.0,0.0,0.0
6.71,268.1,433.4,13.7,17.1,44.2,234.6,41.99,2,1.0,0.0,0.0,1.0,0.0,0.0
5.13,227.5,516.9,28.1,33.2,59.8,888.0,10.1,2,1.0,0.0,0.0,1.0,0.0,0.0
4.12,255.2,558.4,37.2,33.1,48.2,617.8,10.1,2,1.0,0.0,0.0,1.0,0.0,0.0
2.86,135.9,319.7,4.2,5.7,46.4,398.9,4.6,2,0.0,1.0,0.0,1.0,0.0,0.0
9.74,151.9,409.4,18.7,17.9,28.1,951.4,4.7,2,1.0,0.0,0.0,1.0,0.0,0.0
17.63,287.6,703.0,18.4,49.1,62.2,782.8,6.4,2,1.0,0.0,0.0,0.0,1.0,0.0
4.96,145.1,343.6,7.9,9.7,33.7,736.9,5.6,1,1.0,0.0,0.0,1.0,0.0,0.0
35.27,111.8,340.9,1.5,20.8,53.0,338.7,1.7,2,0.0,1.0,0.0,0.0,0.0,1.0
22.08,423.6,490.6,25.0,14.5,72.3,668.6,7.8,1,0.0,1.0,0.0,0.0,1.0,0.0
3.97,139.0,177.1,4.5,11.6,29.6,145.2,3.1,3,0.0,1.0,0.0,1.0,0.0,0.0
1.9,181.0,319.3,1.9,9.4,47.1,453.5,0.2,2,0.0,1.0,0.0,1.0,0.0,0.0
25.74,158.9,350.1,14.0,11.8,31.0,742.2,2.9,2,0.0,1.0,0.0,0.0,0.0,1.0
4.11,135.7,177.6,12.9,6.1,33.9,489.8,3.9,2,0.0,1.0,0.0,1.0,0.0,0.0
15.85,167.7,482.6,19.0,11.8,49.1,973.4,7.5,3,0.0,0.0,1.0,0.0,1.0,0.0
4.83,167.8,69.6,0.6,8.7,49.9,350.0,1.0,2,0.0,1.0,0.0,1.0,0.0,0.0
42.23,203.3,712.6,35.5,16.0,39.8,1022.4,5.3,2,1.0,0.0,0.0,0.0,0.0,1.0
6.16,126.5,325.6,7.4,20.2,57.5,325.3,41.5,3,0.0,1.0,0.0,1.0,0.0,0.0
3.04,356.1,487.4,19.3,5.5,51.1,433.1,5.3,3,0.0,0.0,1.0,1.0,0.0,0.0
31.85,189.3,326.0,12.8,10.3,43.7,712.6,5.5,2,1.0,0.0,0.0,0.0,0.0,1.0
8.04,144.7,537.5,24.4,10.3,42.5,823.5,8.8,2,1.0,0.0,0.0,1.0,0.0,0.0
4.22,424.9,332.6,3.7,1.6,41.0,47.8,25.8,2,0.0,1.0,0.0,1.0,0.0,0.0
47.9,219.5,307.6,14.0,19.1,42.0,601.3,3.8,2,0.0,1.0,0.0,0.0,0.0,1.0
5.71,439.8,284.4,29.4,12.1,67.6,459.6,10.4,2,0.0,0.0,1.0,1.0,0.0,0.0
16.05,568.2,315.1,2.4,3.1,81.0,59.4,61.0,1,0.0,0.0,1.0,0.0,0.0,1.0
17.69,433.9,250.4,2.3,1.9,17.1,18.4,16.245,3,0.0,1.0,0.0,0.0,0.0,1.0
16.36,150.4,378.0,2.1,14.5,46.6,285.9,0.0,2,0.0,1.0,0.0,0.0,0.0,1.0
4.26,189.6,747.5,29.0,37.2,47.2,488.8,8.3,3,1.0,0.0,0.0,1.0,0.0,0.0
2.65,181.7,259.1,4.0,9.3,29.7,408.8,5.3,2,0.0,1.0,0.0,1.0,0.0,0.0
7.14,376.9,102.9,3.8,6.8,59.7,62.2,0.0,3,0.0,1.0,0.0,0.0,1.0,0.0
17.86,220.5,564.1,25.0,29.4,45.1,1021.7,16.1,3,1.0,0.0,0.0,0.0,0.0,1.0
42.05,184.8,309.5,20.7,11.3,39.1,937.5,13.3,2,0.0,0.0,1.0,0.0,0.0,1.0
17.44,336.0,5.0,0.0,0.3,50.3,51.5,47.785,1,0.0,1.0,0.0,0.0,0.0,1.0
3.26,692.1,196.9,1.2,7.3,65.9,21.4,2.2,3,0.0,0.0,1.0,1.0,0.0,0.0
19.36,133.2,667.9,7.2,26.2,72.0,244.3,56.0,2,0.0,1.0,0.0,0.0,0.0,1.0
4.15,223.3,282.4,20.0,14.5,43.5,483.1,10.1,1,0.0,0.0,1.0,1.0,0.0,0.0
5.3,197.6,503.9,20.0,5.6,52.4,739.5,7.4,3,0.0,0.0,1.0,1.0,0.0,0.0
6.17,212.5,777.4,25.3,39.2,62.0,998.7,6.8,3,0.0,1.0,0.0,1.0,0.0,0.0
8.87,184.0,96.1,17.0,3.4,33.8,617.1,5.9,2,1.0,0.0,0.0,1.0,0.0,0.0
3.09,494.8,251.8,4.8,0.0,54.1,76.5,47.8,2,0.0,0.0,1.0,1.0,0.0,0.0
5.69,470.3,186.1,2.5,5.2,40.8,25.1,18.9,3,0.0,1.0,0.0,1.0,0.0,0.0
44.67,284.8,609.5,32.2,8.4,62.4,1167.4,1.4,3,1.0,0.0,0.0,0.0,0.0,1.0
1.68,275.2,416.3,1.0,0.5,52.2,56.4,35.6,2,0.0,1.0,0.0,1.0,0.0,0.0
5.46,325.9,619.9,16.3,5.7,72.6,841.0,11.5,3,0.0,1.0,0.0,1.0,0.0,0.0
40.39,357.5,529.1,20.1,19.2,75.3,756.7,9.8,2,0.0,1.0,0.0,0.0,0.0,1.0
14.86,255.7,219.3,16.6,16.9,0.0,363.4,0.0,2,1.0,0.0,0.0,0.0,1.0,0.0
11.51,336.2,698.6,12.7,17.3,51.9,857.9,13.8,2,1.0,0.0,0.0,0.0,1.0,0.0
2.66,192.2,446.2,10.7,14.1,39.2,1028.2,5.1,2,0.0,1.0,0.0,1.0,0.0,0.0
22.16,423.6,741.1,40.3,13.6,82.9,779.1,6.6,3,1.0,0.0,0.0,0.0,1.0,0.0
4.57,90.6,366.6,7.7,24.5,36.1,265.2,3.4,2,0.0,1.0,0.0,1.0,0.0,0.0
6.96,466.2,289.6,1.1,0.0,41.4,50.2,32.7,2,0.0,1.0,0.0,0.0,1.0,0.0
18.51,204.8,725.7,30.6,36.2,51.3,997.6,9.6,2,1.0,0.0,0.0,0.0,1.0,0.0
3.25,395.4,107.1,3.6,0.0,38.1,14.0,30.6,2,0.0,1.0,0.0,1.0,0.0,0.0
2.13,106.6,253.3,8.3,16.6,18.6,183.9,2.9,3,0.0,1.0,0.0,1.0,0.0,0.0
5.71,136.9,470.6,0.0,5.2,38.7,589.0,2.8,3,0.0,0.0,1.0,1.0,0.0,0.0
9.63,144.3,344.5,8.3,17.4,47.1,675.5,8.9,1,1.0,0.0,0.0,0.0,1.0,0.0
4.0,230.3,643.5,26.2,25.5,42.0,815.4,4.9,3,1.0,0.0,0.0,1.0,0.0,0.0
12.06,338.5,486.5,18.6,1.4,68.4,589.5,1.1,1,0.0,1.0,0.0,0.0,1.0,0.0
8.07,180.6,307.4,22.5,16.7,56.8,845.1,1.7,3,1.0,0.0,0.0,1.0,0.0,0.0
4.55,113.0,538.7,17.9,23.7,51.2,644.4,10.4,3,1.0,0.0,0.0,1.0,0.0,0.0
20.35,342.7,706.5,17.1,26.7,59.4,1024.1,13.6,3,0.0,1.0,0.0,0.0,0.0,1.0
2.39,132.9,224.7,5.4,9.9,20.3,405.6,0.0,3,0.0,1.0,0.0,1.0,0.0,0.0
4.11,107.4,413.0,0.0,7.6,50.1,141.8,4.3,2,0.0,1.0,0.0,1.0,0.0,0.0
3.83,193.1,265.2,14.7,8.4,39.7,651.2,2.9,2,0.0,1.0,0.0,1.0,0.0,0.0
5.11,525.0,115.7,4.6,3.6,49.1,3.8,42.7,3,0.0,0.0,1.0,1.0,0.0,0.0
5.08,50.0,377.5,0.0,19.0,67.2,397.7,4.8,2,0.0,0.0,1.0,1.0,0.0,0.0
30.39,50.0,337.0,8.0,20.8,17.7,263.4,3.3,3,0.0,1.0,0.0,0.0,0.0,1.0
13.66,178.3,396.8,9.3,8.7,41.9,422.7,6.2,2,1.0,0.0,0.0,0.0,1.0,0.0
38.93,219.9,518.3,30.8,11.3,52.6,1123.7,3.0,3,1.0,0.0,0.0,0.0,0.0,1.0
7.23,156.4,337.2,20.0,16.1,55.8,444.3,7.7,3,0.0,0.0,1.0,1.0,0.0,0.0
4.1,323.2,522.7,0.7,19.9,89.9,931.7,8.4,1,0.0,0.0,1.0,1.0,0.0,0.0
2.07,74.9,360.8,7.5,7.7,63.3,282.9,2.8,2,1.0,0.0,0.0,1.0,0.0,0.0
17.76,201.2,404.0,19.8,16.9,31.0,690.3,7.8,3,0.0,0.0,1.0,0.0,0.0,1.0
9.86,167.2,322.0,8.1,16.1,43.5,289.8,0.9,3,0.0,1.0,0.0,0.0,1.0,0.0
16.01,243.7,709.4,28.1,32.4,15.5,975.8,13.7,1,1.0,0.0,0.0,0.0,1.0,0.0
8.91,363.0,210.3,5.9,0.0,40.9,14.0,38.855,2,0.0,1.0,0.0,0.0,1.0,0.0
6.87,168.9,330.8,14.9,0.0,36.2,279.9,7.8,3,0.0,0.0,1.0,1.0,0.0,0.0
6.25,84.2,363.1,5.8,11.7,73.3,217.1,46.8,2,0.0,1.0,0.0,1.0,0.0,0.0
7.25,498.2,572.0,15.4,15.4,74.2,932.8,4.7,3,1.0,0.0,0.0,1.0,0.0,0.0
6.73,342.3,376.4,2.2,2.0,66.5,72.0,33.0,3,0.0,0.0,1.0,0.0,1.0,0.0
1.74,425.3,68.6,2.5,1.6,76.7,63.5,45.2,2,0.0,1.0,0.0,1.0,0.0,0.0
5.94,329.2,373.1,27.1,23.9,63.2,489.6,8.2,3,1.0,0.0,0.0,1.0,0.0,0.0
2.95,297.9,242.1,0.0,0.0,17.7,50.9,5.2,3,0.0,1.0,0.0,1.0,0.0,0.0
15.96,161.7,436.6,0.9,16.4,84.7,227.6,47.2,2,0.0,1.0,0.0,0.0,1.0,0.0
8.37,268.9,160.3,19.4,24.7,55.5,565.2,7.7,3,0.0,0.0,1.0,1.0,0.0,0.0
15.98,367.3,589.1,19.3,6.2,57.6,814.5,6.1,3,1.0,0.0,0.0,0.0,1.0,0.0
9.96,208.6,225.0,16.8,12.0,28.6,541.1,3.3,3,1.0,0.0,0.0,1.0,0.0,0.0
8.41,172.1,516.9,34.6,44.2,54.8,989.6,14.8,2,1.0,0.0,0.0,1.0,0.0,0.0
15.32,324.6,465.2,14.3,11.1,80.0,404.9,7.2,2,0.0,1.0,0.0,0.0,1.0,0.0
53.05,188.9,541.9,20.0,40.4,16.0,1016.3,4.4,2,1.0,0.0,0.0,0.0,0.0,1.0
16.19,123.1,470.0,3.4,17.0,60.3,209.9,57.285,2,0.0,0.0,1.0,0.0,1.0,0.0
10.68,66.0,385.1,13.3,25.5,57.4,696.6,0.5,2,1.0,0.0,0.0,0.0,1.0,0.0
4.84,484.6,198.7,3.2,0.0,18.0,36.8,17.099999999999998,2,0.0,0.0,1.0,1.0,0.0,0.0
10.67,270.5,755.5,32.7,36.5,43.0,955.0,6.7,2,1.0,0.0,0.0,0.0,1.0,0.0
4.68,183.8,345.4,17.8,13.5,58.9,838.2,5.9,3,0.0,0.0,1.0,1.0,0.0,0.0
18.59,177.1,201.6,11.9,9.8,47.6,609.9,3.6,1,0.0,1.0,0.0,0.0,0.0,1.0
5.3,88.0,463.3,7.8,15.4,32.8,72.0,0.0,2,0.0,1.0,0.0,1.0,0.0,0.0
9.33,213.1,315.0,6.0,8.2,32.6,523.1,3.0,2,0.0,1.0,0.0,1.0,0.0,0.0
34.95,152.4,277.1,1.7,5.9,45.0,668.8,6.6,3,0.0,1.0,0.0,0.0,0.0,1.0
5.39,393.0,296.0,0.0,0.4,53.3,44.8,50.635,3,0.0,0.0,1.0,1.0,0.0,0.0
14.89,367.1,187.3,12.0,15.4,38.7,453.2,11.4,3,0.0,1.0,0.0,0.0,1.0,0.0
4.56,105.5,291.0,13.3,16.8,22.9,657.6,7.9,3,1.0,0.0,0.0,1.0,0.0,0.0
16.68,119.2,606.9,3.4,23.3,63.6,200.3,48.8,2,0.0,1.0,0.0,0.0,0.0,1.0
5.76,357.1,211.3,3.0,1.9,26.1,17.0,15.0,3,0.0,1.0,0.0,0.0,1.0,0.0
5.49,105.3,185.6,3.6,17.5,50.8,574.6,3.9,3,0.0,1.0,0.0,1.0,0.0,0.0
7.61,582.3,211.3,4.6,4.8,0.0,69.5,0.0,3,0.0,0.0,1.0,0.0,1.0,0.0
8.74,248.6,238.5,17.5,7.4,38.7,733.9,5.2,3,1.0,0.0,0.0,1.0,0.0,0.0
7.71,165.2,313.5,11.9,4.2,40.8,717.1,1.8,2,1.0,0.0,0.0,1.0,0.0,0.0
3.42,151.5,465.0,21.5,31.1,44.8,870.6,9.5,2,0.0,1.0,0.0,1.0,0.0,0.0
5.92,119.8,471.2,3.4,16.6,74.1,299.6,45.3,2,0.0,1.0,0.0,1.0,0.0,0.0
19.95,255.8,550.1,36.6,52.1,44.0,605.4,9.1,3,1.0,0.0,0.0,0.0,1.0,0.0
4.26,166.7,359.7,0.0,12.0,46.8,86.7,3.6,2,1.0,0.0,0.0,1.0,0.0,0.0
21.03,224.1,207.1,2.8,4.5,67.2,50.6,40.3,2,0.0,1.0,0.0,0.0,0.0,1.0
2.04,500.2,37.8,1.5,0.0,9.2,44.2,8.739999999999998,2,0.0,1.0,0.0,1.0,0.0,0.0
11.75,333.4,335.6,0.0,0.0,97.2,8.8,36.6,3,0.0,0.0,1.0,0.0,1.0,0.0
2.7,207.7,766.9,26.1,23.4,67.2,966.8,9.3,1,1.0,0.0,0.0,1.0,0.0,0.0
1.78,340.1,131.1,2.7,0.0,65.0,40.7,8.4,1,0.0,1.0,0.0,1.0,0.0,0.0
24.93,253.8,616.8,31.0,16.9,52.2,823.2,8.2,2,1.0,0.0,0.0,0.0,0.0,1.0
35.49,166.7,414.0,16.7,15.7,36.3,662.8,9.5,2,0.0,0.0,1.0,0.0,0.0,1.0
8.77,102.4,113.8,11.2,19.0,25.9,503.2,2.2,3,0.0,1.0,0.0,0.0,1.0,0.0
4.99,350.0,17.2,7.8,14.8,24.2,270.7,1.6,2,0.0,1.0,0.0,1.0,0.0,0.0
10.29,322.6,310.3,2.8,0.9,35.2,62.3,23.2,3,0.0,0.0,1.0,0.0,1.0,0.0
3.36,66.5,513.6,2.7,24.3,52.7,374.6,15.0,3,1.0,0.0,0.0,1.0,0.0,0.0
4.57,111.9,256.3,13.0,15.6,34.2,609.7,5.0,2,1.0,0.0,0.0,1.0,0.0,0.0
20.55,245.6,550.5,25.2,28.4,43.4,1021.9,2.6,2,1.0,0.0,0.0,0.0,1.0,0.0
13.05,281.6,213.4,8.9,21.6,45.7,699.0,0.0,3,1.0,0.0,0.0,0.0,1.0,0.0
3.75,500.8,261.5,3.0,0.0,40.2,49.8,36.8,3,0.0,1.0,0.0,1.0,0.0,0.0
19.33,121.4,412.0,14.9,12.5,44.4,614.2,5.9,1,1.0,0.0,0.0,0.0,1.0,0.0
11.85,174.0,377.0,17.7,9.4,33.4,425.3,9.7,1,0.0,0.0,1.0,0.0,1.0,0.0
7.45,262.8,500.7,21.2,15.8,56.1,1307.3,13.4,2,1.0,0.0,0.0,1.0,0.0,0.0
57.99,217.3,321.7,7.7,5.8,43.3,694.6,4.2,3,1.0,0.0,0.0,0.0,0.0,1.0
28.46,523.4,261.0,2.8,0.0,18.3,51.4,17.385,3,0.0,1.0,0.0,0.0,0.0,1.0
4.01,321.6,432.1,17.6,21.1,45.9,776.0,12.2,2,0.0,0.0,1.0,1.0,0.0,0.0
11.63,238.9,297.0,14.1,11.3,26.7,532.5,5.8,2,0.0,1.0,0.0,0.0,1.0,0.0
8.31,428.7,316.7,2.7,3.2,61.7,55.6,35.7,3,0.0,1.0,0.0,0.0,1.0,0.0
8.74,387.7,192.6,0.3,12.7,14.5,433.6,9.5,3,0.0,0.0,1.0,0.0,1.0,0.0
20.21,211.4,492.5,21.3,16.9,42.2,651.9,14.1,3,0.0,1.0,0.0,0.0,1.0,0.0
3.01,246.2,483.4,24.7,50.2,50.9,1061.4,6.5,1,1.0,0.0,0.0,1.0,0.0,0.0
6.56,353.8,191.3,0.5,0.0,52.1,78.9,43.9,2,0.0,1.0,0.0,0.0,1.0,0.0
3.8,340.7,576.7,8.6,12.5,54.7,691.6,7.0,3,0.0,1.0,0.0,1.0,0.0,0.0
5.04,363.5,208.6,4.3,0.0,26.3,39.9,24.985,2,0.0,0.0,1.0,1.0,0.0,0.0
6.38,232.8,501.2,29.2,11.7,39.6,608.1,12.1,2,1.0,0.0,0.0,1.0,0.0,0.0
3.4,297.4,585.1,28.9,16.5,51.1,696.8,4.5,3,1.0,0.0,0.0,1.0,0.0,0.0
4.85,400.6,231.4,1.3,0.7,47.9,52.3,19.9,1,0.0,1.0,0.0,1.0,0.0,0.0
13.74,174.5,518.2,4.9,15.5,70.9,251.6,22.5,2,1.0,0.0,0.0,0.0,1.0,0.0
39.23,215.2,228.4,10.3,8.2,51.5,371.0,6.2,2,0.0,1.0,0.0,0.0,0.0,1.0
8.24,189.4,226.3,3.2,10.0,33.9,562.3,7.4,3,0.0,1.0,0.0,1.0,0.0,0.0
14.3,236.2,504.4,2.2,23.9,58.2,183.3,51.6,3,0.0,1.0,0.0,0.0,1.0,0.0
9.55,329.8,223.1,3.5,3.3,23.7,11.7,22.515,2,0.0,1.0,0.0,0.0,1.0,0.0
12.8,557.7,82.5,3.7,0.0,24.4,30.5,22.0,2,0.0,1.0,0.0,0.0,1.0,0.0
8.64,274.7,553.8,30.6,32.0,68.6,768.4,12.3,1,1.0,0.0,0.0,1.0,0.0,0.0
6.01,268.9,395.4,10.4,25.2,44.7,1054.2,7.8,3,0.0,1.0,0.0,1.0,0.0,0.0
2.15,353.1,293.6,2.8,0.0,58.6,1.8,26.4,3,0.0,1.0,0.0,1.0,0.0,0.0
15.8,164.8,342.6,2.3,10.4,38.0,833.1,6.0,2,0.0,0.0,1.0,0.0,1.0,0.0
5.03,208.6,271.1,8.1,8.6,35.5,462.1,8.1,3,0.0,1.0,0.0,1.0,0.0,0.0
4.36,164.4,454.9,26.5,6.9,75.2,948.7,10.5,2,0.0,0.0,1.0,1.0,0.0,0.0
2.79,434.6,168.9,0.0,3.2,49.7,98.7,47.215,1,0.0,0.0,1.0,1.0,0.0,0.0
6.45,288.1,670.8,30.9,36.5,55.1,867.8,10.4,2,1.0,0.0,0.0,1.0,0.0,0.0
14.71,197.0,581.5,25.8,22.3,43.5,945.3,0.7,3,1.0,0.0,0.0,0.0,1.0,0.0
7.29,128.7,366.4,0.2,15.1,37.6,303.3,35.72,2,1.0,0.0,0.0,1.0,0.0,0.0
43.56,309.4,597.3,13.2,17.3,64.6,880.2,6.5,3,0.0,1.0,0.0,0.0,0.0,1.0
9.17,357.0,334.1,36.5,8.2,70.8,496.4,8.6,3,1.0,0.0,0.0,1.0,0.0,0.0
10.59,162.1,259.0,14.3,15.7,48.3,585.6,4.9,2,0.0,1.0,0.0,0.0,1.0,0.0
3.22,200.9,302.8,7.4,12.9,36.0,588.6,2.0,2,0.0,0.0,1.0,1.0,0.0,0.0
2.71,161.4,247.5,1.1,17.4,42.4,491.2,2.9,3,0.0,0.0,1.0,1.0,0.0,0.0
4.85,460.5,108.6,0.7,2.6,44.8,56.6,0.0,3,0.0,0.0,1.0,1.0,0.0,0.0
18.48,296.7,535.4,20.7,34.9,57.6,794.0,12.9,2,0.0,1.0,0.0,0.0,1.0,0.0
8.09,214.7,413.2,17.1,12.7,38.4,359.8,8.4,2,1.0,0.0,0.0,1.0,0.0,0.0
7.88,337.7,5.0,1.7,0.0,48.8,51.2,46.35999999999999,2,0.0,0.0,1.0,0.0,1.0,0.0
4.43,440.2,432.0,2.0,0.0,70.3,38.8,16.6,2,0.0,1.0,0.0,1.0,0.0,0.0
4.79,248.6,532.9,28.3,22.9,42.0,758.9,8.5,1,0.0,1.0,0.0,1.0,0.0,0.0
13.63,149.2,524.5,6.7,32.9,57.0,180.0,47.6,1,0.0,1.0,0.0,0.0,1.0,0.0
2.27,387.1,347.7,0.3,1.9,23.5,11.6,22.325,2,0.0,1.0,0.0,1.0,0.0,0.0
9.44,155.4,329.4,6.5,5.0,34.4,817.7,5.9,3,0.0,1.0,0.0,1.0,0.0,0.0
4.46,304.4,137.9,1.5,7.9,57.9,20.8,31.0,3,0.0,1.0,0.0,1.0,0.0,0.0
4.32,210.9,557.3,10.8,20.8,53.5,770.3,9.9,3,1.0,0.0,0.0,1.0,0.0,0.0
7.2,135.5,366.3,6.9,17.0,55.1,372.9,52.345,3,1.0,0.0,0.0,0.0,1.0,0.0
5.45,353.8,110.3,0.0,9.7,45.8,44.4,23.6,2,0.0,1.0,0.0,1.0,0.0,0.0
8.08,370.2,5.0,0.0,0.8,5.6,94.1,5.319999999999999,3,0.0,0.0,1.0,0.0,1.0,0.0
20.11,221.8,404.4,30.8,23.3,57.5,715.1,9.3,2,0.0,1.0,0.0,0.0,1.0,0.0
4.98,271.9,240.6,3.0,5.1,34.3,47.2,32.584999999999994,3,0.0,1.0,0.0,0.0,1.0,0.0
8.37,201.9,401.0,15.7,4.2,29.2,323.0,10.1,2,0.0,1.0,0.0,1.0,0.0,0.0
5.76,217.0,227.3,17.7,13.4,49.9,399.7,8.4,1,0.0,0.0,1.0,1.0,0.0,0.0
3.15,96.6,430.7,0.0,14.6,66.8,129.8,26.5,3,0.0,1.0,0.0,1.0,0.0,0.0
4.91,158.3,290.2,9.9,14.0,58.1,469.9,6.7,3,1.0,0.0,0.0,1.0,0.0,0.0
3.48,62.2,543.7,8.5,22.1,74.9,245.7,22.3,2,0.0,1.0,0.0,1.0,0.0,0.0
7.39,176.9,522.1,23.0,22.3,24.9,641.6,7.9,2,0.0,1.0,0.0,1.0,0.0,0.0
10.5,124.1,562.8,8.1,11.3,56.4,448.2,7.1,3,0.0,1.0,0.0,0.0,1.0,0.0
3.34,244.5,379.0,11.3,14.3,74.8,830.2,7.9,2,0.0,1.0,0.0,1.0,0.0,0.0
5.81,241.8,647.8,25.9,19.6,67.7,939.5,7.7,2,1.0,0.0,0.0,1.0,0.0,0.0
4.15,231.3,269.7,2.2,3.7,82.9,30.7,43.4,2,0.0,1.0,0.0,1.0,0.0,0.0
6.68,270.7,401.3,20.3,0.3,86.1,974.0,12.2,2,0.0,0.0,1.0,1.0,0.0,0.0
4.55,330.8,154.6,3.0,5.7,49.5,62.1,37.0,3,0.0,0.0,1.0,1.0,0.0,0.0
3.44,258.4,436.3,15.7,8.0,52.4,768.0,9.1,3,0.0,0.0,1.0,1.0,0.0,0.0
6.77,256.4,152.8,8.6,7.3,15.4,385.7,10.2,3,1.0,0.0,0.0,1.0,0.0,0.0
7.0,181.1,416.4,23.8,17.7,43.0,971.3,5.5,2,1.0,0.0,0.0,1.0,0.0,0.0
9.14,139.2,250.4,6.4,16.9,39.6,590.5,5.1,3,0.0,0.0,1.0,1.0,0.0,0.0
2.69,262.1,686.5,26.6,20.7,43.7,708.4,7.0,3,1.0,0.0,0.0,1.0,0.0,0.0
7.14,280.3,232.8,13.1,17.8,14.2,495.6,9.0,3,1.0,0.0,0.0,1.0,0.0,0.0
10.49,253.0,273.5,3.0,11.4,29.0,656.9,13.6,3,1.0,0.0,0.0,0.0,1.0,0.0
5.92,192.1,263.3,10.1,4.9,48.9,745.9,2.8,2,0.0,0.0,1.0,1.0,0.0,0.0
5.13,222.2,351.5,17.0,8.8,34.8,803.5,5.6,2,1.0,0.0,0.0,1.0,0.0,0.0
19.35,228.2,365.9,17.8,14.1,41.4,581.1,7.8,2,0.0,1.0,0.0,0.0,0.0,1.0
2.65,64.4,351.6,2.2,6.3,68.7,339.9,28.8,2,0.0,1.0,0.0,1.0,0.0,0.0
19.19,146.2,239.9,13.3,11.4,36.9,857.7,4.9,3,1.0,0.0,0.0,0.0,1.0,0.0
7.65,209.4,621.2,28.4,35.3,32.7,981.9,14.0,2,0.0,1.0,0.0,1.0,0.0,0.0
9.03,244.0,533.8,12.9,18.7,54.5,681.1,6.6,3,0.0,0.0,1.0,1.0,0.0,0.0
3.24,232.5,496.2,23.8,37.7,34.6,951.8,9.6,3,1.0,0.0,0.0,1.0,0.0,0.0
2.9,76.6,422.0,3.1,18.1,57.5,258.1,54.625,2,0.0,1.0,0.0,1.0,0.0,0.0
18.41,318.4,372.7,12.6,20.5,31.1,557.6,4.0,2,1.0,0.0,0.0,0.0,1.0,0.0
6.16,79.8,360.0,2.0,18.9,54.3,238.0,42.4,3,0.0,1.0,0.0,1.0,0.0,0.0
5.73,240.0,5.0,9.3,8.6,35.0,571.3,10.7,2,0.0,0.0,1.0,1.0,0.0,0.0
3.21,341.7,169.7,0.0,0.0,29.1,5.7,27.645,3,0.0,0.0,1.0,1.0,0.0,0.0
11.85,313.6,519.0,26.3,23.6,47.7,751.4,7.4,2,0.0,1.0,0.0,0.0,1.0,0.0
6.08,172.9,310.4,2.3,4.3,27.2,534.7,3.7,2,0.0,0.0,1.0,1.0,0.0,0.0
15.26,158.2,443.1,13.4,21.4,57.3,597.0,8.1,2,0.0,1.0,0.0,0.0,1.0,0.0
7.58,249.6,501.0,27.1,9.3,43.9,850.4,3.1,1,1.0,0.0,0.0,1.0,0.0,0.0
8.18,300.8,238.0,5.2,16.5,22.2,482.2,8.4,2,0.0,1.0,0.0,1.0,0.0,0.0
4.73,61.7,259.3,6.3,9.4,53.0,281.1,5.3,3,0.0,0.0,1.0,1.0,0.0,0.0
19.7,186.3,244.5,18.3,17.1,43.1,451.5,3.9,3,1.0,0.0,0.0,0.0,1.0,0.0
5.33,401.3,277.5,0.1,9.0,21.5,436.3,9.1,2,0.0,0.0,1.0,1.0,0.0,0.0
4.53,241.7,413.9,31.4,18.2,48.8,983.0,4.9,2,1.0,0.0,0.0,1.0,0.0,0.0
2.54,92.2,431.5,5.1,7.1,57.7,449.7,5.4,2,0.0,1.0,0.0,1.0,0.0,0.0
2.6,320.3,444.5,37.5,17.9,72.9,827.9,6.8,2,1.0,0.0,0.0,1.0,0.0,0.0
2.51,247.5,261.0,25.4,24.8,47.4,658.7,1.4,2,0.0,0.0,1.0,1.0,0.0,0.0
11.77,107.8,556.9,21.5,23.6,43.2,964.2,6.6,2,1.0,0.0,0.0,0.0,1.0,0.0
9.6,444.4,20.7,4.3,2.8,71.1,0.0,34.8,3,0.0,1.0,0.0,0.0,1.0,0.0
2.37,114.2,160.0,0.0,14.1,47.4,604.4,0.9,3,1.0,0.0,0.0,1.0,0.0,0.0
22.03,407.4,688.8,20.1,15.9,43.9,871.2,12.8,3,0.0,1.0,0.0,0.0,1.0,0.0
23.23,396.8,223.4,4.0,0.0,30.1,77.0,28.595,3,0.0,1.0,0.0,0.0,0.0,1.0
19.35,438.1,197.7,2.4,7.6,5.7,36.7,0.0,2,0.0,1.0,0.0,0.0,0.0,1.0
2.36,68.6,401.6,4.9,24.8,64.1,277.8,30.2,2,0.0,1.0,0.0,1.0,0.0,0.0
8.07,283.9,242.5,4.6,19.1,28.5,258.9,8.7,2,1.0,0.0,0.0,1.0,0.0,0.0
20.43,218.8,502.2,26.9,7.9,54.1,623.9,8.5,3,0.0,1.0,0.0,0.0,1.0,0.0
17.43,183.8,313.4,15.9,13.6,16.5,1097.9,6.2,2,0.0,1.0,0.0,0.0,1.0,0.0
5.29,459.3,117.4,1.5,3.1,35.3,15.9,33.535,3,0.0,0.0,1.0,0.0,1.0,0.0
15.6,535.0,87.2,3.0,0.0,22.2,31.8,21.09,2,0.0,0.0,1.0,0.0,0.0,1.0
47.47,298.1,593.7,16.1,7.4,94.1,842.7,3.4,2,0.0,1.0,0.0,0.0,0.0,1.0
18.01,282.1,258.2,3.9,8.8,23.0,674.0,11.7,3,0.0,0.0,1.0,0.0,0.0,1.0
7.21,471.0,235.2,3.9,0.0,39.0,125.1,37.05,3,0.0,1.0,0.0,0.0,1.0,0.0
2.5,511.3,170.0,6.6,3.4,28.9,40.1,23.0,1,0.0,1.0,0.0,1.0,0.0,0.0
6.25,247.3,621.2,24.6,42.2,38.4,648.0,11.4,2,1.0,0.0,0.0,1.0,0.0,0.0
4.92,522.1,5.0,3.4,0.0,22.4,51.1,21.28,3,0.0,1.0,0.0,1.0,0.0,0.0
5.32,90.1,160.8,1.5,10.9,45.9,554.6,1.6,2,0.0,0.0,1.0,1.0,0.0,0.0
2.54,145.8,427.4,0.0,19.2,61.2,162.8,52.4,1,0.0,0.0,1.0,1.0,0.0,0.0
18.88,160.7,472.7,7.4,14.8,20.8,478.2,1.1,3,1.0,0.0,0.0,0.0,0.0,1.0
8.87,137.0,162.2,10.1,7.6,27.0,400.6,4.2,3,0.0,0.0,1.0,1.0,0.0,0.0
3.95,531.6,100.8,4.6,0.6,53.6,40.2,48.9,2,0.0,1.0,0.0,1.0,0.0,0.0
9.24,187.5,602.9,23.5,7.3,29.6,916.5,7.0,1,0.0,1.0,0.0,1.0,0.0,0.0
54.17,140.5,415.3,15.4,15.8,35.8,735.2,6.0,3,0.0,1.0,0.0,0.0,0.0,1.0
11.47,101.7,239.1,14.4,10.9,45.2,681.6,3.4,2,0.0,1.0,0.0,0.0,1.0,0.0
20.16,165.8,309.5,10.4,14.1,34.9,587.5,4.8,2,1.0,0.0,0.0,0.0,1.0,0.0
5.62,440.1,154.0,1.6,3.5,24.4,71.5,23.18,2,0.0,0.0,1.0,1.0,0.0,0.0
11.58,140.1,345.7,6.6,7.2,85.2,395.2,24.5,2,0.0,0.0,1.0,0.0,1.0,0.0
5.0,562.1,33.2,0.2,0.0,95.9,16.1,60.4,2,0.0,1.0,0.0,1.0,0.0,0.0
4.56,236.7,588.9,24.4,36.3,32.1,1140.3,7.3,1,0.0,1.0,0.0,1.0,0.0,0.0
43.37,220.1,632.3,18.3,23.1,60.8,822.1,7.3,2,1.0,0.0,0.0,0.0,0.0,1.0
6.18,84.4,175.7,4.6,23.5,44.2,317.2,0.0,2,0.0,1.0,0.0,1.0,0.0,0.0
9.48,137.4,403.4,8.3,12.1,46.1,347.1,5.6,2,0.0,1.0,0.0,0.0,1.0,0.0
4.7,276.2,526.4,21.1,32.7,50.4,610.5,12.9,3,1.0,0.0,0.0,1.0,0.0,0.0
5.07,422.9,283.4,5.1,3.3,63.1,71.4,53.6,3,0.0,1.0,0.0,1.0,0.0,0.0
38.96,149.3,409.1,0.0,10.2,42.4,325.9,0.3,3,0.0,1.0,0.0,0.0,0.0,1.0
10.98,309.1,446.3,26.7,11.0,86.3,588.8,5.4,3,0.0,1.0,0.0,0.0,1.0,0.0
6.74,379.3,200.2,19.4,9.5,92.5,742.8,3.6,3,0.0,0.0,1.0,1.0,0.0,0.0
11.18,384.0,212.9,0.0,0.0,54.2,68.9,5.2,3,0.0,0.0,1.0,0.0,1.0,0.0
14.56,164.1,306.1,18.9,7.9,38.2,657.1,5.7,2,0.0,0.0,1.0,0.0,1.0,0.0
2.84,398.3,16.2,0.0,0.0,46.3,69.6,43.98499999999999,2,0.0,0.0,1.0,1.0,0.0,0.0
5.26,241.8,430.8,24.8,14.2,57.0,823.7,8.6,3,1.0,0.0,0.0,1.0,0.0,0.0
5.47,235.1,337.5,29.8,24.1,42.7,727.4,13.4,2,0.0,0.0,1.0,1.0,0.0,0.0
2.72,331.4,149.6,25.7,11.4,15.3,669.1,14.535,2,0.0,1.0,0.0,1.0,0.0,0.0
6.98,199.0,620.5,40.6,33.8,63.5,787.2,7.9,3,1.0,0.0,0.0,1.0,0.0,0.0
5.37,164.0,177.2,11.6,3.5,26.9,900.1,4.1,3,0.0,1.0,0.0,1.0,0.0,0.0
10.68,191.3,431.2,17.5,25.7,36.0,1364.7,14.9,3,1.0,0.0,0.0,0.0,1.0,0.0
18.06,299.1,474.9,29.2,16.8,38.0,669.7,8.1,2,1.0,0.0,0.0,0.0,1.0,0.0
2.02,506.8,41.0,4.2,0.0,59.9,34.3,56.905,2,0.0,1.0,0.0,1.0,0.0,0.0
19.8,307.6,651.0,28.3,14.9,70.5,1130.3,9.0,2,1.0,0.0,0.0,0.0,1.0,0.0
3.32,268.0,309.6,19.6,24.8,46.1,636.6,6.3,2,1.0,0.0,0.0,1.0,0.0,0.0
6.01,129.5,257.5,3.2,8.5,36.2,423.2,1.3,3,0.0,1.0,0.0,1.0,0.0,0.0
2.65,101.9,324.9,1.4,0.6,45.8,400.9,3.1,2,0.0,0.0,1.0,1.0,0.0,0.0
13.15,95.5,374.6,2.1,13.1,32.3,293.2,1.7,2,0.0,1.0,0.0,0.0,1.0,0.0
15.59,170.0,297.0,11.4,7.0,27.7,642.9,5.8,3,0.0,0.0,1.0,0.0,1.0,0.0
4.58,153.6,220.6,15.5,11.8,41.5,558.4,5.5,3,1.0,0.0,0.0,1.0,0.0,0.0
16.39,188.3,852.0,31.3,28.3,31.1,822.6,8.9,2,1.0,0.0,0.0,0.0,1.0,0.0
6.92,190.1,271.4,27.3,23.1,45.7,1113.5,4.2,2,1.0,0.0,0.0,1.0,0.0,0.0
9.15,392.7,722.7,29.0,18.4,68.6,555.4,12.1,3,1.0,0.0,0.0,1.0,0.0,0.0
5.68,222.6,265.5,15.1,11.0,36.8,871.3,5.2,2,1.0,0.0,0.0,1.0,0.0,0.0
2.21,563.5,129.0,5.7,4.7,54.5,37.6,27.4,2,0.0,1.0,0.0,1.0,0.0,0.0
34.19,340.5,196.5,1.2,3.2,65.5,4.2,47.6,2,0.0,0.0,1.0,0.0,0.0,1.0
6.89,373.3,102.2,3.6,0.0,22.3,63.0,21.185,2,0.0,0.0,1.0,0.0,1.0,0.0
4.6,211.0,411.8,23.5,24.4,47.3,922.5,2.4,3,0.0,1.0,0.0,1.0,0.0,0.0
7.47,169.9,273.3,5.2,10.5,84.2,316.5,20.2,3,0.0,1.0,0.0,1.0,0.0,0.0
26.68,127.5,364.3,5.2,17.4,43.1,30.4,40.945,3,0.0,1.0,0.0,0.0,0.0,1.0
3.98,298.2,5.0,0.0,2.6,29.5,39.2,28.025,2,0.0,0.0,1.0,1.0,0.0,0.0
4.47,129.8,360.4,8.9,10.9,33.1,632.1,6.2,3,1.0,0.0,0.0,1.0,0.0,0.0
9.39,126.5,364.1,12.8,10.9,35.0,521.4,4.3,3,1.0,0.0,0.0,1.0,0.0,0.0
3.53,336.5,5.0,0.0,2.2,71.3,0.0,50.7,3,0.0,1.0,0.0,1.0,0.0,0.0
1.77,441.8,147.9,3.7,6.7,22.9,52.7,16.3,3,0.0,1.0,0.0,1.0,0.0,0.0
9.82,122.2,279.5,6.1,8.5,31.9,238.7,1.7,3,0.0,1.0,0.0,0.0,1.0,0.0
6.14,420.7,145.5,0.0,5.8,68.0,56.0,42.8,2,0.0,1.0,0.0,0.0,1.0,0.0
19.58,323.2,366.9,1.6,1.4,25.7,32.7,24.415,2,0.0,1.0,0.0,0.0,0.0,1.0
7.62,179.9,258.0,9.8,11.4,30.3,663.2,4.1,3,1.0,0.0,0.0,1.0,0.0,0.0
15.28,104.7,325.5,3.0,14.0,42.7,409.4,1.3,3,0.0,1.0,0.0,0.0,1.0,0.0
10.07,572.1,239.9,2.6,0.0,62.8,86.8,30.2,2,0.0,1.0,0.0,0.0,1.0,0.0
6.98,235.9,250.0,31.1,36.2,34.1,940.5,12.2,3,1.0,0.0,0.0,1.0,0.0,0.0
45.48,130.8,353.6,9.3,7.1,40.0,973.5,4.2,3,1.0,0.0,0.0,0.0,0.0,1.0
37.54,84.5,251.4,3.3,5.7,32.6,422.0,5.2,2,0.0,1.0,0.0,0.0,0.0,1.0
8.82,400.9,668.5,26.3,14.5,85.8,589.3,0.2,2,1.0,0.0,0.0,1.0,0.0,0.0
8.79,215.8,591.7,22.7,32.4,65.0,1283.2,4.8,3,1.0,0.0,0.0,1.0,0.0,0.0
3.04,179.7,384.3,7.4,17.1,24.1,596.4,0.4,2,1.0,0.0,0.0,1.0,0.0,0.0
36.64,191.1,303.3,10.5,6.1,41.8,631.7,3.4,3,0.0,1.0,0.0,0.0,0.0,1.0
4.04,206.9,520.3,26.6,38.7,51.9,1051.9,12.4,3,1.0,0.0,0.0,1.0,0.0,0.0
9.94,223.2,454.0,16.5,27.7,43.5,1022.0,9.1,3,0.0,1.0,0.0,0.0,1.0,0.0
17.51,123.4,304.8,6.4,13.5,34.8,522.7,3.3,3,0.0,1.0,0.0,0.0,0.0,1.0
14.29,393.4,733.6,10.1,17.9,51.3,898.9,5.3,1,1.0,0.0,0.0,0.0,1.0,0.0
30.99,119.1,296.6,10.1,19.1,71.9,118.5,57.4,3,0.0,1.0,0.0,0.0,0.0,1.0
5.35,263.9,502.2,19.6,39.4,45.8,729.5,10.1,2,1.0,0.0,0.0,1.0,0.0,0.0
18.33,226.4,692.8,31.5,36.3,39.9,964.8,8.3,2,1.0,0.0,0.0,0.0,1.0,0.0
7.78,256.0,638.3,6.4,19.1,41.4,717.8,4.2,2,1.0,0.0,0.0,1.0,0.0,0.0
2.96,111.0,160.0,0.0,14.1,41.9,379.5,4.1,3,0.0,1.0,0.0,1.0,0.0,0.0
3.39,143.2,216.3,15.8,11.1,30.8,608.9,5.4,3,1.0,0.0,0.0,1.0,0.0,0.0
2.21,470.2,159.0,3.8,5.6,81.3,13.3,21.9,2,0.0,1.0,0.0,1.0,0.0,0.0
10.34,455.8,223.9,0.0,0.0,35.7,0.0,5.6,2,0.0,1.0,0.0,0.0,1.0,0.0
7.86,175.5,144.7,14.7,17.9,24.7,724.2,7.2,1,1.0,0.0,0.0,1.0,0.0,0.0
20.74,165.4,458.7,15.4,19.4,48.3,639.1,3.2,3,0.0,1.0,0.0,0.0,1.0,0.0
5.35,164.9,336.7,5.4,16.6,79.1,292.1,38.4,2,0.0,1.0,0.0,1.0,0.0,0.0
18.38,165.1,313.9,16.9,8.7,24.7,496.2,7.6,3,1.0,0.0,0.0,0.0,0.0,1.0
4.55,151.7,464.3,0.0,0.0,59.8,214.3,56.81,3,0.0,0.0,1.0,1.0,0.0,0.0
15.67,200.2,485.9,20.1,18.0,33.8,575.5,8.2,1,0.0,1.0,0.0,0.0,1.0,0.0
14.64,289.6,352.6,0.0,14.1,31.3,424.4,14.5,1,1.0,0.0,0.0,0.0,1.0,0.0
18.45,268.3,235.0,16.5,8.3,21.7,409.2,5.4,3,1.0,0.0,0.0,0.0,1.0,0.0
7.38,401.5,61.0,1.6,1.1,46.0,47.8,37.8,3,0.0,1.0,0.0,0.0,1.0,0.0
4.65,132.7,375.7,4.4,12.6,44.0,236.6,4.2,3,0.0,0.0,1.0,1.0,0.0,0.0
20.62,165.4,607.2,31.5,36.7,47.9,848.3,9.3,2,1.0,0.0,0.0,0.0,1.0,0.0
2.64,379.2,5.0,4.4,0.0,60.6,62.3,13.8,3,0.0,1.0,0.0,1.0,0.0,0.0
4.14,264.2,535.4,17.6,29.7,54.7,655.4,8.9,3,0.0,1.0,0.0,1.0,0.0,0.0
2.3,414.9,336.3,3.9,1.0,69.7,77.0,59.6,2,0.0,0.0,1.0,1.0,0.0,0.0
6.03,447.2,461.9,1.6,4.1,41.5,0.0,37.8,2,0.0,1.0,0.0,0.0,1.0,0.0
5.87,129.3,309.1,4.9,11.0,32.4,569.2,6.5,3,1.0,0.0,0.0,1.0,0.0,0.0
41.87,341.6,365.5,3.6,13.3,14.1,140.3,9.3,3,0.0,1.0,0.0,0.0,0.0,1.0
50.07,175.6,414.6,17.5,28.6,62.0,1095.1,6.1,2,0.0,1.0,0.0,0.0,0.0,1.0
4.6,473.3,186.8,0.0,7.2,40.3,60.7,31.0,2,0.0,0.0,1.0,1.0,0.0,0.0
8.65,141.4,317.5,7.5,11.6,53.3,598.5,3.5,2,0.0,0.0,1.0,1.0,0.0,0.0
6.11,263.9,467.9,8.9,10.0,11.6,184.3,11.02,2,0.0,1.0,0.0,1.0,0.0,0.0
2.72,210.3,450.9,12.7,13.2,47.3,1088.2,6.9,1,1.0,0.0,0.0,1.0,0.0,0.0
9.36,200.7,359.2,20.1,8.7,46.9,737.8,3.7,2,1.0,0.0,0.0,1.0,0.0,0.0
5.19,175.8,356.0,10.3,9.7,41.6,950.8,2.1,3,0.0,1.0,0.0,1.0,0.0,0.0
2.67,471.5,132.1,4.0,3.8,31.4,23.1,29.83,1,0.0,1.0,0.0,1.0,0.0,0.0
3.77,311.0,275.8,30.5,20.2,75.4,286.1,2.8,2,0.0,1.0,0.0,1.0,0.0,0.0
2.47,110.3,232.5,7.9,14.4,33.1,450.8,4.7,2,0.0,1.0,0.0,1.0,0.0,0.0
18.4,189.0,490.1,28.8,32.1,44.4,955.0,11.2,2,0.0,1.0,0.0,0.0,1.0,0.0
2.39,207.0,237.5,15.6,18.8,27.8,674.9,7.8,3,1.0,0.0,0.0,1.0,0.0,0.0
13.31,59.6,273.9,6.1,11.2,37.0,401.8,4.0,3,0.0,1.0,0.0,0.0,1.0,0.0
6.17,174.1,211.2,7.2,9.0,49.4,617.0,5.3,2,0.0,0.0,1.0,1.0,0.0,0.0
7.45,208.7,522.4,18.8,34.7,47.9,1313.5,7.0,2,1.0,0.0,0.0,1.0,0.0,0.0
4.27,544.3,165.1,3.4,1.7,0.0,65.9,0.0,2,0.0,1.0,0.0,1.0,0.0,0.0
19.7,125.5,327.3,13.2,13.3,38.1,720.2,6.1,1,1.0,0.0,0.0,0.0,1.0,0.0
6.27,233.9,575.7,26.3,16.4,47.7,743.6,6.5,3,1.0,0.0,0.0,1.0,0.0,0.0
18.66,213.6,381.1,5.8,16.7,35.1,464.9,8.8,2,0.0,1.0,0.0,0.0,0.0,1.0
1.51,248.9,153.0,3.8,1.6,36.5,97.9,34.675,2,0.0,1.0,0.0,1.0,0.0,0.0
25.02,442.3,354.2,0.0,7.9,57.5,20.7,32.8,3,0.0,1.0,0.0,0.0,0.0,1.0
2.06,164.7,269.6,0.0,7.1,54.6,532.1,0.5,2,0.0,1.0,0.0,1.0,0.0,0.0
5.31,145.9,181.7,11.3,8.8,23.1,686.1,7.7,3,1.0,0.0,0.0,1.0,0.0,0.0
7.62,183.4,377.9,16.0,20.8,61.0,1053.5,1.9,2,1.0,0.0,0.0,1.0,0.0,0.0
16.91,156.7,368.2,15.6,12.7,32.4,757.4,1.3,2,1.0,0.0,0.0,0.0,1.0,0.0
12.63,539.5,397.6,3.2,8.2,60.6,40.6,6.7,3,0.0,1.0,0.0,0.0,1.0,0.0
7.36,190.5,488.8,34.5,16.9,51.2,1016.4,7.2,2,0.0,1.0,0.0,1.0,0.0,0.0
9.16,179.9,306.7,17.5,3.2,40.4,308.4,6.8,1,0.0,1.0,0.0,1.0,0.0,0.0
41.86,203.2,392.5,14.9,8.0,41.5,678.0,6.6,3,1.0,0.0,0.0,0.0,0.0,1.0
2.12,180.1,475.3,6.2,9.3,52.1,298.2,48.0,2,0.0,1.0,0.0,1.0,0.0,0.0
9.06,259.6,316.1,19.0,21.1,30.9,287.0,3.5,2,1.0,0.0,0.0,0.0,1.0,0.0
7.79,153.9,275.0,19.8,12.8,30.6,706.7,6.9,1,1.0,0.0,0.0,1.0,0.0,0.0
6.46,369.3,472.4,14.9,11.8,52.0,617.3,7.9,2,0.0,0.0,1.0,1.0,0.0,0.0
7.47,113.7,492.7,10.7,12.6,73.9,300.3,27.8,2,0.0,1.0,0.0,1.0,0.0,0.0
5.96,138.5,243.2,14.0,10.8,55.7,758.2,8.1,3,1.0,0.0,0.0,1.0,0.0,0.0
3.73,348.4,147.7,15.1,16.9,13.5,664.6,8.5,2,1.0,0.0,0.0,1.0,0.0,0.0
7.47,153.4,356.6,8.6,16.7,67.3,133.9,36.4,2,0.0,1.0,0.0,1.0,0.0,0.0
8.1,286.5,514.0,31.4,34.3,31.4,888.3,4.8,2,1.0,0.0,0.0,1.0,0.0,0.0
4.9,526.0,199.5,0.5,10.8,44.0,0.0,41.8,1,0.0,1.0,0.0,1.0,0.0,0.0
12.39,150.1,315.4,14.0,5.0,45.4,621.8,9.6,2,0.0,0.0,1.0,0.0,1.0,0.0
4.64,62.0,285.0,0.0,3.4,27.8,217.0,0.8,3,0.0,0.0,1.0,1.0,0.0,0.0
2.48,142.0,574.5,22.5,13.9,26.0,1101.8,2.5,2,1.0,0.0,0.0,1.0,0.0,0.0
5.61,260.3,222.6,19.9,9.6,26.3,290.5,11.6,3,0.0,0.0,1.0,1.0,0.0,0.0
8.88,217.8,383.6,0.4,17.7,60.9,571.9,5.4,2,0.0,1.0,0.0,1.0,0.0,0.0
2.87,238.9,306.1,17.2,11.3,40.0,617.7,10.0,3,1.0,0.0,0.0,1.0,0.0,0.0
33.44,199.4,616.5,8.1,12.1,88.3,225.6,48.2,2,0.0,1.0,0.0,0.0,0.0,1.0
7.32,169.7,365.8,17.3,8.2,47.3,829.7,3.2,2,1.0,0.0,0.0,1.0,0.0,0.0
20.71,366.6,393.3,12.5,15.7,17.7,356.4,13.8,3,1.0,0.0,0.0,0.0,0.0,1.0
4.29,201.0,527.5,17.9,21.1,44.9,977.2,3.1,3,1.0,0.0,0.0,1.0,0.0,0.0
5.26,643.7,413.4,5.1,1.2,28.4,49.1,26.98,3,0.0,1.0,0.0,1.0,0.0,0.0
4.88,424.8,311.0,0.0,3.2,68.1,9.9,59.3,2,0.0,1.0,0.0,0.0,1.0,0.0
6.45,449.0,501.3,17.6,7.9,16.2,401.6,11.3,3,1.0,0.0,0.0,1.0,0.0,0.0
9.19,466.8,568.1,11.0,15.4,32.3,801.5,12.2,3,0.0,1.0,0.0,1.0,0.0,0.0
2.12,351.7,99.0,0.0,3.0,0.0,37.2,0.0,2,0.0,1.0,0.0,1.0,0.0,0.0
3.33,272.1,189.8,11.7,22.7,20.2,350.8,7.4,2,0.0,1.0,0.0,1.0,0.0,0.0
6.12,320.2,127.3,11.3,12.0,36.0,426.0,9.9,2,1.0,0.0,0.0,1.0,0.0,0.0
4.26,521.2,5.0,0.0,8.7,23.2,78.1,22.04,2,0.0,1.0,0.0,1.0,0.0,0.0
3.1,179.4,548.0,1.1,16.5,51.0,354.4,41.1,2,1.0,0.0,0.0,1.0,0.0,0.0
7.76,146.7,440.6,13.7,9.0,30.1,492.5,5.0,3,1.0,0.0,0.0,1.0,0.0,0.0
14.76,335.1,98.0,5.0,18.6,9.5,713.7,6.5,1,1.0,0.0,0.0,0.0,1.0,0.0
9.56,189.7,227.6,15.3,20.5,47.6,890.0,6.2,2,1.0,0.0,0.0,1.0,0.0,0.0
16.69,172.3,293.7,10.0,10.0,38.7,850.5,3.0,2,0.0,1.0,0.0,0.0,1.0,0.0
2.39,191.7,402.7,8.0,14.7,65.7,213.0,53.8,3,0.0,0.0,1.0,1.0,0.0,0.0
6.8,168.5,282.4,8.0,15.4,33.4,809.5,4.2,2,1.0,0.0,0.0,1.0,0.0,0.0
3.15,148.9,331.5,11.6,19.2,44.8,527.6,6.1,2,0.0,0.0,1.0,1.0,0.0,0.0
6.3,255.5,536.4,19.7,21.4,64.6,723.2,12.0,3,1.0,0.0,0.0,1.0,0.0,0.0
4.54,171.3,312.4,2.1,24.4,31.8,143.9,30.21,3,0.0,1.0,0.0,1.0,0.0,0.0
16.24,414.5,293.6,0.0,7.2,29.1,518.1,2.1,2,0.0,1.0,0.0,0.0,1.0,0.0
5.6,262.0,618.9,20.6,5.6,57.2,1001.1,14.1,3,0.0,0.0,1.0,1.0,0.0,0.0
8.58,162.7,267.7,7.1,9.8,30.1,679.8,2.5,1,0.0,1.0,0.0,0.0,1.0,0.0
7.14,166.3,55.5,7.8,8.6,44.5,407.0,2.2,3,1.0,0.0,0.0,0.0,1.0,0.0
6.53,174.6,250.0,20.7,15.9,43.3,699.5,5.8,2,1.0,0.0,0.0,1.0,0.0,0.0
6.91,349.0,394.5,1.7,10.8,36.6,225.0,7.1,2,0.0,1.0,0.0,1.0,0.0,0.0
2.71,459.8,389.3,3.7,1.3,40.2,6.5,38.19,1,0.0,1.0,0.0,1.0,0.0,0.0
8.23,138.2,209.6,0.9,16.1,31.8,521.5,2.7,2,0.0,1.0,0.0,0.0,1.0,0.0
2.56,222.4,300.4,8.1,16.8,35.3,771.2,10.2,3,0.0,1.0,0.0,1.0,0.0,0.0
13.89,226.0,619.4,9.8,7.7,89.3,182.2,63.8,2,0.0,1.0,0.0,0.0,1.0,0.0
3.98,187.6,332.8,19.6,26.8,43.2,906.2,9.6,2,0.0,0.0,1.0,1.0,0.0,0.0
2.06,115.2,324.1,0.0,6.6,10.8,416.2,5.6,2,0.0,0.0,1.0,1.0,0.0,0.0
9.83,467.3,141.7,0.0,0.0,33.4,29.1,31.73,2,0.0,1.0,0.0,0.0,1.0,0.0
6.69,292.6,480.9,23.1,9.3,34.5,928.2,10.5,1,0.0,1.0,0.0,1.0,0.0,0.0
10.45,93.0,366.8,0.0,20.2,41.8,570.9,1.7,2,0.0,1.0,0.0,0.0,1.0,0.0
3.27,140.9,267.7,4.7,17.2,70.4,141.2,44.8,2,0.0,1.0,0.0,1.0,0.0,0.0
4.68,297.9,652.7,31.2,10.1,96.3,679.9,1.7,2,0.0,1.0,0.0,1.0,0.0,0.0
20.63,371.0,605.7,2.4,10.1,79.4,619.4,10.7,1,0.0,1.0,0.0,0.0,1.0,0.0
1.85,113.3,152.9,1.3,19.6,54.9,387.0,1.8,3,0.0,1.0,0.0,1.0,0.0,0.0
5.2,553.5,235.6,0.7,2.4,17.3,77.8,16.435,1,0.0,1.0,0.0,1.0,0.0,0.0
9.14,179.3,267.3,10.4,11.6,37.0,895.0,4.0,1,1.0,0.0,0.0,1.0,0.0,0.0
32.23,324.7,199.3,1.9,0.9,37.0,67.9,35.15,3,0.0,1.0,0.0,0.0,0.0,1.0
7.25,250.2,358.0,7.2,16.9,15.8,873.2,0.0,3,0.0,1.0,0.0,0.0,1.0,0.0
3.48,323.3,657.6,10.0,10.1,66.0,704.4,10.8,3,1.0,0.0,0.0,1.0,0.0,0.0
20.49,132.4,587.7,3.7,8.7,75.2,344.0,49.0,3,1.0,0.0,0.0,0.0,0.0,1.0
7.65,69.1,475.8,37.5,14.1,46.2,713.9,7.2,3,1.0,0.0,0.0,1.0,0.0,0.0
4.08,127.8,220.1,4.3,14.3,35.7,646.0,2.7,3,0.0,0.0,1.0,1.0,0.0,0.0
8.69,188.5,458.4,17.8,26.0,53.4,793.4,6.4,3,0.0,1.0,0.0,1.0,0.0,0.0
8.7,250.1,454.0,14.3,37.5,50.4,900.1,14.4,3,0.0,0.0,1.0,1.0,0.0,0.0
4.75,427.0,271.4,2.7,2.9,64.5,89.2,18.7,2,0.0,1.0,0.0,1.0,0.0,0.0
6.52,228.5,573.1,20.1,37.6,42.1,829.3,3.5,3,1.0,0.0,0.0,1.0,0.0,0.0
4.69,110.7,219.0,11.5,26.2,35.6,237.9,1.3,2,1.0,0.0,0.0,1.0,0.0,0.0
11.75,139.3,485.5,7.2,11.0,31.1,489.9,3.2,1,0.0,1.0,0.0,0.0,1.0,0.0
6.61,213.8,231.3,9.8,15.2,32.2,529.8,9.3,2,0.0,1.0,0.0,1.0,0.0,0.0
6.62,461.3,123.9,0.0,0.3,80.8,60.4,57.1,2,0.0,0.0,1.0,0.0,1.0,0.0
6.35,72.4,574.6,18.3,26.4,64.6,655.8,6.1,1,0.0,1.0,0.0,1.0,0.0,0.0
8.06,300.1,405.2,6.9,22.5,18.2,301.2,12.1,2,0.0,0.0,1.0,0.0,1.0,0.0
7.43,337.5,303.0,2.5,10.0,44.0,467.6,9.3,2,0.0,1.0,0.0,1.0,0.0,0.0
6.39,170.0,192.9,1.5,19.3,42.3,259.9,1.3,3,0.0,1.0,0.0,1.0,0.0,0.0
8.38,564.4,69.2,2.6,7.3,24.0,75.0,22.8,2,0.0,1.0,0.0,0.0,1.0,0.0
6.03,115.8,482.3,10.1,27.1,70.2,148.9,34.6,2,1.0,0.0,0.0,1.0,0.0,0.0
4.9,437.1,360.8,0.9,0.6,51.7,68.0,49.115,2,0.0,0.0,1.0,1.0,0.0,0.0
8.9,198.3,714.4,15.9,29.3,47.2,753.4,5.0,2,1.0,0.0,0.0,1.0,0.0,0.0
4.5,352.9,174.2,0.0,15.9,27.5,122.2,2.5,3,0.0,1.0,0.0,1.0,0.0,0.0
28.85,366.6,147.8,1.0,0.4,47.2,83.6,23.3,2,0.0,1.0,0.0,0.0,0.0,1.0
6.82,194.9,583.3,13.4,35.4,41.4,994.5,10.6,2,0.0,1.0,0.0,1.0,0.0,0.0
2.07,109.0,515.8,0.0,15.8,87.4,296.1,48.5,3,0.0,1.0,0.0,1.0,0.0,0.0
4.21,255.3,478.3,21.0,31.5,57.5,940.6,8.8,1,1.0,0.0,0.0,1.0,0.0,0.0
32.02,156.1,416.2,19.6,4.5,49.6,734.7,5.8,2,0.0,0.0,1.0,0.0,0.0,1.0
9.28,183.7,785.2,26.7,33.4,49.1,1108.7,7.5,2,1.0,0.0,0.0,1.0,0.0,0.0
14.54,321.1,780.2,7.5,15.7,89.1,973.3,7.0,2,1.0,0.0,0.0,0.0,1.0,0.0
13.75,343.7,308.6,7.2,20.8,26.9,313.3,0.2,3,0.0,1.0,0.0,0.0,1.0,0.0
9.26,192.6,178.5,14.6,14.3,32.7,858.8,5.2,3,0.0,0.0,1.0,1.0,0.0,0.0
9.27,95.9,347.3,7.4,15.5,34.2,391.6,3.5,2,0.0,1.0,0.0,0.0,1.0,0.0
2.15,400.0,118.9,4.7,5.8,43.5,92.8,41.325,3,0.0,1.0,0.0,1.0,0.0,0.0
3.83,433.2,72.5,3.7,0.4,33.9,0.0,24.4,2,0.0,1.0,0.0,1.0,0.0,0.0
21.94,310.0,433.6,16.2,8.9,51.2,632.2,5.2,2,1.0,0.0,0.0,0.0,1.0,0.0
4.69,247.3,579.9,34.1,34.0,52.5,659.7,4.7,2,0.0,1.0,0.0,1.0,0.0,0.0
9.47,50.0,232.0,7.6,13.7,34.5,441.7,2.0,3,0.0,1.0,0.0,0.0,1.0,0.0
35.64,250.5,677.9,28.3,9.1,57.9,1181.2,7.3,2,1.0,0.0,0.0,0.0,0.0,1.0
8.54,318.7,513.2,27.5,23.4,24.7,995.1,9.0,2,0.0,1.0,0.0,1.0,0.0,0.0
5.24,450.3,527.3,0.2,0.0,49.6,30.9,44.8,3,0.0,1.0,0.0,1.0,0.0,0.0
3.85,437.3,110.0,1.8,5.1,37.3,78.8,35.3,1,0.0,1.0,0.0,1.0,0.0,0.0
2.23,288.4,121.6,0.3,4.7,82.9,7.2,55.9,3,0.0,0.0,1.0,1.0,0.0,0.0
2.62,196.9,575.8,24.5,35.9,70.0,779.7,9.2,2,0.0,1.0,0.0,1.0,0.0,0.0
5.1,319.8,601.2,21.0,20.1,58.5,718.6,5.9,3,0.0,1.0,0.0,1.0,0.0,0.0
7.93,256.9,566.1,13.2,18.2,29.9,1213.8,12.9,2,1.0,0.0,0.0,1.0,0.0,0.0
32.99,209.8,865.5,20.4,31.8,48.4,1057.7,3.2,3,1.0,0.0,0.0,0.0,0.0,1.0
4.02,227.6,635.2,14.3,20.1,54.3,1068.9,11.3,2,1.0,0.0,0.0,1.0,0.0,0.0
4.28,171.7,450.2,4.4,18.5,28.0,307.7,2.0,2,0.0,1.0,0.0,1.0,0.0,0.0
34.36,98.4,519.7,4.2,22.8,61.1,277.7,22.4,2,0.0,1.0,0.0,0.0,0.0,1.0
13.17,222.7,559.5,27.5,18.9,59.2,905.0,14.8,3,0.0,1.0,0.0,0.0,1.0,0.0
8.68,182.4,305.6,12.5,8.7,53.0,891.2,10.0,3,0.0,1.0,0.0,1.0,0.0,0.0
5.17,370.7,149.7,0.0,2.8,27.7,39.8,26.315,3,0.0,1.0,0.0,1.0,0.0,0.0
7.21,229.6,495.3,14.2,10.6,43.7,983.6,7.1,3,1.0,0.0,0.0,1.0,0.0,0.0
7.76,319.2,765.6,27.4,22.8,51.4,1067.6,9.6,3,1.0,0.0,0.0,1.0,0.0,0.0
13.89,199.8,458.3,23.1,23.8,64.0,1147.1,13.2,2,0.0,1.0,0.0,0.0,1.0,0.0
28.82,665.6,356.8,0.0,4.5,77.8,87.5,37.6,3,0.0,0.0,1.0,0.0,0.0,1.0
35.33,124.4,148.2,5.3,7.4,25.8,210.3,3.6,2,0.0,0.0,1.0,0.0,0.0,1.0
11.07,442.1,276.3,2.6,1.7,53.1,0.0,37.6,2,0.0,0.0,1.0,0.0,1.0,0.0
2.9,171.8,315.8,4.6,28.7,43.3,283.5,1.2,3,1.0,0.0,0.0,1.0,0.0,0.0
1.82,452.4,49.4,1.6,0.0,48.0,79.5,45.6,3,0.0,0.0,1.0,1.0,0.0,0.0
9.68,138.0,271.8,5.6,5.2,60.5,330.3,1.2,2,0.0,1.0,0.0,0.0,1.0,0.0
3.4,328.3,274.9,0.6,0.0,99.3,48.1,34.7,1,0.0,1.0,0.0,1.0,0.0,0.0
1.79,592.8,368.3,4.3,0.6,47.0,74.5,44.65,3,0.0,0.0,1.0,1.0,0.0,0.0
4.13,354.3,313.9,2.5,1.0,43.3,76.0,41.135,2,0.0,0.0,1.0,1.0,0.0,0.0
8.62,378.0,270.9,7.4,14.0,21.1,721.1,7.8,2,1.0,0.0,0.0,0.0,1.0,0.0
3.07,211.4,477.6,26.1,17.5,41.6,626.5,8.8,1,1.0,0.0,0.0,1.0,0.0,0.0
2.0,582.9,266.6,1.9,4.5,31.0,19.6,29.45,3,0.0,1.0,0.0,1.0,0.0,0.0
19.06,279.8,646.1,28.2,16.2,90.7,353.9,5.5,3,1.0,0.0,0.0,0.0,1.0,0.0
3.12,400.1,223.6,3.8,0.0,68.3,103.4,5.9,2,0.0,1.0,0.0,1.0,0.0,0.0
2.87,253.0,520.6,11.2,44.1,51.2,985.1,6.9,2,1.0,0.0,0.0,1.0,0.0,0.0
3.94,173.9,263.1,0.7,18.8,6.4,172.7,6.08,3,0.0,1.0,0.0,1.0,0.0,0.0
8.81,529.2,160.7,2.9,7.1,29.0,116.5,19.2,3,0.0,1.0,0.0,0.0,1.0,0.0
5.88,252.6,636.4,23.1,18.3,38.7,473.2,9.2,2,0.0,1.0,0.0,1.0,0.0,0.0
11.23,106.6,356.1,2.6,6.5,36.6,69.1,34.77,2,0.0,1.0,0.0,0.0,1.0,0.0
6.16,303.9,247.4,4.0,3.1,15.3,383.3,6.4,2,0.0,0.0,1.0,1.0,0.0,0.0
4.61,472.7,284.5,0.8,10.8,21.7,8.5,20.615,2,0.0,1.0,0.0,1.0,0.0,0.0
9.03,199.4,560.9,30.1,12.8,45.2,850.4,8.7,3,1.0,0.0,0.0,0.0,1.0,0.0
4.09,513.2,302.5,1.2,4.2,54.0,91.3,39.6,2,0.0,1.0,0.0,1.0,0.0,0.0
11.35,130.6,464.7,6.7,12.8,59.9,310.2,19.0,2,1.0,0.0,0.0,0.0,1.0,0.0
43.4,202.6,680.6,3.0,23.7,42.7,265.8,40.4,1,1.0,0.0,0.0,0.0,0.0,1.0
2.94,237.2,236.6,28.4,17.4,29.2,1000.6,10.7,2,0.0,0.0,1.0,1.0,0.0,0.0
22.01,251.1,474.7,12.3,4.8,72.4,649.9,3.4,2,0.0,0.0,1.0,0.0,0.0,1.0
17.14,172.4,534.4,6.9,18.4,66.5,811.5,4.3,2,0.0,0.0,1.0,0.0,0.0,1.0
3.25,88.4,199.6,0.0,4.8,33.8,506.9,2.9,2,0.0,1.0,0.0,1.0,0.0,0.0
10.54,192.7,471.9,15.0,23.6,62.2,714.6,5.2,3,1.0,0.0,0.0,0.0,1.0,0.0
17.0,590.4,80.4,2.1,0.0,64.2,42.4,38.8,3,0.0,0.0,1.0,0.0,0.0,1.0
7.6,234.5,614.1,32.4,19.5,34.3,677.1,10.8,1,1.0,0.0,0.0,0.0,1.0,0.0
8.39,193.5,158.3,8.6,17.6,18.9,677.3,3.4,3,0.0,0.0,1.0,0.0,1.0,0.0
14.92,254.2,213.0,0.0,9.5,28.5,400.8,7.1,3,0.0,1.0,0.0,0.0,1.0,0.0
3.64,167.9,442.9,13.6,11.6,27.0,530.7,6.8,2,0.0,1.0,0.0,1.0,0.0,0.0
11.89,234.2,437.1,24.9,31.5,52.7,1010.7,4.8,1,0.0,1.0,0.0,0.0,1.0,0.0
6.93,220.3,369.8,13.8,9.1,38.6,418.1,7.0,2,1.0,0.0,0.0,1.0,0.0,0.0
5.21,225.0,357.4,24.2,26.0,62.6,854.1,10.5,3,0.0,1.0,0.0,1.0,0.0,0.0
26.47,216.6,257.8,11.9,9.6,30.7,818.8,5.9,3,1.0,0.0,0.0,0.0,0.0,1.0
52.55,286.1,623.1,21.5,23.6,63.4,957.8,10.3,2,0.0,0.0,1.0,0.0,0.0,1.0
14.66,139.6,236.2,4.7,10.7,22.7,582.0,0.0,3,0.0,1.0,0.0,0.0,1.0,0.0
3.33,175.2,312.5,0.3,9.7,26.0,478.8,5.5,3,0.0,1.0,0.0,1.0,0.0,0.0
4.88,202.1,361.7,21.9,38.5,52.1,592.6,10.2,3,1.0,0.0,0.0,1.0,0.0,0.0
19.72,346.8,452.2,31.5,13.3,84.3,576.2,2.8,2,1.0,0.0,0.0,0.0,1.0,0.0
5.76,473.6,446.1,32.3,15.2,48.9,445.9,8.2,2,1.0,0.0,0.0,1.0,0.0,0.0
9.69,283.8,410.1,22.3,22.9,41.2,813.4,5.0,2,1.0,0.0,0.0,0.0,1.0,0.0
8.67,432.8,77.3,2.3,5.0,65.8,46.1,41.0,2,0.0,0.0,1.0,0.0,1.0,0.0
5.71,192.9,556.6,12.4,12.2,10.0,521.4,3.9,3,1.0,0.0,0.0,1.0,0.0,0.0
2.23,420.9,277.1,3.5,0.0,15.0,4.6,14.25,2,0.0,1.0,0.0,1.0,0.0,0.0
6.35,259.8,306.1,30.5,12.0,49.6,808.2,6.3,3,1.0,0.0,0.0,1.0,0.0,0.0
41.99,114.1,455.3,3.3,22.1,29.1,253.2,27.645,3,0.0,1.0,0.0,0.0,0.0,1.0
3.94,364.1,34.8,11.5,18.5,25.1,488.1,10.3,2,0.0,0.0,1.0,1.0,0.0,0.0
6.61,278.3,549.8,3.8,24.6,55.7,783.8,5.9,2,0.0,1.0,0.0,1.0,0.0,0.0
9.92,189.5,221.3,14.1,13.6,19.6,518.0,6.2,2,1.0,0.0,0.0,1.0,0.0,0.0
4.66,436.9,274.4,0.0,1.8,55.2,78.1,52.44,2,0.0,0.0,1.0,1.0,0.0,0.0
3.77,364.3,191.3,2.6,0.0,48.4,64.5,45.98,3,0.0,1.0,0.0,1.0,0.0,0.0
16.58,194.5,635.3,35.1,16.9,32.3,1041.8,7.4,3,1.0,0.0,0.0,0.0,1.0,0.0
10.12,172.9,365.1,5.4,14.6,71.8,171.6,40.8,3,0.0,1.0,0.0,0.0,1.0,0.0
11.3,457.7,16.7,3.8,3.9,9.4,62.3,8.93,2,0.0,1.0,0.0,0.0,0.0,1.0
4.34,165.9,259.4,9.0,17.8,45.7,397.5,7.5,2,0.0,1.0,0.0,1.0,0.0,0.0
6.23,181.9,425.4,3.4,16.0,43.8,166.8,36.8,2,0.0,1.0,0.0,1.0,0.0,0.0
6.52,142.7,241.5,8.3,16.3,43.5,339.3,1.7,2,0.0,1.0,0.0,1.0,0.0,0.0
2.48,476.0,255.4,3.8,1.7,21.9,4.5,20.805,2,0.0,1.0,0.0,1.0,0.0,0.0
18.45,241.5,425.0,9.7,25.4,49.7,770.4,6.0,2,1.0,0.0,0.0,0.0,1.0,0.0
23.41,462.8,364.6,1.0,1.4,35.4,18.3,0.0,2,0.0,1.0,0.0,0.0,0.0,1.0
7.81,234.6,582.4,28.9,34.7,47.5,782.2,10.4,2,1.0,0.0,0.0,1.0,0.0,0.0
29.2,543.8,331.3,2.3,0.0,45.7,48.3,43.415,1,0.0,1.0,0.0,0.0,0.0,1.0
9.13,241.2,538.7,16.9,22.0,46.4,541.2,9.3,2,1.0,0.0,0.0,1.0,0.0,0.0
16.49,485.0,114.3,0.0,2.5,39.3,81.1,33.7,2,0.0,0.0,1.0,0.0,0.0,1.0
3.72,191.3,165.4,12.7,3.1,40.5,433.7,6.7,2,0.0,1.0,0.0,1.0,0.0,0.0
6.25,293.2,460.7,14.7,16.4,78.0,771.0,10.9,2,0.0,1.0,0.0,1.0,0.0,0.0
13.05,176.6,539.7,0.8,11.9,54.7,244.2,42.5,2,0.0,1.0,0.0,0.0,1.0,0.0
6.23,166.8,641.4,12.9,11.9,43.1,591.7,17.8,2,0.0,0.0,1.0,1.0,0.0,0.0
14.9,146.5,354.8,12.3,0.8,24.3,771.3,6.1,3,0.0,1.0,0.0,0.0,1.0,0.0
5.99,176.5,338.6,5.0,12.3,37.4,910.8,2.6,1,1.0,0.0,0.0,1.0,0.0,0.0
4.35,356.1,209.9,11.7,3.0,23.1,334.6,17.3,3,0.0,0.0,1.0,1.0,0.0,0.0
4.63,272.8,188.3,19.8,9.2,14.8,625.3,6.3,2,0.0,1.0,0.0,1.0,0.0,0.0
2.73,539.7,63.4,0.0,0.0,24.8,80.1,23.56,3,0.0,1.0,0.0,1.0,0.0,0.0
5.23,241.9,685.0,24.0,34.1,56.0,918.7,15.2,1,1.0,0.0,0.0,1.0,0.0,0.0
2.76,187.6,465.9,24.3,20.8,61.2,637.3,8.3,2,0.0,1.0,0.0,1.0,0.0,0.0
21.6,241.4,454.7,29.8,33.9,41.4,681.3,13.1,2,1.0,0.0,0.0,0.0,1.0,0.0
3.05,201.4,487.6,34.1,16.3,50.8,658.2,9.3,3,0.0,1.0,0.0,1.0,0.0,0.0
6.07,88.4,417.7,0.0,17.6,59.9,487.1,3.6,1,0.0,1.0,0.0,1.0,0.0,0.0
3.78,480.2,668.3,23.5,15.6,75.8,1043.1,8.1,3,1.0,0.0,0.0,1.0,0.0,0.0
18.37,370.6,459.3,21.3,18.0,33.5,403.3,9.2,3,0.0,1.0,0.0,0.0,1.0,0.0
9.77,113.1,238.6,17.0,7.9,25.9,564.8,5.7,2,0.0,1.0,0.0,1.0,0.0,0.0
4.66,225.0,435.4,23.3,12.6,47.2,722.8,9.9,2,1.0,0.0,0.0,1.0,0.0,0.0
5.52,272.5,267.0,11.6,14.2,12.8,537.7,7.3,3,0.0,1.0,0.0,1.0,0.0,0.0
5.73,146.4,364.2,1.8,10.1,22.5,167.9,4.9,1,0.0,1.0,0.0,1.0,0.0,0.0
4.86,320.9,332.2,6.5,5.6,50.5,61.5,26.4,1,0.0,1.0,0.0,1.0,0.0,0.0
4.98,297.3,396.8,7.3,13.8,93.4,941.7,7.4,2,1.0,0.0,0.0,1.0,0.0,0.0
14.88,71.5,466.5,1.0,11.3,17.7,385.9,0.0,3,0.0,1.0,0.0,0.0,1.0,0.0
9.71,166.1,225.9,10.0,6.4,32.4,953.7,5.4,2,0.0,1.0,0.0,1.0,0.0,0.0
20.98,340.5,549.7,31.7,15.2,49.7,884.3,8.7,2,0.0,1.0,0.0,0.0,1.0,0.0
4.52,153.0,299.6,18.2,12.2,36.4,806.5,5.4,3,1.0,0.0,0.0,1.0,0.0,0.0
18.25,165.4,514.8,19.3,14.4,47.8,1107.2,8.4,2,1.0,0.0,0.0,0.0,1.0,0.0
7.32,182.8,489.3,9.6,17.8,72.7,262.6,43.2,3,0.0,1.0,0.0,1.0,0.0,0.0
6.69,310.7,449.5,17.7,23.7,64.8,682.2,5.9,3,1.0,0.0,0.0,1.0,0.0,0.0
47.18,173.1,293.3,9.6,7.9,36.3,665.9,2.9,3,0.0,1.0,0.0,0.0,0.0,1.0
9.67,230.6,687.6,43.8,36.7,51.0,1204.7,4.7,3,1.0,0.0,0.0,0.0,1.0,0.0
7.96,260.0,285.9,25.2,15.6,44.5,672.3,5.8,1,0.0,0.0,1.0,1.0,0.0,0.0
3.9,320.0,322.6,2.3,3.4,70.4,21.8,34.2,2,0.0,0.0,1.0,1.0,0.0,0.0
17.32,167.3,525.2,26.1,20.3,27.7,557.8,3.2,2,1.0,0.0,0.0,0.0,1.0,0.0
3.59,116.2,216.3,8.2,16.4,43.2,324.4,3.5,2,0.0,1.0,0.0,1.0,0.0,0.0
8.62,264.1,294.1,17.0,15.5,52.5,393.3,6.7,2,0.0,0.0,1.0,1.0,0.0,0.0
38.15,53.7,424.3,3.9,6.4,67.5,335.8,46.7,3,0.0,1.0,0.0,0.0,0.0,1.0
8.44,230.6,447.2,5.7,18.4,58.1,249.3,42.0,1,0.0,1.0,0.0,0.0,1.0,0.0
7.03,208.6,457.5,26.8,15.7,36.2,922.7,5.3,2,1.0,0.0,0.0,1.0,0.0,0.0
3.31,482.7,98.2,4.5,3.2,85.2,30.9,61.6,2,0.0,0.0,1.0,1.0,0.0,0.0
17.84,212.2,630.1,33.0,31.3,22.9,852.8,9.7,2,1.0,0.0,0.0,0.0,1.0,0.0
5.14,420.1,223.8,0.3,4.0,48.7,26.8,46.265,2,0.0,1.0,0.0,1.0,0.0,0.0
9.66,133.8,296.5,4.3,19.0,50.1,104.2,34.5,2,0.0,1.0,0.0,0.0,1.0,0.0
8.36,227.5,341.1,22.5,16.1,47.2,385.2,7.3,2,0.0,1.0,0.0,1.0,0.0,0.0
21.82,146.8,287.2,13.7,15.7,52.3,616.5,4.8,1,0.0,1.0,0.0,0.0,1.0,0.0
7.44,112.9,385.3,1.3,14.1,57.8,255.1,25.4,2,1.0,0.0,0.0,1.0,0.0,0.0
5.96,347.1,177.1,6.6,24.6,18.7,542.0,10.1,2,0.0,1.0,0.0,1.0,0.0,0.0
7.55,230.5,461.9,24.9,16.9,38.2,916.1,10.0,3,0.0,0.0,1.0,1.0,0.0,0.0
5.47,550.9,278.8,2.7,0.0,30.6,55.4,25.6,3,0.0,1.0,0.0,1.0,0.0,0.0
5.12,125.2,311.8,10.0,16.9,72.5,280.4,55.4,3,0.0,1.0,0.0,1.0,0.0,0.0
1.97,399.7,57.1,5.1,1.9,22.5,11.8,21.375,3,0.0,0.0,1.0,1.0,0.0,0.0
3.85,361.1,389.8,11.5,11.7,1.1,378.6,1.045,2,1.0,0.0,0.0,1.0,0.0,0.0
41.32,174.4,519.6,3.9,15.1,60.6,338.5,38.5,2,0.0,1.0,0.0,0.0,0.0,1.0
4.5,189.8,355.9,9.5,11.3,17.6,490.1,6.5,2,1.0,0.0,0.0,1.0,0.0,0.0
19.21,122.3,502.1,7.4,24.5,98.6,178.4,51.6,3,0.0,1.0,0.0,0.0,0.0,1.0
10.77,115.6,257.2,0.0,16.7,30.4,134.2,3.9,3,0.0,1.0,0.0,0.0,1.0,0.0
4.57,394.4,227.4,0.0,0.0,0.0,47.2,0.0,1,0.0,1.0,0.0,1.0,0.0,0.0
2.35,61.4,173.6,6.0,20.8,48.2,452.0,2.0,3,0.0,1.0,0.0,1.0,0.0,0.0
3.67,216.2,350.8,7.6,8.0,43.7,685.0,0.5,3,0.0,0.0,1.0,1.0,0.0,0.0
6.58,322.2,335.2,6.5,19.0,73.3,851.5,5.9,3,0.0,1.0,0.0,1.0,0.0,0.0
5.63,398.0,23.5,4.7,0.4,20.8,114.4,19.76,1,0.0,1.0,0.0,1.0,0.0,0.0
7.95,271.9,491.9,11.6,21.1,40.2,545.9,8.3,2,0.0,0.0,1.0,1.0,0.0,0.0
11.2,176.7,489.2,3.1,13.5,40.0,458.9,4.4,3,0.0,0.0,1.0,0.0,1.0,0.0
3.22,242.0,598.2,31.5,21.0,49.9,977.7,11.0,3,0.0,1.0,0.0,1.0,0.0,0.0
3.93,565.3,206.6,0.6,0.7,54.2,70.6,49.3,2,0.0,0.0,1.0,1.0,0.0,0.0
12.26,175.7,302.5,19.1,19.7,33.5,460.7,6.0,3,1.0,0.0,0.0,0.0,1.0,0.0
8.79,216.5,322.0,32.3,13.0,74.2,801.3,1.1,3,1.0,0.0,0.0,1.0,0.0,0.0
7.55,124.1,365.4,1.0,10.6,49.4,192.1,40.8,2,0.0,1.0,0.0,1.0,0.0,0.0
5.57,102.4,352.2,0.0,7.4,53.3,590.3,2.8,2,0.0,1.0,0.0,1.0,0.0,0.0
7.63,248.2,406.0,6.6,12.1,17.2,538.9,10.7,2,0.0,1.0,0.0,1.0,0.0,0.0
15.93,219.6,327.6,9.2,11.7,37.1,788.2,6.9,3,1.0,0.0,0.0,0.0,1.0,0.0
4.18,171.3,618.7,19.3,44.6,44.4,901.9,7.2,3,1.0,0.0,0.0,1.0,0.0,0.0
1.92,269.9,175.2,0.1,0.0,53.1,51.2,41.7,3,0.0,0.0,1.0,1.0,0.0,0.0
12.26,145.6,436.1,22.8,21.5,46.9,810.9,11.8,2,1.0,0.0,0.0,0.0,1.0,0.0
3.81,230.4,113.4,2.0,0.0,77.6,25.2,38.4,2,0.0,1.0,0.0,1.0,0.0,0.0
3.32,234.0,313.7,1.0,8.9,10.3,238.5,9.4,2,0.0,1.0,0.0,1.0,0.0,0.0
7.53,187.8,612.9,8.2,17.1,49.6,790.2,7.3,3,1.0,0.0,0.0,1.0,0.0,0.0
5.62,108.9,261.3,15.7,11.6,30.7,784.3,6.3,3,1.0,0.0,0.0,1.0,0.0,0.0
4.97,178.1,522.5,20.2,37.5,59.5,986.9,8.7,2,1.0,0.0,0.0,1.0,0.0,0.0
9.45,121.8,276.1,3.5,8.1,87.7,217.8,31.8,3,0.0,0.0,1.0,0.0,1.0,0.0
6.41,195.6,597.5,19.7,24.6,31.8,881.2,7.7,2,0.0,1.0,0.0,1.0,0.0,0.0
4.92,215.0,545.0,26.9,16.8,39.2,1172.3,11.0,2,1.0,0.0,0.0,1.0,0.0,0.0
20.44,273.2,599.4,9.7,25.1,70.6,883.8,7.2,2,1.0,0.0,0.0,0.0,1.0,0.0
2.16,162.0,400.8,3.5,12.6,9.4,384.7,2.0,1,0.0,1.0,0.0,1.0,0.0,0.0
3.95,319.0,265.9,20.2,18.2,32.8,564.2,12.6,1,0.0,1.0,0.0,1.0,0.0,0.0
8.38,260.7,256.8,8.7,5.2,7.4,141.8,4.0,2,0.0,0.0,1.0,0.0,1.0,0.0
21.94,142.8,314.6,19.5,15.4,29.2,541.9,3.4,3,1.0,0.0,0.0,0.0,1.0,0.0
4.9,204.6,437.9,19.8,18.1,54.0,687.0,11.0,3,1.0,0.0,0.0,1.0,0.0,0.0
7.12,134.5,459.9,4.4,20.9,44.0,278.9,39.3,3,0.0,1.0,0.0,1.0,0.0,0.0
7.68,243.7,375.9,18.8,23.0,45.7,642.9,3.5,2,0.0,1.0,0.0,1.0,0.0,0.0
5.84,265.4,679.8,31.2,38.1,45.8,1373.1,4.4,2,1.0,0.0,0.0,1.0,0.0,0.0
18.36,372.8,239.1,3.8,0.9,69.8,81.3,18.6,2,0.0,1.0,0.0,0.0,0.0,1.0
18.92,214.1,681.4,28.5,26.0,51.5,757.4,11.9,3,1.0,0.0,0.0,0.0,1.0,0.0
20.27,186.7,525.9,14.0,2.9,50.9,816.1,7.1,1,0.0,1.0,0.0,0.0,1.0,0.0
6.82,227.0,300.7,19.6,25.9,45.0,974.9,13.5,3,0.0,0.0,1.0,1.0,0.0,0.0
4.68,113.8,264.0,11.7,8.6,21.4,851.8,4.1,1,0.0,1.0,0.0,1.0,0.0,0.0
29.21,162.0,297.6,12.2,10.1,35.1,462.9,6.4,3,0.0,0.0,1.0,0.0,0.0,1.0
6.2,269.4,590.7,28.9,25.5,60.9,1017.7,9.6,3,1.0,0.0,0.0,1.0,0.0,0.0
1.59,347.4,169.7,6.0,6.9,25.6,3.1,2.7,2,0.0,0.0,1.0,1.0,0.0,0.0
5.96,179.2,246.9,10.6,8.2,34.8,690.2,6.4,2,0.0,1.0,0.0,1.0,0.0,0.0
5.63,478.8,203.2,3.5,0.0,42.3,70.3,4.9,2,0.0,1.0,0.0,1.0,0.0,0.0
27.93,155.7,493.2,4.9,7.1,84.8,180.9,28.7,3,0.0,0.0,1.0,0.0,0.0,1.0
2.62,199.3,608.1,10.3,20.9,45.7,1083.6,9.6,3,0.0,1.0,0.0,1.0,0.0,0.0
16.73,154.9,188.8,6.4,18.5,28.5,738.9,5.3,1,0.0,0.0,1.0,0.0,0.0,1.0
12.77,294.3,468.2,37.2,7.5,59.6,927.9,7.2,3,0.0,1.0,0.0,0.0,1.0,0.0
2.36,129.7,286.0,5.8,19.8,39.4,357.0,0.7,2,0.0,1.0,0.0,1.0,0.0,0.0
12.2,153.6,408.2,6.4,13.6,29.2,211.1,27.74,3,0.0,1.0,0.0,0.0,1.0,0.0
6.52,254.7,379.5,27.1,22.2,44.1,873.4,8.7,3,0.0,1.0,0.0,1.0,0.0,0.0
5.4,158.7,6.5,0.0,19.7,34.5,611.3,4.6,2,0.0,1.0,0.0,1.0,0.0,0.0
6.93,218.8,649.5,34.1,31.9,51.7,679.9,4.5,2,1.0,0.0,0.0,1.0,0.0,0.0
20.61,197.7,291.4,9.9,11.7,31.1,668.2,8.0,2,1.0,0.0,0.0,0.0,1.0,0.0
7.77,407.9,299.0,10.8,11.2,36.3,831.0,5.8,3,1.0,0.0,0.0,1.0,0.0,0.0
20.74,152.7,712.3,20.9,24.9,43.9,1017.4,9.7,3,1.0,0.0,0.0,0.0,1.0,0.0
51.31,270.4,619.0,15.0,35.4,72.1,1021.6,11.8,3,0.0,0.0,1.0,0.0,0.0,1.0
20.06,153.7,418.7,17.2,19.0,39.9,652.5,4.1,2,0.0,1.0,0.0,0.0,1.0,0.0
5.28,227.1,573.8,22.4,41.9,66.0,1407.6,12.4,1,1.0,0.0,0.0,1.0,0.0,0.0
20.39,245.9,386.8,17.0,15.7,44.2,871.0,7.5,1,0.0,1.0,0.0,0.0,1.0,0.0
8.22,453.8,530.0,24.6,19.3,67.8,538.6,0.0,2,1.0,0.0,0.0,1.0,0.0,0.0
5.55,355.7,144.4,8.9,11.1,20.7,297.3,7.1,1,0.0,1.0,0.0,1.0,0.0,0.0
3.07,201.4,464.7,30.0,25.5,39.1,997.7,6.1,1,1.0,0.0,0.0,1.0,0.0,0.0
7.66,153.9,431.4,1.0,16.6,32.7,204.1,31.065,3,1.0,0.0,0.0,0.0,1.0,0.0
28.36,103.0,230.6,0.0,2.9,52.5,560.6,1.9,2,0.0,0.0,1.0,0.0,0.0,1.0
8.51,340.4,282.7,13.4,15.1,8.7,230.9,8.264999999999999,1,0.0,1.0,0.0,1.0,0.0,0.0
7.14,147.1,259.2,3.5,11.5,67.0,226.9,48.0,2,1.0,0.0,0.0,0.0,1.0,0.0
7.03,239.0,703.8,26.9,19.9,56.5,968.8,11.4,3,0.0,1.0,0.0,1.0,0.0,0.0
7.19,220.2,225.6,8.6,13.1,49.8,451.1,4.3,3,0.0,1.0,0.0,1.0,0.0,0.0
4.25,319.7,250.6,9.5,16.8,30.0,395.1,8.1,2,0.0,1.0,0.0,1.0,0.0,0.0
22.18,275.0,664.9,38.2,27.5,50.7,1094.9,13.6,2,1.0,0.0,0.0,0.0,0.0,1.0
6.06,158.2,473.6,3.1,11.2,48.9,197.7,43.6,3,1.0,0.0,0.0,1.0,0.0,0.0
7.79,225.8,544.5,21.1,20.3,31.1,768.8,10.9,2,1.0,0.0,0.0,1.0,0.0,0.0
2.29,86.3,297.4,1.6,6.2,20.8,514.3,3.7,3,1.0,0.0,0.0,1.0,0.0,0.0
7.66,234.5,432.0,28.2,14.5,56.4,992.3,8.5,1,1.0,0.0,0.0,0.0,1.0,0.0
18.98,184.1,441.0,23.4,20.5,58.3,696.7,9.4,2,0.0,1.0,0.0,0.0,1.0,0.0
2.28,725.0,216.1,0.2,0.0,29.0,50.2,27.55,3,0.0,0.0,1.0,1.0,0.0,0.0
7.97,138.5,317.1,4.6,8.2,32.6,342.7,5.3,3,0.0,1.0,0.0,0.0,1.0,0.0
20.16,178.5,351.9,12.0,11.9,44.4,577.1,5.2,3,1.0,0.0,0.0,0.0,1.0,0.0
4.3,398.8,517.0,27.4,9.7,60.9,913.4,3.9,3,1.0,0.0,0.0,1.0,0.0,0.0
13.1,77.7,425.1,6.3,10.6,70.3,359.8,46.7,1,0.0,1.0,0.0,0.0,1.0,0.0
7.28,388.9,635.4,31.0,13.3,80.1,908.2,6.2,3,1.0,0.0,0.0,1.0,0.0,0.0
10.15,459.6,411.2,15.1,18.5,72.2,1001.0,6.1,2,1.0,0.0,0.0,1.0,0.0,0.0
4.35,238.0,534.5,14.7,21.6,53.4,668.6,9.3,3,0.0,1.0,0.0,1.0,0.0,0.0
9.18,224.4,543.2,23.6,29.5,48.2,963.8,5.2,3,1.0,0.0,0.0,1.0,0.0,0.0
7.83,225.5,527.1,27.3,17.8,42.9,839.0,4.8,1,1.0,0.0,0.0,1.0,0.0,0.0
12.23,254.6,384.1,7.8,19.9,22.5,366.8,5.6,1,0.0,1.0,0.0,0.0,1.0,0.0
9.93,390.4,224.1,2.3,0.3,32.0,83.9,30.4,2,0.0,1.0,0.0,0.0,1.0,0.0
7.76,488.0,506.1,19.7,8.7,72.2,901.7,9.5,2,0.0,0.0,1.0,1.0,0.0,0.0
7.41,241.5,390.5,16.0,34.1,38.8,1209.5,11.2,1,0.0,0.0,1.0,1.0,0.0,0.0
52.44,380.8,510.6,15.9,14.6,81.0,742.3,3.0,2,0.0,1.0,0.0,0.0,0.0,1.0
12.26,500.0,83.6,0.0,0.9,64.2,0.0,44.0,3,0.0,0.0,1.0,0.0,1.0,0.0
3.52,172.6,322.5,1.6,5.8,46.8,744.7,2.8,2,0.0,1.0,0.0,1.0,0.0,0.0
21.94,217.3,295.6,7.4,15.0,16.8,642.6,4.5,3,0.0,1.0,0.0,0.0,1.0,0.0
3.76,315.7,103.5,0.0,1.9,56.1,30.3,33.0,1,0.0,0.0,1.0,1.0,0.0,0.0
7.03,434.9,354.2,19.4,5.1,49.0,930.6,9.6,3,0.0,0.0,1.0,1.0,0.0,0.0
5.13,87.1,437.2,3.3,7.2,52.4,273.7,38.3,3,0.0,1.0,0.0,1.0,0.0,0.0
8.02,199.9,238.9,8.7,5.4,38.3,668.6,6.2,2,0.0,0.0,1.0,1.0,0.0,0.0
39.7,163.6,434.0,14.0,13.6,38.2,659.0,7.5,3,1.0,0.0,0.0,0.0,0.0,1.0
6.92,143.0,430.7,0.2,26.5,55.8,99.6,25.6,2,0.0,0.0,1.0,1.0,0.0,0.0
26.48,95.0,311.7,0.8,4.6,28.8,308.4,3.0,2,0.0,1.0,0.0,0.0,0.0,1.0
3.2,187.0,253.8,12.1,13.8,41.1,543.8,4.3,3,0.0,1.0,0.0,1.0,0.0,0.0
40.98,383.0,564.4,25.8,5.3,83.3,1420.4,3.7,2,1.0,0.0,0.0,0.0,0.0,1.0
8.93,375.8,159.8,0.0,2.0,82.7,51.8,63.7,3,0.0,0.0,1.0,0.0,1.0,0.0
6.38,233.5,568.6,23.0,34.4,43.7,593.2,2.7,3,1.0,0.0,0.0,1.0,0.0,0.0
4.13,317.1,489.6,26.4,10.7,79.6,663.0,5.2,1,0.0,0.0,1.0,1.0,0.0,0.0
12.32,125.6,303.5,1.8,1.6,38.0,421.7,5.2,3,0.0,0.0,1.0,0.0,1.0,0.0
10.8,512.1,145.9,2.5,0.0,76.0,40.2,8.2,2,0.0,1.0,0.0,0.0,1.0,0.0
2.8,184.4,287.6,2.7,22.7,71.7,348.9,54.6,3,0.0,0.0,1.0,1.0,0.0,0.0
5.31,123.8,188.9,8.3,8.2,38.3,366.0,1.3,3,1.0,0.0,0.0,1.0,0.0,0.0
3.18,241.4,494.2,27.0,34.8,62.3,967.4,11.9,2,1.0,0.0,0.0,1.0,0.0,0.0
8.46,397.9,513.8,20.5,13.2,86.8,937.2,5.0,3,0.0,1.0,0.0,1.0,0.0,0.0
2.52,316.3,373.6,1.3,1.7,46.5,42.5,0.0,1,0.0,1.0,0.0,1.0,0.0,0.0
8.32,201.5,311.0,6.7,10.5,30.4,439.7,4.6,2,0.0,1.0,0.0,1.0,0.0,0.0
6.25,215.0,452.1,20.6,26.3,44.5,811.7,9.9,3,1.0,0.0,0.0,1.0,0.0,0.0
5.3,50.9,229.9,12.0,10.6,20.9,182.6,6.2,2,0.0,1.0,0.0,1.0,0.0,0.0
3.23,210.4,55.5,3.8,16.9,53.3,162.9,0.0,3,0.0,1.0,0.0,1.0,0.0,0.0
6.21,102.5,454.2,0.0,14.9,66.7,186.2,47.8,1,0.0,0.0,1.0,1.0,0.0,0.0
3.92,234.0,255.3,1.8,0.0,71.5,41.6,23.1,3,0.0,0.0,1.0,1.0,0.0,0.0
2.65,174.2,246.1,3.5,8.4,23.6,42.7,22.42,2,0.0,1.0,0.0,1.0,0.0,0.0
8.55,428.8,653.5,23.9,19.4,77.9,584.7,6.8,3,1.0,0.0,0.0,1.0,0.0,0.0
3.18,164.4,403.1,10.2,10.5,43.3,502.3,4.2,3,0.0,1.0,0.0,1.0,0.0,0.0
2.34,312.6,344.3,1.8,0.0,60.7,71.2,57.665,2,0.0,1.0,0.0,1.0,0.0,0.0
3.28,128.8,520.5,0.0,9.8,54.7,212.2,40.0,2,0.0,1.0,0.0,1.0,0.0,0.0
13.18,273.7,914.6,19.9,22.0,26.9,1402.1,10.8,2,1.0,0.0,0.0,0.0,1.0,0.0
7.58,455.3,834.1,29.0,14.8,68.5,787.2,6.8,2,0.0,1.0,0.0,1.0,0.0,0.0
9.16,219.5,554.7,30.5,13.8,45.4,604.9,8.5,3,1.0,0.0,0.0,1.0,0.0,0.0
9.08,229.0,715.2,22.8,15.9,26.8,815.7,6.0,2,1.0,0.0,0.0,1.0,0.0,0.0
3.91,206.0,646.1,27.3,25.3,51.9,1281.2,10.2,2,1.0,0.0,0.0,1.0,0.0,0.0
8.36,166.0,210.3,8.8,17.0,46.0,672.1,6.6,2,1.0,0.0,0.0,1.0,0.0,0.0
8.25,258.2,135.4,0.0,3.1,23.7,31.1,22.515,3,0.0,1.0,0.0,0.0,1.0,0.0
16.51,219.6,337.3,16.5,4.7,40.2,830.6,3.0,3,0.0,1.0,0.0,0.0,1.0,0.0
9.15,362.0,561.4,7.9,7.9,29.3,1035.0,5.9,2,0.0,1.0,0.0,1.0,0.0,0.0
11.74,132.9,275.9,8.2,15.3,35.0,955.9,9.1,2,0.0,0.0,1.0,0.0,1.0,0.0
1.81,346.8,275.0,4.4,0.0,76.5,34.7,41.8,2,0.0,1.0,0.0,1.0,0.0,0.0
4.82,83.0,224.8,4.6,15.6,48.6,316.7,0.0,2,0.0,1.0,0.0,1.0,0.0,0.0
5.38,374.2,235.2,16.3,0.0,17.0,387.9,8.5,3,1.0,0.0,0.0,1.0,0.0,0.0
35.81,163.8,458.5,10.3,17.7,61.1,284.4,9.2,3,0.0,1.0,0.0,0.0,0.0,1.0
4.34,149.6,342.0,9.3,7.1,48.9,323.5,6.6,2,1.0,0.0,0.0,1.0,0.0,0.0
4.66,194.2,257.4,11.6,10.6,21.6,648.1,4.4,2,1.0,0.0,0.0,1.0,0.0,0.0
3.43,125.1,287.1,0.0,22.5,51.1,434.6,0.7,2,0.0,1.0,0.0,1.0,0.0,0.0
4.12,582.7,142.7,2.7,3.5,45.0,22.3,0.0,3,0.0,1.0,0.0,1.0,0.0,0.0
20.5,280.8,731.8,26.5,34.3,61.3,1006.2,4.5,2,1.0,0.0,0.0,0.0,1.0,0.0
2.12,181.9,228.0,0.0,17.6,55.2,388.1,0.6,2,0.0,1.0,0.0,1.0,0.0,0.0
23.1,506.0,409.4,3.3,5.0,24.5,52.9,23.275,3,0.0,1.0,0.0,0.0,0.0,1.0
41.84,188.0,836.6,20.8,23.8,39.1,1109.9,14.1,2,1.0,0.0,0.0,0.0,0.0,1.0
8.06,374.6,586.9,9.4,15.6,69.9,721.9,9.4,3,1.0,0.0,0.0,1.0,0.0,0.0
9.01,158.9,563.5,25.7,32.7,43.4,1109.0,10.9,2,1.0,0.0,0.0,0.0,1.0,0.0
11.97,239.8,291.0,21.6,23.5,34.7,523.0,9.0,2,1.0,0.0,0.0,0.0,1.0,0.0
11.91,262.5,485.1,14.8,26.3,58.3,826.1,14.4,3,0.0,1.0,0.0,0.0,1.0,0.0
4.57,212.1,280.2,27.1,10.4,59.4,1005.6,8.1,2,0.0,1.0,0.0,1.0,0.0,0.0
8.72,172.7,480.0,21.1,9.0,53.2,550.2,11.1,2,0.0,1.0,0.0,1.0,0.0,0.0
9.28,163.7,368.7,22.0,37.9,32.5,679.8,14.7,2,1.0,0.0,0.0,1.0,0.0,0.0
5.43,415.5,126.9,0.7,0.0,76.3,57.5,39.0,3,0.0,1.0,0.0,0.0,1.0,0.0
3.91,299.7,277.6,14.6,8.5,45.8,403.4,5.7,3,1.0,0.0,0.0,1.0,0.0,0.0
2.75,192.5,622.3,25.1,22.3,37.9,925.3,12.3,3,1.0,0.0,0.0,1.0,0.0,0.0
3.88,417.5,368.8,0.0,1.4,39.3,12.3,29.6,2,0.0,1.0,0.0,1.0,0.0,0.0
4.13,387.1,155.6,4.8,0.0,85.0,37.1,20.6,3,0.0,0.0,1.0,1.0,0.0,0.0
2.9,137.5,309.2,15.1,13.0,38.0,372.0,5.8,3,0.0,0.0,1.0,1.0,0.0,0.0
3.5,552.8,356.8,0.0,3.4,77.6,32.1,65.4,2,0.0,1.0,0.0,1.0,0.0,0.0
10.61,320.5,223.9,7.0,8.2,2.2,539.5,2.09,2,1.0,0.0,0.0,0.0,1.0,0.0
20.57,142.4,295.2,14.6,11.1,53.2,767.4,7.4,2,1.0,0.0,0.0,0.0,1.0,0.0
9.08,234.7,286.4,11.7,10.7,31.3,493.6,0.4,2,1.0,0.0,0.0,1.0,0.0,0.0
15.93,192.1,468.4,25.7,27.9,53.6,858.4,7.3,2,1.0,0.0,0.0,0.0,1.0,0.0
8.19,361.0,498.8,12.4,6.0,42.8,780.3,13.7,3,0.0,0.0,1.0,1.0,0.0,0.0
5.05,341.0,369.8,2.6,2.6,44.9,61.6,42.655,2,0.0,1.0,0.0,0.0,1.0,0.0
5.63,144.3,345.1,28.4,15.6,35.7,990.8,6.0,2,1.0,0.0,0.0,1.0,0.0,0.0
5.51,157.3,444.8,23.4,17.2,56.0,708.0,8.1,3,1.0,0.0,0.0,1.0,0.0,0.0
5.09,384.1,327.0,1.8,6.4,65.0,30.3,29.7,3,0.0,1.0,0.0,1.0,0.0,0.0
10.05,172.5,187.0,0.0,13.1,60.8,451.0,0.6,2,0.0,1.0,0.0,0.0,1.0,0.0
27.23,216.1,408.7,0.9,1.6,49.7,12.1,40.0,3,0.0,1.0,0.0,0.0,0.0,1.0
3.34,340.7,110.4,5.5,1.7,41.5,59.2,34.0,1,0.0,1.0,0.0,1.0,0.0,0.0
