price_usd_normalized,serving_size_g,calories,protein_g,total_fat_g,total_carbs_g,sodium_mg,sugars_g,avg_rating,Non-Veg,Veg,Vegan,budget,mid,premium
1.98,258.6,501.5,26.5,22.5,59.7,1055.5,8.4,3,0.0,1.0,0.0,1.0,0.0,0.0
3.77,212.4,619.2,36.1,17.5,62.0,922.0,6.1,2,1.0,0.0,0.0,0.0,1.0,0.0
1.5,106.4,515.0,6.1,13.1,73.5,284.6,51.8,2,1.0,0.0,0.0,1.0,0.0,0.0
2.09,237.3,463.8,25.6,11.0,61.2,750.5,5.8,2,0.0,0.0,1.0,1.0,0.0,0.0
3.79,243.7,766.4,32.7,24.4,37.2,1018.4,5.0,2,1.0,0.0,0.0,1.0,0.0,0.0
2.04,340.7,5.0,1.3,2.0,0.0,42.9,0.0,2,0.0,1.0,0.0,1.0,0.0,0.0
2.29,125.5,373.5,5.9,21.5,55.0,193.1,40.8,1,0.0,1.0,0.0,1.0,0.0,0.0
17.74,145.6,258.1,19.7,15.5,34.9,922.0,5.2,3,1.0,0.0,0.0,0.0,0.0,1.0
1.66,197.4,526.3,7.4,1.4,59.1,736.5,8.1,2,0.0,0.0,1.0,1.0,0.0,0.0
1.06,495.1,300.7,0.1,0.1,22.1,54.4,0.0,3,0.0,1.0,0.0,1.0,0.0,0.0
1.64,140.8,236.4,5.3,26.0,51.4,328.3,5.6,3,0.0,1.0,0.0,1.0,0.0,0.0
2.93,243.3,656.8,18.2,22.7,43.8,1039.2,12.4,2,0.0,1.0,0.0,1.0,0.0,0.0
4.61,492.6,221.9,2.5,2.6,19.0,5.8,18.05,2,0.0,1.0,0.0,0.0,1.0,0.0
6.11,126.1,205.9,12.0,7.5,33.8,699.0,2.4,2,1.0,0.0,0.0,0.0,1.0,0.0
2.64,67.7,456.2,0.3,28.5,31.8,374.9,30.21,2,0.0,1.0,0.0,1.0,0.0,0.0
4.96,530.3,150.1,4.3,8.3,58.9,27.3,30.3,2,0.0,1.0,0.0,0.0,1.0,0.0
1.26,292.0,120.5,1.8,0.0,58.1,0.0,25.2,1,0.0,0.0,1.0,1.0,0.0,0.0
4.1,597.1,5.0,0.6,3.1,57.1,9.9,54.245,2,0.0,0.0,1.0,0.0,1.0,0.0
2.77,152.0,271.8,13.9,10.1,45.0,565.8,4.6,2,1.0,0.0,0.0,1.0,0.0,0.0
8.29,157.8,319.5,5.7,16.6,36.1,811.6,5.9,2,0.0,1.0,0.0,0.0,1.0,0.0
3.09,263.6,443.4,18.2,11.0,45.0,361.6,4.7,3,0.0,1.0,0.0,1.0,0.0,0.0
3.15,207.2,623.0,35.8,36.4,48.7,790.6,11.1,2,1.0,0.0,0.0,1.0,0.0,0.0
1.92,366.5,194.3,3.5,1.2,73.1,58.0,69.445,2,0.0,1.0,0.0,1.0,0.0,0.0
2.42,425.4,506.2,31.5,2.8,69.5,578.9,7.0,1,1.0,0.0,0.0,1.0,0.0,0.0
1.37,136.2,285.2,7.2,14.8,27.6,279.4,1.0,2,1.0,0.0,0.0,1.0,0.0,0.0
3.32,123.9,295.0,10.7,12.5,30.6,428.7,1.4,2,0.0,1.0,0.0,1.0,0.0,0.0
2.19,130.7,201.9,5.0,10.3,45.3,452.8,4.3,3,0.0,1.0,0.0,1.0,0.0,0.0
1.7,200.7,332.5,22.2,7.8,33.3,680.7,7.0,3,1.0,0.0,0.0,1.0,0.0,0.0
5.68,223.7,425.2,21.0,35.4,40.0,385.9,8.1,3,0.0,1.0,0.0,0.0,1.0,0.0
3.29,314.9,649.8,18.2,23.1,76.2,712.4,12.5,1,1.0,0.0,0.0,1.0,0.0,0.0
2.48,174.7,329.7,19.5,21.0,36.7,988.3,10.7,2,1.0,0.0,0.0,1.0,0.0,0.0
4.25,229.1,493.2,6.6,15.5,51.8,283.8,4.1,3,0.0,1.0,0.0,0.0,1.0,0.0
16.83,168.7,461.1,14.3,11.0,32.7,465.5,6.8,2,1.0,0.0,0.0,0.0,0.0,1.0
0.65,561.2,213.9,1.5,5.2,75.6,10.3,33.2,3,0.0,1.0,0.0,1.0,0.0,0.0
6.55,115.9,421.8,4.5,26.7,70.1,196.7,22.7,2,0.0,0.0,1.0,0.0,1.0,0.0
1.53,166.3,422.1,10.5,12.8,29.1,502.0,3.8,3,1.0,0.0,0.0,1.0,0.0,0.0
1.64,411.7,63.1,0.3,1.2,44.3,78.5,27.4,1,0.0,1.0,0.0,1.0,0.0,0.0
6.33,180.6,539.6,25.8,31.2,38.3,1004.8,7.6,3,1.0,0.0,0.0,0.0,1.0,0.0
3.74,168.8,353.2,14.7,26.7,26.9,1418.7,10.5,2,0.0,1.0,0.0,1.0,0.0,0.0
24.18,184.4,426.7,12.2,11.5,43.0,1050.0,5.4,3,1.0,0.0,0.0,0.0,0.0,1.0
1.53,99.1,436.3,1.2,6.5,53.6,308.2,50.92,2,0.0,1.0,0.0,1.0,0.0,0.0
3.7,343.7,307.2,0.4,1.3,59.5,37.6,49.2,3,0.0,1.0,0.0,0.0,1.0,0.0
2.13,480.1,5.0,1.0,0.0,14.2,79.6,13.489999999999998,3,0.0,0.0,1.0,1.0,0.0,0.0
17.95,256.8,474.6,10.4,32.6,54.9,666.0,6.8,3,0.0,1.0,0.0,0.0,0.0,1.0
8.99,295.0,269.2,3.2,0.2,35.0,50.5,31.7,3,0.0,0.0,1.0,0.0,0.0,1.0
1.99,179.1,320.6,11.8,20.7,47.5,880.1,8.8,2,1.0,0.0,0.0,1.0,0.0,0.0
2.22,156.6,528.1,23.1,12.3,41.9,997.3,7.3,2,1.0,0.0,0.0,1.0,0.0,0.0
1.32,134.2,473.5,3.2,26.1,56.9,210.3,2.4,2,0.0,1.0,0.0,1.0,0.0,0.0
7.56,214.6,583.9,35.3,51.0,57.7,809.8,11.1,2,0.0,1.0,0.0,0.0,1.0,0.0
2.72,115.7,449.3,9.0,30.7,60.6,241.0,45.2,1,1.0,0.0,0.0,1.0,0.0,0.0
2.53,234.7,149.6,14.5,13.4,13.8,545.4,5.8,3,1.0,0.0,0.0,1.0,0.0,0.0
23.04,189.9,401.4,14.7,4.5,44.2,742.3,2.2,2,0.0,1.0,0.0,0.0,0.0,1.0
1.45,219.7,387.2,25.3,20.5,52.5,912.6,13.5,2,0.0,1.0,0.0,1.0,0.0,0.0
2.41,176.9,220.9,16.7,9.5,26.9,586.3,3.6,2,1.0,0.0,0.0,1.0,0.0,0.0
26.75,374.0,470.6,19.9,18.4,57.1,818.9,7.2,2,0.0,1.0,0.0,0.0,0.0,1.0
2.84,175.0,402.4,17.3,6.8,40.0,899.3,5.8,3,1.0,0.0,0.0,1.0,0.0,0.0
3.62,237.8,574.2,22.2,17.7,41.2,928.6,7.9,3,1.0,0.0,0.0,1.0,0.0,0.0
5.64,133.7,264.5,8.3,16.3,27.6,587.1,5.9,3,0.0,1.0,0.0,0.0,1.0,0.0
3.22,340.7,433.8,12.5,0.0,6.3,425.1,5.984999999999999,2,1.0,0.0,0.0,1.0,0.0,0.0
2.04,195.3,356.8,29.9,26.2,71.9,699.2,8.6,2,0.0,0.0,1.0,1.0,0.0,0.0
1.91,193.7,345.7,14.8,6.4,26.5,627.7,3.7,3,0.0,1.0,0.0,1.0,0.0,0.0
1.2,115.4,223.0,12.5,12.4,26.0,1061.8,8.0,3,1.0,0.0,0.0,1.0,0.0,0.0
7.25,233.1,452.1,30.1,28.5,53.4,833.9,8.6,1,1.0,0.0,0.0,0.0,0.0,1.0
8.5,179.6,177.1,15.0,8.9,36.0,842.9,2.7,3,0.0,1.0,0.0,0.0,1.0,0.0
4.65,50.0,361.4,5.5,9.3,63.9,274.9,40.0,2,0.0,1.0,0.0,0.0,1.0,0.0
2.35,309.3,253.9,7.6,18.4,37.0,726.4,6.6,1,0.0,0.0,1.0,1.0,0.0,0.0
2.05,434.4,150.1,1.5,6.3,28.9,85.2,16.6,2,0.0,1.0,0.0,1.0,0.0,0.0
2.73,89.2,341.3,5.9,9.6,65.8,317.8,43.0,3,0.0,0.0,1.0,1.0,0.0,0.0
6.15,200.6,328.0,22.5,12.2,20.6,656.0,4.6,1,0.0,0.0,1.0,0.0,1.0,0.0
2.26,102.9,454.2,2.9,13.0,76.4,311.3,64.4,2,0.0,1.0,0.0,1.0,0.0,0.0
0.68,545.0,152.2,2.7,0.8,43.6,40.4,32.0,1,0.0,1.0,0.0,1.0,0.0,0.0
3.61,184.4,408.2,8.0,9.3,39.0,449.4,3.7,3,0.0,1.0,0.0,0.0,1.0,0.0
2.96,89.4,397.6,3.4,34.1,53.4,170.9,45.1,3,0.0,1.0,0.0,0.0,1.0,0.0
5.18,530.4,255.5,1.6,0.0,20.1,71.0,19.095,1,0.0,1.0,0.0,0.0,1.0,0.0
1.3,391.6,386.2,3.0,1.4,32.7,35.8,31.065,2,0.0,1.0,0.0,1.0,0.0,0.0
3.41,200.9,568.9,21.2,37.0,51.1,550.8,11.8,2,1.0,0.0,0.0,1.0,0.0,0.0
4.24,412.3,236.1,4.1,5.2,31.8,84.1,30.21,2,0.0,1.0,0.0,0.0,1.0,0.0
2.16,470.0,110.0,4.1,0.0,81.8,0.0,45.6,3,0.0,1.0,0.0,1.0,0.0,0.0
15.59,280.4,99.5,13.7,15.4,39.8,600.6,11.7,2,0.0,1.0,0.0,0.0,0.0,1.0
3.84,196.7,486.2,15.6,17.6,75.9,1112.7,15.2,2,0.0,1.0,0.0,0.0,1.0,0.0
3.03,270.3,445.6,21.9,18.8,47.5,782.0,13.4,3,0.0,0.0,1.0,1.0,0.0,0.0
7.99,197.7,462.2,19.8,25.9,40.1,784.5,9.2,2,1.0,0.0,0.0,0.0,1.0,0.0
1.8,164.5,318.7,17.0,30.8,56.4,1060.4,5.9,3,0.0,1.0,0.0,1.0,0.0,0.0
2.13,98.4,323.9,4.9,21.3,56.8,313.0,32.3,2,1.0,0.0,0.0,1.0,0.0,0.0
3.25,258.4,523.4,33.7,28.0,41.2,809.1,14.8,3,1.0,0.0,0.0,1.0,0.0,0.0
2.21,232.4,557.9,30.1,15.4,46.2,691.9,10.6,3,0.0,1.0,0.0,1.0,0.0,0.0
5.29,109.4,351.9,7.9,9.5,30.5,605.0,8.4,3,0.0,1.0,0.0,0.0,1.0,0.0
1.78,116.4,454.0,17.9,36.0,47.6,1105.4,15.6,3,1.0,0.0,0.0,1.0,0.0,0.0
2.9,161.9,300.9,7.7,11.5,40.4,673.2,3.2,2,0.0,1.0,0.0,1.0,0.0,0.0
23.19,221.0,601.3,15.3,24.5,59.5,810.4,9.9,1,0.0,1.0,0.0,0.0,0.0,1.0
3.77,176.4,318.4,6.9,1.5,38.1,685.8,4.0,2,1.0,0.0,0.0,1.0,0.0,0.0
2.16,310.8,391.5,2.9,0.0,38.9,0.0,21.6,3,0.0,1.0,0.0,1.0,0.0,0.0
1.45,422.7,5.0,1.5,1.9,14.5,11.4,13.775,2,0.0,1.0,0.0,1.0,0.0,0.0
2.6,253.7,634.8,28.2,22.4,51.3,1159.1,7.2,3,1.0,0.0,0.0,1.0,0.0,0.0
1.12,262.8,460.7,32.6,17.8,62.7,984.2,8.5,2,1.0,0.0,0.0,1.0,0.0,0.0
2.16,545.5,288.7,0.0,0.0,53.1,17.2,41.4,3,0.0,0.0,1.0,1.0,0.0,0.0
1.27,52.5,353.9,2.4,18.7,67.2,379.7,36.1,2,1.0,0.0,0.0,1.0,0.0,0.0
1.11,449.7,191.8,0.5,0.2,65.9,78.8,7.0,2,0.0,1.0,0.0,1.0,0.0,0.0
4.1,185.7,338.5,15.6,11.7,25.5,858.7,3.8,2,1.0,0.0,0.0,0.0,1.0,0.0
1.3,218.7,524.4,17.9,30.6,52.8,1031.7,1.1,2,1.0,0.0,0.0,1.0,0.0,0.0
2.52,189.0,330.1,15.2,3.9,44.4,780.8,6.9,1,0.0,1.0,0.0,1.0,0.0,0.0
1.28,254.8,470.8,22.7,22.3,30.6,969.6,13.8,3,1.0,0.0,0.0,1.0,0.0,0.0
4.28,268.7,653.8,20.4,38.6,55.3,954.3,10.2,3,1.0,0.0,0.0,0.0,1.0,0.0
2.86,286.9,307.8,10.8,6.8,19.8,571.8,5.4,2,1.0,0.0,0.0,1.0,0.0,0.0
3.17,231.3,736.8,25.9,31.3,33.9,876.1,10.8,2,1.0,0.0,0.0,1.0,0.0,0.0
3.38,245.7,609.9,14.9,29.4,53.8,1065.8,6.9,1,1.0,0.0,0.0,1.0,0.0,0.0
2.4,131.2,185.2,11.7,16.3,28.8,334.9,7.4,2,0.0,1.0,0.0,1.0,0.0,0.0
1.81,441.9,121.4,1.2,2.9,67.0,0.0,31.2,3,0.0,1.0,0.0,1.0,0.0,0.0
1.85,228.3,534.9,36.1,21.9,29.7,1007.1,10.9,3,1.0,0.0,0.0,1.0,0.0,0.0
2.6,166.4,364.7,15.6,6.7,40.1,564.4,6.1,1,0.0,1.0,0.0,1.0,0.0,0.0
7.21,218.0,326.8,7.8,16.4,7.3,216.6,5.3,2,0.0,1.0,0.0,0.0,1.0,0.0
2.27,149.0,391.4,9.9,21.7,32.7,499.7,0.0,2,1.0,0.0,0.0,1.0,0.0,0.0
1.18,238.9,357.3,7.8,24.4,6.6,458.0,5.4,2,1.0,0.0,0.0,1.0,0.0,0.0
9.2,238.9,473.0,33.6,30.7,50.4,918.2,7.4,2,1.0,0.0,0.0,0.0,1.0,0.0
1.17,122.3,242.8,11.0,14.4,42.3,269.8,4.4,1,0.0,0.0,1.0,1.0,0.0,0.0
4.22,340.5,255.8,20.1,2.6,8.7,33.6,5.6,2,0.0,1.0,0.0,0.0,1.0,0.0
0.97,473.4,177.6,0.0,1.6,11.7,77.0,11.114999999999998,3,0.0,0.0,1.0,1.0,0.0,0.0
1.53,507.6,97.0,0.0,3.9,42.9,16.6,30.7,3,0.0,1.0,0.0,1.0,0.0,0.0
11.25,110.1,270.2,3.4,23.3,38.8,374.2,2.2,3,0.0,1.0,0.0,0.0,0.0,1.0
1.6,224.3,713.1,27.3,24.1,58.5,762.3,9.8,2,0.0,1.0,0.0,1.0,0.0,0.0
1.06,345.4,93.4,3.1,0.0,25.3,27.7,24.035,2,0.0,1.0,0.0,1.0,0.0,0.0
3.1,201.7,280.2,11.5,5.3,51.3,770.3,4.0,3,1.0,0.0,0.0,1.0,0.0,0.0
4.06,206.3,521.1,26.5,21.9,51.0,591.6,7.3,3,0.0,1.0,0.0,0.0,1.0,0.0
2.25,392.3,5.0,3.0,3.3,36.9,94.6,26.7,2,0.0,1.0,0.0,1.0,0.0,0.0
13.38,394.6,815.7,31.3,14.5,58.3,299.3,5.5,2,1.0,0.0,0.0,0.0,0.0,1.0
15.66,198.7,721.8,40.6,20.9,43.9,966.3,11.4,2,1.0,0.0,0.0,0.0,0.0,1.0
1.67,135.3,564.0,8.0,22.3,59.8,394.7,6.8,3,0.0,0.0,1.0,1.0,0.0,0.0
2.11,183.4,548.0,11.2,27.0,6.9,296.1,6.555,3,1.0,0.0,0.0,1.0,0.0,0.0
2.08,425.8,100.9,1.0,0.0,65.5,55.0,23.9,3,0.0,1.0,0.0,1.0,0.0,0.0
3.86,166.3,264.7,13.5,11.7,34.1,838.0,9.1,3,0.0,1.0,0.0,0.0,1.0,0.0
1.77,171.2,173.2,20.6,11.3,40.6,574.6,5.6,2,1.0,0.0,0.0,1.0,0.0,0.0
1.34,252.6,5.0,2.0,2.5,60.0,62.7,57.0,2,0.0,0.0,1.0,1.0,0.0,0.0
3.12,276.6,340.0,15.7,23.7,44.1,922.6,8.3,2,0.0,0.0,1.0,1.0,0.0,0.0
2.84,290.0,205.3,6.7,3.2,24.1,492.1,4.0,2,0.0,0.0,1.0,1.0,0.0,0.0
7.24,284.7,491.4,30.0,13.1,40.3,799.4,8.7,3,0.0,1.0,0.0,0.0,1.0,0.0
6.4,132.8,398.1,3.6,13.0,60.9,131.9,5.1,2,0.0,1.0,0.0,0.0,1.0,0.0
1.39,50.0,219.0,0.0,11.0,47.0,243.6,0.3,2,0.0,1.0,0.0,1.0,0.0,0.0
5.27,161.6,329.7,10.0,12.8,47.2,583.3,7.3,3,1.0,0.0,0.0,0.0,1.0,0.0
16.01,177.5,426.8,12.9,17.1,43.7,538.5,3.7,3,1.0,0.0,0.0,0.0,0.0,1.0
4.89,206.1,353.6,16.2,5.2,34.5,729.0,6.9,3,1.0,0.0,0.0,0.0,1.0,0.0
2.02,449.1,146.5,1.3,0.0,39.2,75.1,26.4,3,0.0,1.0,0.0,0.0,1.0,0.0
2.1,386.9,214.0,1.9,2.3,30.0,107.1,28.5,2,0.0,1.0,0.0,1.0,0.0,0.0
8.59,334.2,411.7,14.8,3.7,85.7,914.0,0.8,3,0.0,0.0,1.0,0.0,1.0,0.0
2.01,126.2,498.3,1.0,17.6,27.9,354.4,6.2,3,0.0,1.0,0.0,1.0,0.0,0.0
2.91,140.4,263.0,12.0,11.2,44.0,891.2,4.7,2,1.0,0.0,0.0,1.0,0.0,0.0
5.42,470.4,240.5,1.8,6.2,21.4,41.4,20.33,1,0.0,1.0,0.0,0.0,1.0,0.0
1.16,106.5,308.6,7.9,20.4,35.1,164.8,0.9,2,1.0,0.0,0.0,1.0,0.0,0.0
2.24,105.7,63.1,8.1,30.7,44.5,206.8,1.1,2,0.0,1.0,0.0,1.0,0.0,0.0
3.56,185.8,142.9,9.5,10.7,40.6,1074.8,4.5,2,1.0,0.0,0.0,1.0,0.0,0.0
2.16,197.0,252.0,15.7,12.8,27.0,857.7,8.4,3,0.0,1.0,0.0,1.0,0.0,0.0
0.93,153.2,441.6,8.7,25.0,52.7,304.8,32.7,3,0.0,1.0,0.0,1.0,0.0,0.0
2.08,209.1,438.5,25.4,0.6,37.3,833.8,12.4,3,0.0,0.0,1.0,1.0,0.0,0.0
3.29,134.9,581.2,28.6,28.7,40.1,510.1,10.1,3,1.0,0.0,0.0,1.0,0.0,0.0
1.92,218.5,451.9,16.0,17.5,40.2,824.3,7.3,3,0.0,0.0,1.0,1.0,0.0,0.0
1.65,61.6,390.7,0.3,7.6,45.0,186.2,30.5,2,1.0,0.0,0.0,1.0,0.0,0.0
4.81,50.0,468.6,10.5,18.2,87.8,188.9,43.7,3,0.0,1.0,0.0,0.0,1.0,0.0
2.38,164.1,161.7,0.0,17.6,39.9,309.1,4.9,1,0.0,1.0,0.0,1.0,0.0,0.0
2.5,595.1,189.7,2.2,0.0,53.6,24.5,1.2,2,0.0,1.0,0.0,0.0,1.0,0.0
2.06,122.9,428.2,10.6,10.6,41.5,788.4,7.1,2,0.0,1.0,0.0,1.0,0.0,0.0
2.29,367.3,143.1,1.6,0.6,25.6,23.5,24.32,3,0.0,1.0,0.0,1.0,0.0,0.0
3.14,238.8,232.5,21.8,18.9,46.7,531.5,6.3,3,1.0,0.0,0.0,1.0,0.0,0.0
6.77,264.6,733.8,11.8,12.4,39.5,769.0,18.1,3,0.0,0.0,1.0,0.0,1.0,0.0
5.61,238.7,233.1,14.9,12.7,26.5,242.1,5.0,2,1.0,0.0,0.0,0.0,1.0,0.0
3.84,269.6,534.3,32.0,28.3,53.9,1235.0,11.3,3,1.0,0.0,0.0,1.0,0.0,0.0
1.48,88.4,598.8,5.7,23.1,50.6,362.9,38.9,2,1.0,0.0,0.0,1.0,0.0,0.0
2.71,208.1,268.3,10.3,7.9,33.1,492.8,3.0,1,0.0,1.0,0.0,1.0,0.0,0.0
3.63,166.5,409.6,11.9,12.2,23.6,334.2,3.4,2,1.0,0.0,0.0,0.0,1.0,0.0
1.38,408.3,294.3,19.3,18.1,17.6,616.3,9.8,2,1.0,0.0,0.0,1.0,0.0,0.0
3.01,211.5,198.4,11.0,0.7,35.9,497.7,9.9,3,0.0,1.0,0.0,1.0,0.0,0.0
8.51,222.6,713.0,24.3,34.4,27.4,1046.0,2.3,2,1.0,0.0,0.0,0.0,1.0,0.0
6.98,188.5,250.2,12.9,11.0,31.6,698.4,2.7,3,1.0,0.0,0.0,0.0,1.0,0.0
8.29,183.2,489.4,27.1,19.2,48.4,1152.4,11.3,2,1.0,0.0,0.0,0.0,0.0,1.0
4.17,179.3,216.5,6.4,15.0,29.2,520.8,6.3,3,0.0,1.0,0.0,0.0,1.0,0.0
9.19,245.6,482.9,12.6,4.7,58.6,983.3,7.3,2,1.0,0.0,0.0,0.0,0.0,1.0
2.5,162.8,231.1,7.0,20.0,35.2,855.0,8.6,1,0.0,1.0,0.0,1.0,0.0,0.0
1.49,160.8,231.4,6.7,3.1,33.9,602.6,8.3,3,0.0,1.0,0.0,1.0,0.0,0.0
2.27,501.8,233.8,3.1,1.9,50.4,35.0,15.5,3,0.0,0.0,1.0,0.0,1.0,0.0
1.89,269.8,588.0,25.1,24.9,53.8,750.2,9.9,2,1.0,0.0,0.0,1.0,0.0,0.0
1.37,238.8,309.4,3.9,10.3,36.8,294.5,14.6,3,0.0,1.0,0.0,1.0,0.0,0.0
3.24,210.0,619.7,24.4,27.4,52.9,800.6,13.5,2,1.0,0.0,0.0,1.0,0.0,0.0
1.58,517.6,508.6,18.2,14.0,81.9,660.4,4.7,2,0.0,0.0,1.0,1.0,0.0,0.0
1.7,147.8,464.3,5.9,13.5,65.2,348.5,38.4,2,1.0,0.0,0.0,1.0,0.0,0.0
3.75,344.6,457.2,41.1,23.3,43.3,911.8,7.7,3,0.0,1.0,0.0,0.0,1.0,0.0
1.53,120.4,254.0,8.0,4.9,76.3,87.6,51.7,2,0.0,1.0,0.0,1.0,0.0,0.0
1.82,261.3,593.6,27.1,29.3,22.9,846.2,8.3,2,1.0,0.0,0.0,1.0,0.0,0.0
6.84,334.1,233.2,5.6,14.8,24.1,777.8,1.0,2,1.0,0.0,0.0,0.0,1.0,0.0
1.46,169.8,422.7,2.2,28.9,69.0,191.4,50.9,1,0.0,1.0,0.0,1.0,0.0,0.0
3.99,127.7,518.5,17.5,15.9,38.9,839.2,4.9,2,0.0,1.0,0.0,0.0,1.0,0.0
2.92,174.5,404.1,3.4,19.3,53.9,1396.1,5.7,2,1.0,0.0,0.0,1.0,0.0,0.0
3.53,151.6,259.5,10.2,18.9,46.4,760.4,4.1,3,1.0,0.0,0.0,1.0,0.0,0.0
5.09,234.6,761.8,33.9,30.8,44.1,973.8,7.4,3,1.0,0.0,0.0,0.0,1.0,0.0
5.8,174.2,183.8,11.2,21.4,46.3,519.8,6.7,3,0.0,1.0,0.0,0.0,1.0,0.0
2.07,171.5,544.6,29.5,20.2,52.8,852.5,7.7,2,1.0,0.0,0.0,1.0,0.0,0.0
2.46,173.6,365.8,10.6,8.5,39.9,695.1,6.7,2,1.0,0.0,0.0,1.0,0.0,0.0
5.54,226.8,603.7,12.2,24.3,49.8,1134.3,9.4,3,0.0,0.0,1.0,0.0,1.0,0.0
8.7,171.1,218.3,3.7,15.7,31.1,603.5,3.8,3,0.0,1.0,0.0,0.0,1.0,0.0
2.75,431.0,531.4,21.7,19.4,76.3,817.7,5.6,2,0.0,0.0,1.0,1.0,0.0,0.0
2.41,257.8,600.6,20.9,16.8,94.0,381.7,3.9,1,1.0,0.0,0.0,1.0,0.0,0.0
5.83,190.9,618.7,11.8,9.1,62.8,891.2,8.5,3,0.0,0.0,1.0,0.0,1.0,0.0
7.08,318.0,448.0,25.0,13.4,98.2,600.1,9.1,1,0.0,0.0,1.0,0.0,1.0,0.0
15.93,227.3,775.3,23.6,36.2,50.5,1009.1,10.3,3,1.0,0.0,0.0,0.0,0.0,1.0
2.52,155.5,404.6,7.9,17.3,68.1,150.8,63.2,3,0.0,0.0,1.0,1.0,0.0,0.0
3.03,219.0,691.1,23.9,31.8,46.2,1024.1,5.9,3,1.0,0.0,0.0,1.0,0.0,0.0
2.54,124.5,248.9,6.6,11.3,33.8,670.5,5.3,3,0.0,1.0,0.0,1.0,0.0,0.0
5.72,209.2,724.3,11.4,19.4,51.3,580.6,5.8,1,1.0,0.0,0.0,0.0,1.0,0.0
3.45,333.8,254.2,9.1,0.0,11.4,535.0,0.0,2,0.0,1.0,0.0,1.0,0.0,0.0
4.07,122.4,319.9,0.0,12.0,39.4,56.4,2.8,2,0.0,1.0,0.0,0.0,1.0,0.0
3.26,573.7,362.8,0.0,0.2,82.0,28.2,30.8,2,0.0,0.0,1.0,0.0,1.0,0.0
3.75,178.1,488.6,12.0,21.8,65.5,661.0,4.7,2,1.0,0.0,0.0,1.0,0.0,0.0
12.39,248.1,514.6,22.1,8.2,43.2,660.5,5.6,2,1.0,0.0,0.0,0.0,0.0,1.0
6.0,345.3,498.4,30.7,15.9,89.2,827.5,2.9,2,1.0,0.0,0.0,0.0,1.0,0.0
2.49,129.9,288.9,0.3,9.2,52.2,268.5,34.6,3,0.0,1.0,0.0,1.0,0.0,0.0
3.89,330.7,464.2,31.0,15.8,40.4,986.6,7.5,2,1.0,0.0,0.0,1.0,0.0,0.0
12.68,114.7,529.0,3.6,19.1,53.6,257.6,50.92,1,0.0,1.0,0.0,0.0,0.0,1.0
8.72,200.0,419.8,31.6,34.7,35.1,823.3,8.0,1,1.0,0.0,0.0,0.0,1.0,0.0
4.58,267.2,206.8,0.0,4.9,21.7,655.8,15.1,2,0.0,1.0,0.0,0.0,1.0,0.0
3.42,117.9,607.8,16.0,33.0,49.5,1047.1,7.5,1,1.0,0.0,0.0,1.0,0.0,0.0
5.52,181.0,593.0,0.2,11.0,78.3,376.3,34.1,2,1.0,0.0,0.0,0.0,1.0,0.0
8.72,248.2,597.5,27.8,20.5,55.1,797.4,8.0,2,1.0,0.0,0.0,0.0,1.0,0.0
1.49,133.2,5.0,6.7,10.1,46.4,562.6,4.0,2,0.0,0.0,1.0,1.0,0.0,0.0
1.56,241.8,603.4,20.4,25.3,45.9,613.2,3.9,3,1.0,0.0,0.0,1.0,0.0,0.0
1.03,376.9,148.4,2.2,2.6,25.9,66.6,24.605,3,0.0,1.0,0.0,1.0,0.0,0.0
2.5,287.5,350.1,21.7,23.5,25.4,641.6,9.6,2,0.0,1.0,0.0,1.0,0.0,0.0
1.21,204.5,231.0,9.9,11.2,28.5,678.0,1.8,3,0.0,1.0,0.0,1.0,0.0,0.0
3.63,340.9,544.7,25.1,11.4,74.8,643.6,4.0,2,1.0,0.0,0.0,1.0,0.0,0.0
3.68,293.7,5.0,0.5,7.2,88.6,100.9,34.3,2,0.0,1.0,0.0,0.0,1.0,0.0
2.51,172.4,252.3,3.8,10.5,43.3,785.8,6.3,2,0.0,1.0,0.0,1.0,0.0,0.0
6.41,114.0,368.9,8.3,17.6,31.5,185.3,29.925,2,0.0,1.0,0.0,0.0,1.0,0.0
9.4,240.1,252.1,12.2,2.9,35.6,575.9,6.4,1,0.0,0.0,1.0,0.0,0.0,1.0
0.94,316.4,258.5,0.2,1.6,38.9,36.9,23.4,3,0.0,1.0,0.0,1.0,0.0,0.0
2.6,238.7,358.3,11.4,0.6,24.4,630.6,5.7,2,1.0,0.0,0.0,1.0,0.0,0.0
2.2,292.3,38.6,2.1,8.2,25.7,38.0,24.415,3,0.0,1.0,0.0,1.0,0.0,0.0
4.08,89.2,187.1,0.0,14.4,54.9,349.5,0.1,3,0.0,1.0,0.0,0.0,1.0,0.0
3.58,225.6,344.6,6.1,20.2,63.8,735.0,2.9,2,0.0,0.0,1.0,1.0,0.0,0.0
3.54,226.1,341.8,19.2,7.6,55.2,738.8,6.0,2,0.0,1.0,0.0,1.0,0.0,0.0
1.43,149.0,196.3,13.6,5.8,33.5,486.5,4.3,3,0.0,1.0,0.0,1.0,0.0,0.0
2.34,481.7,106.2,3.4,6.0,61.3,39.5,40.3,1,0.0,1.0,0.0,0.0,1.0,0.0
2.47,237.9,676.0,32.6,19.6,63.0,979.0,5.4,1,1.0,0.0,0.0,1.0,0.0,0.0
3.03,313.8,423.5,20.9,10.5,53.7,1041.7,9.7,3,1.0,0.0,0.0,1.0,0.0,0.0
13.03,324.7,410.1,3.1,3.1,1.5,24.5,1.4249999999999998,1,0.0,1.0,0.0,0.0,0.0,1.0
21.46,275.5,370.8,3.8,7.1,12.0,486.2,4.0,3,0.0,1.0,0.0,0.0,0.0,1.0
3.59,314.7,558.9,21.4,20.8,33.6,940.6,3.1,3,1.0,0.0,0.0,1.0,0.0,0.0
14.08,165.1,510.5,33.7,19.6,26.2,1293.7,4.8,3,1.0,0.0,0.0,0.0,0.0,1.0
1.3,212.5,627.3,26.3,27.8,75.6,631.7,12.9,3,1.0,0.0,0.0,1.0,0.0,0.0
3.85,213.9,338.0,4.3,12.7,27.5,473.3,3.8,1,0.0,1.0,0.0,1.0,0.0,0.0
5.95,105.5,89.8,0.7,5.9,50.9,425.4,3.9,2,0.0,1.0,0.0,0.0,0.0,1.0
2.81,398.1,224.3,0.9,0.0,25.4,89.6,24.13,1,0.0,1.0,0.0,0.0,1.0,0.0
7.91,171.9,452.2,34.7,18.5,44.2,671.7,1.3,3,1.0,0.0,0.0,0.0,1.0,0.0
8.51,233.0,464.6,22.8,34.0,30.9,860.4,14.8,2,1.0,0.0,0.0,0.0,1.0,0.0
2.49,202.5,584.0,24.1,31.6,33.5,748.9,6.4,2,1.0,0.0,0.0,1.0,0.0,0.0
4.31,175.5,589.5,34.9,24.2,52.6,559.4,9.3,2,1.0,0.0,0.0,0.0,1.0,0.0
2.35,262.0,177.6,12.6,12.5,23.1,484.1,7.5,2,1.0,0.0,0.0,1.0,0.0,0.0
16.6,419.5,252.2,18.4,11.7,70.8,795.8,4.2,2,0.0,1.0,0.0,0.0,0.0,1.0
1.24,345.5,205.9,0.8,0.0,16.6,55.1,14.6,3,0.0,0.0,1.0,1.0,0.0,0.0
2.53,413.8,215.0,0.4,3.6,15.3,51.6,14.535,3,0.0,1.0,0.0,0.0,1.0,0.0
6.73,316.4,245.5,18.3,17.5,26.2,480.1,11.0,3,0.0,1.0,0.0,0.0,1.0,0.0
6.03,265.4,469.9,10.9,6.4,9.6,543.6,6.4,3,1.0,0.0,0.0,0.0,1.0,0.0
8.9,471.0,339.3,2.2,2.6,32.8,45.8,23.9,3,0.0,1.0,0.0,0.0,0.0,1.0
1.63,597.7,27.8,5.4,1.7,28.2,69.5,26.79,3,0.0,1.0,0.0,1.0,0.0,0.0
2.68,389.5,274.4,0.0,1.8,34.0,14.1,27.8,2,0.0,1.0,0.0,0.0,1.0,0.0
1.48,258.3,645.3,39.2,29.1,53.1,723.9,15.4,3,1.0,0.0,0.0,1.0,0.0,0.0
7.54,143.1,435.3,6.2,16.7,34.1,545.9,6.0,2,0.0,1.0,0.0,0.0,0.0,1.0
1.25,365.1,12.3,1.0,0.0,36.7,0.0,31.9,3,0.0,1.0,0.0,1.0,0.0,0.0
6.44,344.8,78.1,15.6,13.3,19.2,547.4,10.1,2,0.0,1.0,0.0,0.0,1.0,0.0
2.16,443.0,99.6,8.4,3.3,42.4,30.5,29.2,2,0.0,1.0,0.0,0.0,1.0,0.0
2.98,283.2,495.2,20.0,29.8,45.3,1049.8,7.6,3,1.0,0.0,0.0,1.0,0.0,0.0
3.3,277.8,217.7,16.6,16.2,28.1,413.1,2.9,2,0.0,1.0,0.0,1.0,0.0,0.0
2.92,99.2,546.8,2.7,24.8,55.2,58.9,51.0,2,0.0,0.0,1.0,0.0,1.0,0.0
1.73,171.8,291.9,0.0,6.1,41.1,427.6,2.4,3,0.0,1.0,0.0,1.0,0.0,0.0
2.94,248.6,440.9,29.9,23.0,43.2,670.3,7.5,2,1.0,0.0,0.0,1.0,0.0,0.0
3.6,139.5,670.9,14.7,16.3,29.7,888.5,4.0,3,0.0,1.0,0.0,1.0,0.0,0.0
1.12,204.9,298.3,36.3,29.8,66.7,1219.7,11.2,3,1.0,0.0,0.0,1.0,0.0,0.0
0.74,57.7,333.5,0.0,2.3,17.1,65.2,3.7,3,0.0,1.0,0.0,1.0,0.0,0.0
3.19,186.2,339.5,18.3,10.3,39.5,1128.5,8.1,1,1.0,0.0,0.0,1.0,0.0,0.0
2.3,370.0,234.9,0.0,8.9,66.0,36.7,25.7,2,0.0,0.0,1.0,1.0,0.0,0.0
1.39,444.2,310.1,7.8,2.3,42.0,14.0,35.6,3,0.0,1.0,0.0,1.0,0.0,0.0
1.1,243.5,609.8,37.7,27.4,52.9,747.7,7.9,2,1.0,0.0,0.0,1.0,0.0,0.0
1.46,358.8,167.8,0.4,0.0,54.9,67.5,15.3,2,0.0,0.0,1.0,1.0,0.0,0.0
9.77,332.4,553.0,25.2,9.7,59.7,1077.0,9.3,2,0.0,1.0,0.0,0.0,1.0,0.0
1.22,466.0,182.0,0.0,0.0,61.8,1.5,48.9,3,0.0,1.0,0.0,1.0,0.0,0.0
2.01,196.7,461.2,31.0,29.3,40.4,1059.6,9.5,3,0.0,1.0,0.0,1.0,0.0,0.0
1.4,323.4,73.8,0.3,0.0,48.6,3.7,44.2,3,0.0,1.0,0.0,1.0,0.0,0.0
3.64,129.6,221.8,10.3,2.0,30.8,407.3,9.2,2,0.0,1.0,0.0,0.0,1.0,0.0
12.35,455.6,690.9,33.1,14.5,53.9,798.4,3.6,2,1.0,0.0,0.0,0.0,0.0,1.0
2.57,208.4,426.9,1.0,18.8,57.3,273.9,43.6,3,0.0,1.0,0.0,1.0,0.0,0.0
9.47,80.6,427.8,4.7,20.1,27.7,283.4,4.1,1,0.0,1.0,0.0,0.0,0.0,1.0
4.19,490.0,55.5,1.7,3.7,30.9,47.6,29.355,2,0.0,0.0,1.0,0.0,1.0,0.0
2.77,276.4,582.8,34.8,17.8,78.5,927.5,9.9,3,1.0,0.0,0.0,1.0,0.0,0.0
7.58,153.2,292.3,7.9,10.3,52.5,463.7,5.6,3,0.0,0.0,1.0,0.0,1.0,0.0
1.01,411.1,155.7,0.6,2.0,63.8,65.5,26.8,2,0.0,1.0,0.0,1.0,0.0,0.0
6.44,190.8,256.1,9.7,4.5,47.7,592.0,5.5,3,1.0,0.0,0.0,0.0,1.0,0.0
3.55,266.8,642.0,24.7,19.7,54.1,716.4,6.7,2,1.0,0.0,0.0,1.0,0.0,0.0
6.85,65.7,477.8,0.6,26.0,50.7,476.8,48.165,2,0.0,1.0,0.0,0.0,1.0,0.0
1.64,414.5,161.9,1.5,0.3,48.8,43.1,34.5,2,0.0,1.0,0.0,1.0,0.0,0.0
1.97,117.4,321.7,15.6,14.0,43.3,730.2,6.0,3,1.0,0.0,0.0,1.0,0.0,0.0
1.06,385.2,216.2,12.2,6.5,0.0,512.8,0.0,2,0.0,0.0,1.0,1.0,0.0,0.0
2.27,286.7,308.8,1.8,4.1,39.1,94.1,30.9,3,0.0,1.0,0.0,1.0,0.0,0.0
3.72,150.6,365.5,9.8,14.5,56.6,930.1,10.1,3,0.0,0.0,1.0,1.0,0.0,0.0
2.31,284.8,122.7,11.8,12.4,25.8,154.2,4.3,1,0.0,0.0,1.0,1.0,0.0,0.0
3.96,192.3,267.1,14.1,13.6,29.4,282.2,0.0,3,0.0,1.0,0.0,0.0,1.0,0.0
2.34,128.8,190.7,3.4,10.7,61.5,191.7,3.9,2,0.0,1.0,0.0,1.0,0.0,0.0
4.62,207.9,238.9,11.4,13.4,32.4,716.2,5.6,1,0.0,1.0,0.0,0.0,1.0,0.0
2.14,456.9,167.3,1.7,0.0,67.0,29.6,15.6,2,0.0,0.0,1.0,1.0,0.0,0.0
2.45,472.7,132.6,0.0,0.0,39.0,0.0,25.4,3,0.0,0.0,1.0,0.0,1.0,0.0
3.94,654.4,44.7,7.2,2.4,52.4,62.0,46.0,3,0.0,1.0,0.0,0.0,1.0,0.0
1.86,320.7,94.4,2.0,2.9,60.7,56.3,39.7,2,0.0,0.0,1.0,1.0,0.0,0.0
4.45,129.4,449.7,5.8,12.7,44.9,111.9,35.0,2,1.0,0.0,0.0,0.0,1.0,0.0
3.32,211.7,601.1,18.7,19.7,53.5,595.8,16.3,2,1.0,0.0,0.0,1.0,0.0,0.0
3.07,353.4,405.8,19.3,12.0,31.4,1195.8,8.5,3,1.0,0.0,0.0,1.0,0.0,0.0
12.83,216.2,408.0,15.2,14.9,46.5,861.3,6.1,3,1.0,0.0,0.0,0.0,0.0,1.0
4.96,127.7,257.1,0.0,6.8,30.1,82.0,0.9,2,0.0,1.0,0.0,0.0,1.0,0.0
8.99,231.1,621.9,28.1,34.6,51.7,1246.9,15.6,2,1.0,0.0,0.0,0.0,1.0,0.0
2.64,261.8,645.6,11.0,16.0,60.7,610.8,7.0,2,1.0,0.0,0.0,1.0,0.0,0.0
3.2,241.2,544.4,11.3,36.4,51.9,805.9,10.7,2,0.0,1.0,0.0,1.0,0.0,0.0
1.12,555.1,215.0,3.1,0.0,40.0,57.3,5.3,3,0.0,1.0,0.0,1.0,0.0,0.0
2.72,136.5,319.1,18.6,9.6,47.9,579.0,4.5,1,1.0,0.0,0.0,1.0,0.0,0.0
1.99,154.3,301.9,0.0,14.2,58.1,402.5,1.5,2,0.0,1.0,0.0,1.0,0.0,0.0
2.42,529.0,145.4,0.0,0.0,86.8,75.0,63.4,2,0.0,1.0,0.0,0.0,1.0,0.0
3.38,173.6,275.0,11.9,7.8,35.7,581.6,5.9,2,1.0,0.0,0.0,1.0,0.0,0.0
3.62,510.2,184.6,1.3,3.2,77.6,49.0,40.4,2,0.0,1.0,0.0,0.0,1.0,0.0
3.02,366.8,416.9,7.0,13.7,27.7,813.3,10.9,3,1.0,0.0,0.0,1.0,0.0,0.0
3.51,264.2,442.3,17.2,22.4,58.9,1038.3,9.2,2,0.0,1.0,0.0,1.0,0.0,0.0
2.47,126.5,242.1,10.7,8.0,35.3,259.7,3.6,3,0.0,1.0,0.0,1.0,0.0,0.0
2.36,95.6,537.3,9.0,2.5,64.4,207.2,9.2,1,0.0,1.0,0.0,1.0,0.0,0.0
3.9,240.1,566.4,13.3,34.9,59.8,966.0,6.1,2,1.0,0.0,0.0,1.0,0.0,0.0
5.66,325.2,776.1,16.7,21.8,59.0,350.2,4.6,2,0.0,1.0,0.0,0.0,1.0,0.0
1.18,568.5,235.7,0.0,0.2,68.0,10.6,43.9,3,0.0,1.0,0.0,1.0,0.0,0.0
8.1,170.2,377.6,18.5,21.2,55.0,602.4,4.4,2,0.0,1.0,0.0,0.0,1.0,0.0
3.32,116.6,294.7,0.0,19.7,45.4,474.7,2.0,1,0.0,1.0,0.0,0.0,1.0,0.0
3.53,361.1,112.2,4.2,0.0,30.7,25.7,29.165,2,0.0,0.0,1.0,0.0,1.0,0.0
2.59,181.3,415.1,9.8,8.5,13.6,656.0,6.8,2,1.0,0.0,0.0,1.0,0.0,0.0
2.2,50.0,430.3,3.6,12.2,74.5,235.6,28.3,1,0.0,1.0,0.0,1.0,0.0,0.0
3.71,221.0,226.6,12.7,14.3,45.9,613.8,4.1,2,0.0,0.0,1.0,1.0,0.0,0.0
5.84,366.7,207.1,3.7,6.8,23.0,641.9,0.0,3,1.0,0.0,0.0,0.0,1.0,0.0
19.43,235.4,304.6,30.7,20.4,54.3,801.2,5.6,2,0.0,1.0,0.0,0.0,0.0,1.0
3.81,310.1,675.1,20.7,22.7,28.0,821.6,8.3,3,1.0,0.0,0.0,1.0,0.0,0.0
3.3,434.1,177.4,5.3,0.0,83.2,47.0,4.8,3,0.0,1.0,0.0,0.0,1.0,0.0
7.33,120.8,276.4,4.8,9.8,40.7,138.1,38.665,2,0.0,1.0,0.0,0.0,1.0,0.0
1.64,250.4,211.6,18.9,16.9,20.6,801.1,16.0,3,0.0,1.0,0.0,1.0,0.0,0.0
0.89,470.7,5.4,1.3,4.9,28.0,76.4,26.6,3,0.0,1.0,0.0,1.0,0.0,0.0
2.13,232.3,379.5,7.4,5.3,32.4,559.4,4.8,3,0.0,1.0,0.0,1.0,0.0,0.0
2.71,153.1,513.9,6.5,13.3,57.4,186.6,28.6,2,0.0,1.0,0.0,1.0,0.0,0.0
2.1,312.9,305.0,2.8,0.0,50.2,22.8,47.69,2,0.0,1.0,0.0,1.0,0.0,0.0
3.06,358.0,5.0,1.2,0.9,38.6,61.9,36.67,3,0.0,1.0,0.0,0.0,1.0,0.0
1.45,217.0,167.4,16.8,20.6,25.8,636.4,9.9,2,1.0,0.0,0.0,1.0,0.0,0.0
2.34,407.7,115.7,3.8,0.2,43.2,61.2,41.04,3,0.0,1.0,0.0,1.0,0.0,0.0
3.7,396.0,598.8,10.3,12.0,43.1,963.7,5.0,1,1.0,0.0,0.0,1.0,0.0,0.0
2.73,184.3,440.8,5.4,27.1,79.5,171.9,51.7,3,0.0,1.0,0.0,1.0,0.0,0.0
3.17,200.1,437.8,18.8,8.3,53.6,1126.7,3.5,3,0.0,0.0,1.0,1.0,0.0,0.0
1.7,256.3,423.3,6.1,5.2,55.7,677.2,8.7,3,0.0,1.0,0.0,1.0,0.0,0.0
7.96,269.9,642.2,29.2,29.5,48.2,486.0,6.3,3,1.0,0.0,0.0,0.0,1.0,0.0
5.37,115.2,486.9,0.0,19.2,35.2,240.6,5.8,3,0.0,1.0,0.0,0.0,1.0,0.0
2.43,168.0,280.0,13.1,22.8,37.5,796.8,5.9,2,1.0,0.0,0.0,1.0,0.0,0.0
6.19,216.6,598.9,14.8,23.2,35.0,883.3,5.1,2,0.0,1.0,0.0,0.0,1.0,0.0
6.02,215.1,356.0,13.7,5.6,9.1,828.6,4.9,1,1.0,0.0,0.0,0.0,1.0,0.0
1.04,385.2,220.7,13.3,7.2,24.8,563.6,11.5,3,0.0,0.0,1.0,1.0,0.0,0.0
4.38,121.0,420.3,4.2,17.2,26.8,240.4,17.3,3,0.0,1.0,0.0,0.0,1.0,0.0
1.71,410.0,343.0,27.8,23.3,62.8,758.7,7.8,1,1.0,0.0,0.0,1.0,0.0,0.0
3.19,218.4,307.4,9.6,13.3,41.2,448.0,5.9,1,0.0,1.0,0.0,1.0,0.0,0.0
4.17,186.5,153.1,12.4,19.1,25.9,712.1,9.4,2,1.0,0.0,0.0,1.0,0.0,0.0
1.06,361.8,328.0,14.8,13.0,10.4,73.8,8.5,2,1.0,0.0,0.0,1.0,0.0,0.0
3.98,269.6,409.2,22.7,13.6,58.6,1132.4,12.4,3,0.0,0.0,1.0,1.0,0.0,0.0
1.74,212.5,509.4,25.8,28.9,82.2,937.2,8.1,2,0.0,1.0,0.0,1.0,0.0,0.0
2.58,176.3,510.5,6.1,8.3,67.7,292.6,22.6,3,0.0,1.0,0.0,1.0,0.0,0.0
5.44,156.8,430.1,4.6,7.9,28.3,0.0,7.2,2,0.0,0.0,1.0,0.0,1.0,0.0
2.65,71.6,474.6,5.3,16.3,39.8,380.1,2.9,3,0.0,1.0,0.0,1.0,0.0,0.0
1.8,152.1,330.0,8.3,27.3,46.8,245.2,42.2,3,1.0,0.0,0.0,1.0,0.0,0.0
2.93,207.0,458.6,2.5,28.3,33.1,161.7,14.4,3,1.0,0.0,0.0,1.0,0.0,0.0
1.76,239.4,721.0,28.6,32.5,57.2,745.1,4.3,3,1.0,0.0,0.0,1.0,0.0,0.0
8.95,127.1,457.7,17.4,16.3,25.4,947.0,10.0,1,0.0,1.0,0.0,0.0,0.0,1.0
1.35,221.7,274.6,13.9,28.3,56.6,813.9,14.4,1,0.0,0.0,1.0,1.0,0.0,0.0
1.3,137.5,649.5,5.5,17.1,29.2,409.4,2.4,2,0.0,1.0,0.0,1.0,0.0,0.0
3.14,338.3,228.9,2.5,2.0,52.2,23.0,17.1,3,0.0,1.0,0.0,0.0,1.0,0.0
3.91,142.2,272.2,12.4,10.3,41.6,711.1,2.2,1,1.0,0.0,0.0,1.0,0.0,0.0
4.38,69.7,142.9,11.3,12.9,26.6,525.2,4.4,3,0.0,1.0,0.0,0.0,1.0,0.0
5.52,107.8,566.2,3.2,17.8,40.4,345.7,38.38,3,1.0,0.0,0.0,0.0,1.0,0.0
4.18,484.2,11.7,0.0,0.0,94.7,18.1,24.7,1,0.0,0.0,1.0,0.0,1.0,0.0
8.42,165.6,391.4,11.0,8.9,42.5,543.2,3.0,1,1.0,0.0,0.0,0.0,1.0,0.0
1.32,151.6,362.8,9.1,15.2,32.6,794.0,9.4,2,0.0,1.0,0.0,1.0,0.0,0.0
3.42,148.8,475.9,5.9,16.8,83.4,218.3,51.5,2,0.0,1.0,0.0,0.0,1.0,0.0
17.61,326.0,700.3,20.4,14.6,88.7,962.9,2.3,3,1.0,0.0,0.0,0.0,0.0,1.0
1.98,207.1,372.4,6.8,3.3,60.1,431.4,8.1,3,0.0,1.0,0.0,1.0,0.0,0.0
1.11,203.5,283.3,6.8,10.1,38.0,620.1,5.0,3,1.0,0.0,0.0,1.0,0.0,0.0
1.65,527.5,241.4,1.3,0.0,81.1,69.8,35.3,1,0.0,1.0,0.0,1.0,0.0,0.0
4.68,223.3,749.9,29.6,28.8,72.7,1084.6,10.7,2,1.0,0.0,0.0,0.0,1.0,0.0
3.35,306.2,262.1,0.2,0.0,48.5,112.2,25.0,3,0.0,1.0,0.0,0.0,1.0,0.0
3.0,159.1,661.7,22.4,13.1,54.5,629.5,6.6,2,1.0,0.0,0.0,1.0,0.0,0.0
1.37,219.3,479.5,17.1,31.5,42.1,1020.9,10.3,3,1.0,0.0,0.0,1.0,0.0,0.0
3.39,364.3,443.9,36.3,11.6,89.2,553.9,5.2,2,0.0,1.0,0.0,1.0,0.0,0.0
2.85,289.1,519.1,30.8,30.4,29.9,773.0,6.5,2,1.0,0.0,0.0,1.0,0.0,0.0
4.34,455.4,272.2,0.6,0.0,57.1,40.0,40.2,3,0.0,0.0,1.0,0.0,1.0,0.0
0.66,456.5,5.0,2.8,0.0,68.5,33.0,47.3,2,0.0,1.0,0.0,1.0,0.0,0.0
1.29,443.7,742.9,11.8,20.5,80.3,496.0,4.8,2,1.0,0.0,0.0,1.0,0.0,0.0
3.97,174.8,413.4,16.1,7.2,49.5,783.5,3.2,2,0.0,1.0,0.0,1.0,0.0,0.0
3.49,293.2,315.2,39.6,7.0,61.5,848.6,7.4,2,0.0,1.0,0.0,1.0,0.0,0.0
4.41,301.9,597.2,31.4,9.9,72.6,984.3,2.8,3,1.0,0.0,0.0,0.0,1.0,0.0
2.3,265.0,193.7,11.4,5.3,18.6,426.1,3.0,2,0.0,1.0,0.0,1.0,0.0,0.0
3.48,566.2,51.2,0.0,3.4,32.6,18.5,16.0,3,0.0,1.0,0.0,0.0,1.0,0.0
1.8,178.4,472.9,5.5,13.2,47.9,296.5,33.9,1,1.0,0.0,0.0,1.0,0.0,0.0
1.64,310.7,118.9,17.8,14.9,31.8,686.3,10.5,3,0.0,0.0,1.0,1.0,0.0,0.0
4.38,281.9,163.5,2.1,0.4,32.2,50.3,28.8,2,0.0,1.0,0.0,0.0,1.0,0.0
6.75,212.9,435.4,18.2,46.0,45.7,781.4,8.9,2,0.0,1.0,0.0,0.0,1.0,0.0
14.25,265.0,707.1,39.7,32.9,24.2,1086.5,4.2,3,1.0,0.0,0.0,0.0,0.0,1.0
25.41,327.6,622.4,23.4,15.2,28.1,596.2,3.5,2,1.0,0.0,0.0,0.0,0.0,1.0
4.46,271.0,504.0,25.6,32.4,43.6,1306.1,12.1,2,1.0,0.0,0.0,0.0,1.0,0.0
2.1,233.5,457.8,20.6,14.7,29.2,862.0,8.7,2,0.0,1.0,0.0,1.0,0.0,0.0
2.8,250.1,179.2,9.1,22.7,51.3,732.5,7.4,1,1.0,0.0,0.0,1.0,0.0,0.0
3.58,419.7,265.9,19.0,5.2,61.7,715.5,6.2,2,1.0,0.0,0.0,1.0,0.0,0.0
3.93,252.1,563.0,20.4,30.7,21.8,1073.9,4.3,3,0.0,1.0,0.0,1.0,0.0,0.0
2.25,598.9,225.7,1.7,0.0,46.2,45.5,36.7,2,0.0,1.0,0.0,1.0,0.0,0.0
1.8,257.3,215.4,3.4,4.6,43.0,529.7,5.1,3,0.0,1.0,0.0,1.0,0.0,0.0
1.63,187.3,348.6,20.7,13.3,43.3,725.5,6.7,2,1.0,0.0,0.0,1.0,0.0,0.0
3.76,242.1,529.8,23.7,43.3,29.0,606.8,11.3,2,1.0,0.0,0.0,1.0,0.0,0.0
3.21,196.2,80.3,5.4,16.9,32.4,609.5,6.1,3,0.0,0.0,1.0,1.0,0.0,0.0
1.37,86.2,252.2,16.5,4.1,35.3,165.3,3.4,1,0.0,1.0,0.0,1.0,0.0,0.0
1.3,190.4,608.1,22.9,32.0,45.6,1109.8,11.1,3,1.0,0.0,0.0,1.0,0.0,0.0
3.19,202.9,338.0,7.5,29.4,77.8,82.5,53.6,1,0.0,0.0,1.0,1.0,0.0,0.0
3.14,198.1,292.6,14.2,13.3,16.8,461.7,3.8,2,1.0,0.0,0.0,1.0,0.0,0.0
6.91,292.0,768.3,12.3,29.0,65.8,1498.1,11.1,2,1.0,0.0,0.0,0.0,1.0,0.0
3.56,196.1,488.2,22.3,22.3,59.7,549.6,5.2,2,1.0,0.0,0.0,1.0,0.0,0.0
1.77,170.3,324.0,2.8,30.8,49.3,305.6,30.1,2,1.0,0.0,0.0,1.0,0.0,0.0
7.85,186.6,341.0,11.2,16.9,48.9,516.1,7.7,2,0.0,1.0,0.0,0.0,1.0,0.0
1.96,404.8,337.1,1.1,4.6,48.1,55.6,45.695,3,0.0,0.0,1.0,1.0,0.0,0.0
2.21,356.8,578.1,15.6,10.0,46.2,1258.8,6.2,2,1.0,0.0,0.0,1.0,0.0,0.0
3.33,237.4,299.5,15.2,15.0,17.5,416.9,1.7,2,1.0,0.0,0.0,1.0,0.0,0.0
8.45,377.0,600.6,26.6,15.4,76.9,774.1,6.6,3,1.0,0.0,0.0,0.0,1.0,0.0
1.92,294.0,757.7,11.8,33.4,58.3,1028.6,7.0,3,1.0,0.0,0.0,1.0,0.0,0.0
2.77,112.9,328.9,0.0,7.6,42.5,389.9,3.9,2,0.0,1.0,0.0,1.0,0.0,0.0
1.95,329.1,127.4,5.9,1.9,18.5,70.7,17.575,2,0.0,1.0,0.0,1.0,0.0,0.0
6.47,379.4,234.4,3.4,21.3,32.0,685.6,12.1,3,0.0,1.0,0.0,0.0,1.0,0.0
3.33,273.8,684.6,33.7,29.4,39.4,958.3,11.8,3,1.0,0.0,0.0,1.0,0.0,0.0
18.64,158.0,267.2,16.4,5.0,42.8,489.4,6.9,2,1.0,0.0,0.0,0.0,0.0,1.0
2.32,221.8,358.7,27.6,25.0,53.2,1079.8,6.9,3,1.0,0.0,0.0,1.0,0.0,0.0
6.65,143.8,324.2,9.0,18.4,46.3,620.0,8.6,2,1.0,0.0,0.0,0.0,1.0,0.0
2.07,146.6,167.9,2.3,14.4,38.0,358.9,1.7,2,0.0,0.0,1.0,1.0,0.0,0.0
6.18,346.8,231.5,0.9,8.5,40.5,56.1,38.475,2,0.0,1.0,0.0,0.0,0.0,1.0
1.8,271.0,229.0,0.0,10.6,24.7,612.6,8.7,2,0.0,0.0,1.0,1.0,0.0,0.0
2.64,283.5,297.4,7.8,15.3,33.7,517.2,8.3,3,0.0,1.0,0.0,1.0,0.0,0.0
4.37,234.3,461.7,20.8,6.4,71.8,757.8,6.2,3,1.0,0.0,0.0,1.0,0.0,0.0
2.72,373.2,176.5,0.2,3.6,56.7,16.7,39.0,2,0.0,1.0,0.0,0.0,1.0,0.0
2.53,136.5,492.5,3.7,21.6,51.4,487.5,0.0,3,0.0,1.0,0.0,0.0,1.0,0.0
1.9,357.9,70.5,10.5,9.5,19.9,351.7,10.3,3,0.0,0.0,1.0,1.0,0.0,0.0
7.22,267.5,686.0,20.1,18.6,32.9,755.8,7.9,2,0.0,1.0,0.0,0.0,1.0,0.0
1.52,497.2,178.3,1.0,4.0,85.7,55.0,28.5,3,0.0,1.0,0.0,1.0,0.0,0.0
3.56,178.3,444.5,28.3,30.9,67.0,709.9,10.3,2,0.0,1.0,0.0,0.0,1.0,0.0
2.79,243.1,552.5,13.1,17.7,61.7,728.6,8.0,3,0.0,1.0,0.0,1.0,0.0,0.0
1.74,189.7,366.0,8.5,6.3,42.3,426.7,2.6,3,0.0,1.0,0.0,1.0,0.0,0.0
1.54,228.7,453.1,9.7,12.2,46.1,878.0,2.8,3,1.0,0.0,0.0,1.0,0.0,0.0
1.25,187.4,352.5,16.1,12.1,28.0,579.9,8.1,2,1.0,0.0,0.0,1.0,0.0,0.0
3.99,350.5,365.4,3.1,1.1,8.2,25.6,7.789999999999999,2,0.0,1.0,0.0,0.0,1.0,0.0
4.87,119.1,500.2,1.0,9.5,41.5,347.2,6.6,3,0.0,1.0,0.0,0.0,1.0,0.0
4.5,213.1,566.8,12.0,13.4,63.7,550.7,8.9,3,0.0,0.0,1.0,0.0,1.0,0.0
1.2,68.1,309.1,2.5,20.2,64.0,205.7,15.3,3,1.0,0.0,0.0,1.0,0.0,0.0
8.03,258.7,542.7,15.5,24.7,38.4,1125.7,9.5,3,1.0,0.0,0.0,0.0,1.0,0.0
3.0,190.8,323.4,5.0,13.1,39.2,605.0,3.5,2,0.0,1.0,0.0,1.0,0.0,0.0
8.15,268.6,242.6,12.1,8.2,19.0,286.6,11.6,2,0.0,0.0,1.0,0.0,1.0,0.0
1.91,309.9,452.8,29.6,23.9,61.4,824.4,9.9,1,1.0,0.0,0.0,1.0,0.0,0.0
3.71,320.4,280.1,4.1,1.6,2.8,82.0,2.66,3,0.0,1.0,0.0,0.0,1.0,0.0
3.68,165.2,252.3,12.2,6.7,45.4,654.9,4.1,3,0.0,1.0,0.0,1.0,0.0,0.0
1.31,337.0,5.0,3.0,1.1,13.9,43.7,13.205,2,0.0,1.0,0.0,1.0,0.0,0.0
7.42,129.1,322.6,13.3,11.4,32.7,956.6,5.9,3,1.0,0.0,0.0,0.0,1.0,0.0
5.45,264.0,557.7,24.0,22.7,67.3,895.4,4.9,2,0.0,0.0,1.0,0.0,1.0,0.0
2.28,454.8,5.0,0.0,3.3,63.2,39.2,41.8,2,0.0,0.0,1.0,0.0,1.0,0.0
3.62,356.5,68.5,0.0,1.3,77.5,67.9,41.9,1,0.0,1.0,0.0,0.0,1.0,0.0
1.24,169.2,261.8,6.9,9.4,42.0,480.9,3.1,2,0.0,0.0,1.0,1.0,0.0,0.0
9.56,378.5,712.5,15.2,14.8,44.4,594.5,1.8,2,0.0,1.0,0.0,0.0,1.0,0.0
3.34,424.7,203.3,16.3,10.4,7.7,467.6,2.5,2,0.0,1.0,0.0,1.0,0.0,0.0
2.03,482.9,187.3,3.4,0.8,50.3,18.5,47.785,1,0.0,1.0,0.0,0.0,1.0,0.0
2.44,206.5,520.2,25.5,37.8,41.4,914.9,13.3,1,1.0,0.0,0.0,1.0,0.0,0.0
12.16,226.2,365.8,14.4,20.8,49.4,661.9,5.3,1,1.0,0.0,0.0,0.0,0.0,1.0
1.5,128.6,342.3,7.6,38.7,67.4,233.2,17.6,2,1.0,0.0,0.0,1.0,0.0,0.0
3.75,385.8,294.0,27.9,13.1,43.4,593.8,10.7,2,1.0,0.0,0.0,1.0,0.0,0.0
1.7,191.7,715.5,36.8,27.7,52.2,779.1,6.6,2,0.0,1.0,0.0,1.0,0.0,0.0
7.13,506.6,343.9,4.1,3.1,43.5,59.3,10.3,2,0.0,0.0,1.0,0.0,0.0,1.0
1.17,151.7,141.2,16.1,7.7,50.0,811.0,4.0,2,0.0,1.0,0.0,1.0,0.0,0.0
2.98,161.0,346.7,11.6,9.8,35.8,635.2,5.8,1,0.0,1.0,0.0,1.0,0.0,0.0
3.13,127.6,512.4,8.0,12.4,76.8,250.1,46.3,3,0.0,0.0,1.0,0.0,1.0,0.0
0.72,255.7,132.0,0.7,0.0,26.5,0.0,14.8,3,0.0,1.0,0.0,1.0,0.0,0.0
6.24,176.7,285.3,5.1,22.2,45.7,445.7,43.415,2,1.0,0.0,0.0,0.0,1.0,0.0
4.53,80.9,602.5,1.1,26.4,48.7,207.6,46.265,2,0.0,1.0,0.0,0.0,1.0,0.0
1.17,450.4,385.6,1.6,0.0,58.3,110.1,50.6,1,0.0,1.0,0.0,1.0,0.0,0.0
1.08,238.7,534.3,31.8,25.5,37.7,1111.0,7.7,2,1.0,0.0,0.0,1.0,0.0,0.0
3.19,70.5,365.5,0.5,16.9,72.0,127.2,57.8,3,0.0,0.0,1.0,1.0,0.0,0.0
1.51,217.7,684.8,22.8,23.2,33.1,787.2,12.5,2,0.0,0.0,1.0,1.0,0.0,0.0
7.53,126.8,340.4,9.7,9.1,33.4,613.8,9.2,2,1.0,0.0,0.0,0.0,1.0,0.0
17.18,211.1,270.0,10.1,6.6,31.3,505.0,2.6,2,0.0,1.0,0.0,0.0,0.0,1.0
6.2,320.0,378.2,7.7,9.3,19.2,912.7,8.5,2,0.0,1.0,0.0,0.0,1.0,0.0
8.18,320.6,312.7,9.4,11.4,16.5,454.3,9.7,2,1.0,0.0,0.0,0.0,1.0,0.0
18.87,207.5,438.6,26.7,25.8,48.3,778.5,7.9,2,0.0,0.0,1.0,0.0,0.0,1.0
3.19,349.6,266.2,1.3,3.7,0.0,20.8,0.0,2,0.0,1.0,0.0,0.0,1.0,0.0
2.69,99.4,411.8,0.0,16.7,62.1,587.2,6.9,1,0.0,1.0,0.0,0.0,1.0,0.0
4.42,205.3,356.2,4.7,12.9,37.1,257.2,0.0,1,0.0,1.0,0.0,0.0,1.0,0.0
8.88,404.8,689.1,37.9,13.5,59.8,740.7,10.1,3,1.0,0.0,0.0,0.0,1.0,0.0
1.93,159.0,394.6,14.2,11.7,34.7,545.6,3.3,2,1.0,0.0,0.0,1.0,0.0,0.0
4.93,76.4,398.2,6.4,26.1,59.2,187.2,47.9,2,0.0,1.0,0.0,0.0,1.0,0.0
9.3,120.5,351.1,17.9,6.6,35.6,643.6,6.9,2,1.0,0.0,0.0,0.0,0.0,1.0
6.14,135.7,356.1,3.4,15.2,58.4,296.4,42.3,3,0.0,0.0,1.0,0.0,1.0,0.0
3.81,391.0,684.9,16.4,10.2,58.5,954.5,3.0,2,0.0,1.0,0.0,1.0,0.0,0.0
3.07,151.0,158.4,1.2,3.8,42.6,67.6,18.4,1,0.0,1.0,0.0,0.0,1.0,0.0
1.96,226.6,443.4,17.4,23.2,36.4,982.0,9.3,1,0.0,1.0,0.0,1.0,0.0,0.0
1.5,357.3,183.2,3.1,0.0,41.0,28.6,38.95,3,0.0,1.0,0.0,1.0,0.0,0.0
2.21,109.1,357.0,5.2,27.6,86.8,228.1,46.5,2,1.0,0.0,0.0,1.0,0.0,0.0
2.75,137.6,448.5,4.3,5.8,85.0,324.7,59.5,3,0.0,1.0,0.0,0.0,1.0,0.0
5.15,253.6,329.7,20.1,20.7,51.0,559.1,10.6,2,0.0,1.0,0.0,0.0,1.0,0.0
3.63,153.1,615.6,35.9,23.2,40.1,866.5,6.7,3,1.0,0.0,0.0,0.0,1.0,0.0
5.01,63.1,93.8,7.3,17.8,38.5,379.2,5.4,3,0.0,0.0,1.0,0.0,1.0,0.0
2.15,317.1,186.3,0.9,4.9,63.9,42.7,60.705,3,0.0,1.0,0.0,1.0,0.0,0.0
2.53,207.2,510.7,21.2,30.6,31.0,980.6,11.0,2,1.0,0.0,0.0,1.0,0.0,0.0
1.61,280.3,260.8,16.0,17.0,5.8,294.5,5.51,2,1.0,0.0,0.0,1.0,0.0,0.0
3.58,579.6,123.0,0.0,0.0,79.1,14.9,37.3,3,0.0,1.0,0.0,0.0,1.0,0.0
2.88,120.5,338.0,3.0,13.8,26.0,549.7,2.2,3,0.0,0.0,1.0,0.0,1.0,0.0
2.38,131.2,554.3,8.3,18.4,86.5,206.7,49.8,2,0.0,0.0,1.0,1.0,0.0,0.0
2.25,163.4,283.3,10.8,12.3,39.1,1058.6,5.2,3,1.0,0.0,0.0,1.0,0.0,0.0
3.54,215.9,282.4,12.5,15.8,30.8,546.3,5.9,3,1.0,0.0,0.0,1.0,0.0,0.0
2.79,178.4,267.7,9.0,12.4,35.8,914.8,6.4,1,0.0,1.0,0.0,1.0,0.0,0.0
1.42,345.4,291.9,13.4,17.6,27.2,640.9,9.0,3,0.0,1.0,0.0,1.0,0.0,0.0
7.07,195.6,369.0,9.2,19.6,45.6,750.0,6.6,2,0.0,1.0,0.0,0.0,1.0,0.0
2.77,109.0,165.7,12.3,10.6,9.0,35.8,3.8,2,0.0,1.0,0.0,1.0,0.0,0.0
3.9,238.3,420.4,25.7,16.1,39.1,636.6,8.9,2,0.0,1.0,0.0,0.0,1.0,0.0
15.58,158.4,217.4,1.2,13.3,29.5,552.4,0.2,3,1.0,0.0,0.0,0.0,0.0,1.0
0.94,284.2,162.9,3.9,2.0,64.8,28.2,23.2,3,0.0,1.0,0.0,1.0,0.0,0.0
1.52,130.5,376.7,8.1,5.4,28.0,430.4,4.0,2,1.0,0.0,0.0,1.0,0.0,0.0
4.92,164.6,494.8,3.6,23.7,41.0,178.8,38.95,3,1.0,0.0,0.0,0.0,1.0,0.0
13.71,563.4,58.5,2.6,2.5,36.2,65.3,34.39,2,0.0,1.0,0.0,0.0,0.0,1.0
4.34,281.9,782.8,30.8,28.8,67.4,783.8,6.4,2,1.0,0.0,0.0,0.0,1.0,0.0
3.45,166.5,201.4,16.9,13.2,42.3,570.9,5.2,3,0.0,1.0,0.0,1.0,0.0,0.0
2.19,236.1,383.2,15.0,20.3,27.7,1071.9,9.8,2,0.0,1.0,0.0,1.0,0.0,0.0
1.55,92.0,110.1,1.6,18.9,28.3,362.2,4.6,2,0.0,0.0,1.0,1.0,0.0,0.0
1.92,325.9,259.8,26.8,7.9,52.7,736.6,7.2,1,0.0,1.0,0.0,1.0,0.0,0.0
1.47,407.5,501.9,19.7,7.4,73.9,1073.8,13.7,3,1.0,0.0,0.0,1.0,0.0,0.0
3.54,170.3,406.2,17.5,9.5,45.2,600.0,5.3,3,0.0,1.0,0.0,1.0,0.0,0.0
4.25,497.1,359.4,32.7,7.8,53.4,508.7,6.5,2,0.0,0.0,1.0,1.0,0.0,0.0
1.81,442.6,368.0,20.2,3.9,101.6,742.2,5.4,2,0.0,0.0,1.0,1.0,0.0,0.0
2.1,665.2,444.9,0.4,4.2,34.5,11.6,32.775,2,0.0,0.0,1.0,1.0,0.0,0.0
7.8,233.0,545.9,31.3,18.6,50.2,1016.3,10.7,2,1.0,0.0,0.0,0.0,1.0,0.0
13.7,387.0,285.9,3.7,3.6,17.6,202.5,11.1,2,0.0,1.0,0.0,0.0,0.0,1.0
7.15,268.7,529.8,24.0,24.0,68.3,580.5,13.9,3,0.0,0.0,1.0,0.0,1.0,0.0
2.21,285.5,250.7,0.0,13.5,23.0,573.8,11.6,2,0.0,1.0,0.0,1.0,0.0,0.0
2.29,232.6,618.6,41.6,13.8,27.8,971.8,11.8,3,1.0,0.0,0.0,1.0,0.0,0.0
4.12,361.9,431.4,19.6,15.2,59.1,1019.5,9.2,2,1.0,0.0,0.0,1.0,0.0,0.0
3.76,226.5,676.5,35.1,42.4,66.2,905.6,11.7,2,1.0,0.0,0.0,0.0,1.0,0.0
1.17,125.2,604.3,1.7,18.5,43.5,123.3,41.325,1,0.0,1.0,0.0,1.0,0.0,0.0
2.58,188.3,398.1,12.7,8.7,57.3,805.1,6.1,2,0.0,0.0,1.0,1.0,0.0,0.0
4.16,375.6,334.1,8.9,12.1,66.3,436.4,5.9,3,1.0,0.0,0.0,1.0,0.0,0.0
1.71,152.1,257.4,11.6,9.6,27.9,522.4,0.6,2,0.0,0.0,1.0,1.0,0.0,0.0
2.52,63.3,407.4,5.5,12.3,48.1,374.6,4.4,2,1.0,0.0,0.0,1.0,0.0,0.0
0.67,639.8,194.5,0.0,4.7,39.0,48.1,37.05,1,0.0,1.0,0.0,1.0,0.0,0.0
17.15,210.4,419.5,21.8,27.9,59.9,727.7,10.7,1,0.0,0.0,1.0,0.0,0.0,1.0
9.29,194.2,324.5,15.7,3.6,34.5,747.6,8.6,3,1.0,0.0,0.0,0.0,1.0,0.0
18.82,121.1,391.7,13.3,14.2,43.3,500.3,3.0,3,1.0,0.0,0.0,0.0,0.0,1.0
1.3,122.2,168.6,18.5,15.2,53.3,588.5,5.5,3,0.0,1.0,0.0,1.0,0.0,0.0
11.49,241.5,727.5,29.9,39.7,54.2,925.6,6.7,2,1.0,0.0,0.0,0.0,0.0,1.0
2.34,118.8,357.2,3.6,15.7,37.5,228.0,35.625,2,0.0,1.0,0.0,1.0,0.0,0.0
1.69,128.8,235.7,5.0,21.2,20.8,484.1,4.5,2,1.0,0.0,0.0,1.0,0.0,0.0
5.48,176.0,376.5,9.2,8.8,20.8,732.2,3.5,3,1.0,0.0,0.0,0.0,1.0,0.0
3.63,270.5,94.8,0.2,4.1,35.0,68.3,33.25,2,0.0,1.0,0.0,0.0,1.0,0.0
8.82,102.1,454.2,3.4,13.5,43.5,109.8,40.6,2,0.0,1.0,0.0,0.0,0.0,1.0
4.15,220.8,495.9,27.7,23.9,48.1,852.0,5.7,2,1.0,0.0,0.0,0.0,1.0,0.0
1.69,246.1,343.2,10.9,20.3,16.1,299.5,4.8,2,1.0,0.0,0.0,1.0,0.0,0.0
2.11,173.4,304.0,12.8,11.8,30.9,703.7,3.3,3,1.0,0.0,0.0,1.0,0.0,0.0
2.93,237.1,470.9,25.8,19.5,59.3,929.5,4.9,3,1.0,0.0,0.0,1.0,0.0,0.0
1.28,110.5,467.1,0.7,15.1,46.0,632.6,4.6,2,1.0,0.0,0.0,1.0,0.0,0.0
3.3,151.9,300.9,17.4,17.9,51.0,852.7,5.1,3,0.0,1.0,0.0,1.0,0.0,0.0
2.28,245.0,610.4,24.2,37.9,47.9,893.6,10.0,1,1.0,0.0,0.0,1.0,0.0,0.0
1.72,262.9,73.8,28.3,13.9,30.6,514.1,11.3,3,1.0,0.0,0.0,1.0,0.0,0.0
5.73,151.9,157.6,6.4,18.2,45.2,347.1,1.5,3,0.0,0.0,1.0,0.0,1.0,0.0
1.19,196.7,255.3,6.7,9.7,28.6,347.9,0.4,2,0.0,1.0,0.0,1.0,0.0,0.0
7.13,257.1,481.6,30.6,31.1,39.2,1186.0,10.0,3,0.0,1.0,0.0,0.0,1.0,0.0
4.48,199.3,117.3,5.6,12.6,20.5,335.4,14.5,3,0.0,0.0,1.0,0.0,1.0,0.0
2.87,370.9,208.3,6.5,1.1,37.2,583.0,11.6,2,0.0,1.0,0.0,1.0,0.0,0.0
8.45,101.9,235.2,11.4,8.1,32.1,552.3,6.1,2,0.0,1.0,0.0,0.0,0.0,1.0
3.24,226.3,571.8,22.6,30.6,37.4,528.6,9.7,2,0.0,1.0,0.0,1.0,0.0,0.0
6.52,200.5,587.5,7.6,10.4,46.7,157.4,44.365,2,1.0,0.0,0.0,0.0,1.0,0.0
4.05,357.6,5.0,0.4,2.4,35.6,51.3,33.82,3,0.0,0.0,1.0,0.0,1.0,0.0
1.77,129.7,329.4,3.3,24.1,65.0,262.0,56.1,2,0.0,1.0,0.0,1.0,0.0,0.0
8.6,102.1,296.3,15.2,15.0,30.5,835.4,2.5,2,1.0,0.0,0.0,0.0,1.0,0.0
5.24,184.8,256.9,0.1,4.5,66.8,145.3,27.9,2,0.0,1.0,0.0,0.0,1.0,0.0
4.41,258.9,615.7,32.2,24.0,51.4,1097.2,9.9,2,1.0,0.0,0.0,0.0,1.0,0.0
13.36,243.7,188.7,0.9,1.7,66.9,107.6,50.0,2,0.0,1.0,0.0,0.0,0.0,1.0
7.45,285.1,291.1,0.0,0.0,5.7,11.8,5.415,3,0.0,1.0,0.0,0.0,0.0,1.0
1.03,92.0,303.9,0.0,5.0,40.8,451.6,5.0,3,0.0,0.0,1.0,1.0,0.0,0.0
1.32,132.8,235.8,3.1,17.0,49.2,259.6,20.5,3,0.0,1.0,0.0,1.0,0.0,0.0
3.39,235.2,533.4,20.2,22.8,44.1,974.8,11.7,3,1.0,0.0,0.0,1.0,0.0,0.0
1.55,293.3,369.6,20.7,10.9,27.7,720.6,4.5,2,1.0,0.0,0.0,1.0,0.0,0.0
2.19,423.2,177.7,1.0,0.2,70.2,47.6,38.0,2,0.0,1.0,0.0,1.0,0.0,0.0
3.63,140.1,229.5,5.1,14.0,34.7,196.2,5.8,3,0.0,1.0,0.0,1.0,0.0,0.0
6.9,177.6,427.1,0.7,15.6,77.8,148.5,31.7,3,0.0,1.0,0.0,0.0,1.0,0.0
3.09,77.5,358.3,7.7,13.2,47.4,155.7,37.5,2,0.0,0.0,1.0,1.0,0.0,0.0
1.68,50.0,157.3,10.4,26.2,46.1,362.0,2.7,3,0.0,1.0,0.0,1.0,0.0,0.0
4.57,422.0,345.7,1.5,3.1,42.9,64.4,40.755,2,0.0,1.0,0.0,0.0,1.0,0.0
3.09,189.6,420.8,18.0,19.7,57.2,817.6,7.7,2,0.0,1.0,0.0,1.0,0.0,0.0
3.0,558.5,5.0,1.0,1.7,33.6,39.1,12.2,3,0.0,1.0,0.0,0.0,1.0,0.0
5.62,155.0,265.8,12.1,11.0,29.1,305.2,3.7,3,0.0,1.0,0.0,0.0,1.0,0.0
1.99,145.1,189.6,6.1,9.2,42.1,616.4,5.8,3,1.0,0.0,0.0,1.0,0.0,0.0
3.3,219.2,589.0,17.2,13.4,60.8,737.5,8.7,2,1.0,0.0,0.0,1.0,0.0,0.0
3.94,387.1,257.4,12.1,12.2,11.9,602.9,11.305,2,0.0,0.0,1.0,0.0,1.0,0.0
2.32,204.1,390.8,18.8,11.9,43.3,692.7,3.2,3,1.0,0.0,0.0,1.0,0.0,0.0
1.05,131.6,343.7,4.8,21.1,67.3,254.8,45.5,3,0.0,1.0,0.0,1.0,0.0,0.0
1.44,298.8,532.6,7.5,11.2,71.1,455.6,0.0,1,1.0,0.0,0.0,1.0,0.0,0.0
1.99,389.0,44.5,1.4,0.2,55.0,19.4,39.4,2,0.0,1.0,0.0,1.0,0.0,0.0
6.0,318.7,340.3,10.7,10.1,27.7,387.0,7.1,3,1.0,0.0,0.0,0.0,1.0,0.0
3.45,172.2,544.8,19.0,9.2,51.8,632.7,13.5,3,0.0,0.0,1.0,1.0,0.0,0.0
5.2,510.6,116.5,1.3,4.1,40.6,52.1,38.57,2,0.0,1.0,0.0,0.0,1.0,0.0
17.02,242.5,532.5,4.6,15.8,23.1,616.1,6.2,1,1.0,0.0,0.0,0.0,0.0,1.0
1.37,183.0,656.8,14.9,18.3,40.4,973.2,7.2,1,1.0,0.0,0.0,1.0,0.0,0.0
1.34,423.0,845.0,16.6,16.0,67.3,672.7,4.0,2,1.0,0.0,0.0,1.0,0.0,0.0
11.65,60.4,186.2,3.3,9.1,29.8,547.5,5.4,3,0.0,1.0,0.0,0.0,0.0,1.0
1.67,237.2,586.0,20.6,23.7,64.9,756.9,13.9,2,0.0,0.0,1.0,1.0,0.0,0.0
3.1,321.8,281.0,14.7,11.8,21.8,256.0,0.0,2,0.0,1.0,0.0,1.0,0.0,0.0
1.0,424.3,193.0,2.4,1.2,42.2,45.0,15.3,2,0.0,0.0,1.0,1.0,0.0,0.0
0.84,401.8,421.1,2.1,3.5,0.0,17.1,0.0,2,0.0,1.0,0.0,1.0,0.0,0.0
1.77,173.5,237.3,12.8,7.1,40.0,575.2,4.3,3,0.0,0.0,1.0,1.0,0.0,0.0
4.39,587.2,209.7,0.3,0.0,29.3,82.6,8.5,2,0.0,0.0,1.0,0.0,1.0,0.0
4.17,361.7,413.5,11.9,16.1,83.4,733.3,5.4,1,1.0,0.0,0.0,1.0,0.0,0.0
0.64,565.4,5.0,3.3,6.1,2.1,50.2,1.995,2,0.0,1.0,0.0,1.0,0.0,0.0
3.79,167.8,239.4,14.6,12.0,32.2,771.5,5.3,3,0.0,1.0,0.0,0.0,1.0,0.0
1.93,285.7,436.4,19.4,1.7,19.5,790.9,11.1,3,0.0,1.0,0.0,1.0,0.0,0.0
6.59,222.1,462.8,24.4,0.0,59.0,1006.6,3.2,1,0.0,1.0,0.0,0.0,1.0,0.0
1.76,218.7,241.7,7.4,16.4,33.6,889.4,2.2,3,1.0,0.0,0.0,1.0,0.0,0.0
9.62,418.7,5.0,3.1,4.2,34.1,34.9,32.395,2,0.0,1.0,0.0,0.0,0.0,1.0
4.08,127.1,304.2,11.2,10.7,28.1,506.4,5.7,2,0.0,1.0,0.0,0.0,1.0,0.0
1.44,235.9,340.5,14.1,23.0,24.0,447.5,6.3,1,0.0,1.0,0.0,1.0,0.0,0.0
2.57,454.4,337.9,0.8,1.6,31.2,60.4,25.5,1,0.0,0.0,1.0,0.0,1.0,0.0
1.48,182.7,419.1,16.9,11.1,61.3,712.7,12.1,3,0.0,1.0,0.0,1.0,0.0,0.0
1.66,247.6,331.3,2.9,0.0,34.7,20.1,22.3,3,0.0,1.0,0.0,1.0,0.0,0.0
1.17,169.6,524.4,6.0,10.5,44.2,124.5,41.99,3,0.0,1.0,0.0,1.0,0.0,0.0
1.49,237.2,290.1,12.4,15.4,21.0,631.5,8.2,2,0.0,1.0,0.0,1.0,0.0,0.0
3.51,267.0,265.2,4.0,15.3,29.4,304.8,4.9,2,0.0,1.0,0.0,1.0,0.0,0.0
17.36,181.0,286.7,14.6,6.1,26.2,371.9,2.7,2,0.0,1.0,0.0,0.0,0.0,1.0
3.41,272.4,184.8,14.6,13.0,31.0,0.0,4.3,2,1.0,0.0,0.0,1.0,0.0,0.0
3.92,301.2,249.6,22.7,14.8,22.3,269.9,10.6,2,1.0,0.0,0.0,0.0,1.0,0.0
1.23,289.6,442.4,19.8,17.8,65.7,782.9,3.3,2,1.0,0.0,0.0,1.0,0.0,0.0
4.94,171.8,197.1,1.4,18.1,44.5,354.9,0.0,2,0.0,1.0,0.0,0.0,1.0,0.0
1.14,99.9,495.4,9.1,3.9,44.6,341.0,3.5,1,0.0,1.0,0.0,1.0,0.0,0.0
4.37,333.4,5.0,4.1,3.1,34.7,28.8,32.965,3,0.0,1.0,0.0,0.0,1.0,0.0
4.76,382.2,44.3,2.9,0.0,55.5,103.8,52.725,3,0.0,1.0,0.0,0.0,1.0,0.0
2.58,50.0,187.6,0.0,9.1,47.5,406.5,3.5,1,0.0,1.0,0.0,1.0,0.0,0.0
5.12,136.9,419.5,9.8,6.6,26.8,779.9,4.0,3,1.0,0.0,0.0,0.0,1.0,0.0
3.13,138.5,211.9,11.1,8.7,40.1,478.9,6.6,1,1.0,0.0,0.0,1.0,0.0,0.0
1.26,476.5,268.5,3.5,1.9,48.1,80.9,41.6,1,0.0,0.0,1.0,1.0,0.0,0.0
4.51,151.4,311.9,17.3,12.9,41.1,766.8,4.4,2,1.0,0.0,0.0,0.0,1.0,0.0
3.09,132.2,264.1,8.5,17.2,50.5,660.1,3.9,3,0.0,1.0,0.0,1.0,0.0,0.0
3.04,224.1,625.9,29.5,14.1,53.1,1155.8,12.0,2,1.0,0.0,0.0,1.0,0.0,0.0
7.03,151.8,581.2,6.1,14.5,39.8,644.9,7.8,2,0.0,1.0,0.0,0.0,1.0,0.0
2.01,268.6,188.9,2.1,3.7,63.0,76.2,25.5,2,0.0,0.0,1.0,1.0,0.0,0.0
2.96,193.4,351.5,17.3,8.7,47.4,687.6,5.5,2,1.0,0.0,0.0,1.0,0.0,0.0
2.38,546.6,179.4,3.1,3.2,83.4,46.7,51.3,2,0.0,0.0,1.0,1.0,0.0,0.0
2.64,256.8,633.3,27.6,26.1,33.6,917.6,5.3,2,1.0,0.0,0.0,1.0,0.0,0.0
3.45,212.6,462.3,34.3,16.5,49.2,914.1,6.5,3,0.0,1.0,0.0,1.0,0.0,0.0
2.39,342.4,373.3,2.7,1.4,0.0,44.4,0.0,3,0.0,1.0,0.0,1.0,0.0,0.0
2.28,447.3,76.3,3.5,1.6,38.7,18.4,36.765,2,0.0,1.0,0.0,0.0,1.0,0.0
2.05,248.8,494.8,26.8,21.7,58.9,762.4,7.0,3,0.0,1.0,0.0,1.0,0.0,0.0
3.55,113.5,193.4,1.9,13.4,20.5,521.2,7.8,3,1.0,0.0,0.0,1.0,0.0,0.0
2.9,274.0,498.6,27.6,22.5,46.2,846.8,9.2,1,1.0,0.0,0.0,1.0,0.0,0.0
1.81,236.4,542.7,18.1,17.5,26.7,760.8,2.7,2,1.0,0.0,0.0,1.0,0.0,0.0
4.38,167.4,262.6,15.5,11.6,42.8,697.1,4.8,3,0.0,1.0,0.0,0.0,1.0,0.0
5.21,169.5,380.5,15.3,15.0,39.1,645.5,7.5,2,0.0,1.0,0.0,0.0,1.0,0.0
2.46,217.9,297.1,10.9,12.9,41.5,385.9,3.5,3,1.0,0.0,0.0,1.0,0.0,0.0
6.78,281.3,585.7,37.9,19.0,36.7,964.0,9.3,2,1.0,0.0,0.0,0.0,1.0,0.0
9.24,476.3,567.5,24.3,17.6,47.8,1029.3,4.2,3,1.0,0.0,0.0,0.0,1.0,0.0
0.98,265.6,213.4,2.0,11.5,31.0,644.5,6.9,2,0.0,1.0,0.0,1.0,0.0,0.0
1.7,104.5,462.7,6.2,16.2,35.6,376.4,33.82,3,0.0,1.0,0.0,1.0,0.0,0.0
2.39,121.4,317.0,6.1,20.2,29.3,319.0,0.6,2,0.0,1.0,0.0,1.0,0.0,0.0
2.57,156.3,559.2,2.7,11.0,66.2,217.6,21.0,1,0.0,1.0,0.0,1.0,0.0,0.0
4.14,183.3,448.5,11.0,13.8,37.7,380.8,3.6,2,1.0,0.0,0.0,1.0,0.0,0.0
3.86,440.5,296.8,0.5,2.2,40.9,95.9,38.855,3,0.0,1.0,0.0,0.0,1.0,0.0
5.03,586.0,354.5,2.2,3.7,53.6,116.6,40.3,3,0.0,1.0,0.0,0.0,1.0,0.0
3.44,102.1,187.1,5.1,9.8,52.6,476.5,5.6,2,0.0,1.0,0.0,0.0,1.0,0.0
5.6,122.9,669.7,24.2,29.9,50.2,760.0,13.3,2,0.0,1.0,0.0,0.0,1.0,0.0
6.46,121.8,321.2,5.4,16.3,18.1,535.6,1.3,2,1.0,0.0,0.0,0.0,1.0,0.0
3.68,255.7,119.9,11.6,11.9,17.1,437.0,12.3,2,0.0,1.0,0.0,0.0,1.0,0.0
18.28,122.4,694.3,4.0,11.7,54.5,209.9,51.775,2,0.0,1.0,0.0,0.0,0.0,1.0
8.06,235.8,472.7,22.8,21.6,32.7,625.1,10.1,2,0.0,1.0,0.0,0.0,1.0,0.0
3.4,296.7,528.6,22.5,34.5,32.0,710.3,9.2,3,0.0,0.0,1.0,1.0,0.0,0.0
3.48,129.0,254.8,10.3,8.6,30.9,571.0,4.2,3,0.0,1.0,0.0,1.0,0.0,0.0
1.08,221.1,437.4,26.8,20.2,51.0,903.0,7.9,3,1.0,0.0,0.0,1.0,0.0,0.0
1.87,262.8,162.3,0.0,3.7,61.0,27.7,35.7,1,0.0,1.0,0.0,1.0,0.0,0.0
1.17,469.2,5.0,0.9,4.3,50.5,0.0,38.9,2,0.0,1.0,0.0,1.0,0.0,0.0
2.11,139.4,365.3,13.1,13.5,37.9,653.8,2.7,2,1.0,0.0,0.0,1.0,0.0,0.0
3.07,318.5,589.1,19.4,28.2,52.0,414.8,7.9,1,0.0,0.0,1.0,1.0,0.0,0.0
9.89,142.6,475.2,5.5,15.5,62.4,172.0,0.0,3,0.0,1.0,0.0,0.0,0.0,1.0
2.96,247.0,338.5,8.5,10.6,20.0,538.7,7.5,2,0.0,1.0,0.0,1.0,0.0,0.0
3.65,468.9,552.4,35.6,10.8,54.7,362.3,3.9,3,0.0,0.0,1.0,1.0,0.0,0.0
1.61,170.6,552.1,15.7,21.1,49.1,689.6,7.5,2,1.0,0.0,0.0,1.0,0.0,0.0
7.54,274.8,296.8,16.3,8.3,29.9,413.5,11.9,2,0.0,1.0,0.0,0.0,1.0,0.0
5.74,138.4,226.3,16.1,18.7,33.3,779.7,6.0,3,1.0,0.0,0.0,0.0,1.0,0.0
2.6,252.2,261.4,12.9,13.4,20.0,570.7,5.1,2,0.0,0.0,1.0,1.0,0.0,0.0
2.68,479.3,816.2,16.8,20.1,64.6,1130.8,7.0,2,1.0,0.0,0.0,1.0,0.0,0.0
1.27,155.4,192.8,0.0,16.1,43.2,383.1,3.1,3,1.0,0.0,0.0,1.0,0.0,0.0
1.48,76.2,274.7,1.8,16.3,44.5,618.0,4.4,3,0.0,1.0,0.0,1.0,0.0,0.0
1.45,526.1,235.3,2.7,0.1,62.1,95.9,5.8,3,0.0,0.0,1.0,1.0,0.0,0.0
2.68,185.5,280.5,8.2,9.8,50.6,631.5,3.5,1,0.0,0.0,1.0,1.0,0.0,0.0
1.16,316.5,338.2,1.0,2.6,11.2,46.6,7.7,2,0.0,1.0,0.0,1.0,0.0,0.0
1.97,402.9,105.7,4.8,1.9,77.3,46.2,46.1,2,0.0,1.0,0.0,1.0,0.0,0.0
6.16,233.5,342.4,18.8,17.0,29.7,974.1,9.4,2,0.0,1.0,0.0,0.0,1.0,0.0
2.93,135.2,457.2,3.5,25.7,40.7,284.6,38.665,1,1.0,0.0,0.0,1.0,0.0,0.0
4.07,205.9,323.3,6.9,10.3,29.2,573.7,6.7,2,0.0,1.0,0.0,0.0,1.0,0.0
1.18,68.1,249.7,5.4,13.8,83.2,130.4,55.0,1,0.0,1.0,0.0,1.0,0.0,0.0
1.93,166.3,114.6,3.8,14.5,29.3,783.7,2.8,2,0.0,0.0,1.0,1.0,0.0,0.0
1.34,104.7,269.1,1.2,6.4,36.2,337.6,4.8,2,0.0,1.0,0.0,1.0,0.0,0.0
1.7,132.4,280.6,16.9,11.3,35.1,680.1,8.8,2,1.0,0.0,0.0,1.0,0.0,0.0
4.79,495.3,180.6,1.3,1.0,27.7,85.3,26.315,1,0.0,0.0,1.0,0.0,1.0,0.0
5.91,310.2,238.6,13.5,14.4,28.5,204.6,13.2,3,1.0,0.0,0.0,0.0,1.0,0.0
2.85,164.8,331.9,15.6,10.7,36.8,939.1,4.9,3,1.0,0.0,0.0,1.0,0.0,0.0
7.28,170.4,334.7,0.0,17.0,49.6,360.4,47.12,2,0.0,1.0,0.0,0.0,1.0,0.0
6.41,188.6,140.2,3.8,14.0,53.3,389.7,3.2,2,0.0,1.0,0.0,0.0,1.0,0.0
2.31,401.6,663.8,24.3,9.1,49.5,968.4,6.1,2,0.0,1.0,0.0,1.0,0.0,0.0
2.55,142.4,487.7,4.8,18.4,63.0,323.2,59.85,2,0.0,1.0,0.0,1.0,0.0,0.0
1.87,243.7,202.4,8.2,6.6,23.0,348.4,12.7,2,0.0,0.0,1.0,1.0,0.0,0.0
9.0,139.4,170.4,13.5,12.2,37.5,811.2,5.9,2,1.0,0.0,0.0,0.0,1.0,0.0
1.63,373.0,771.5,18.0,18.2,39.4,1124.1,0.0,3,1.0,0.0,0.0,1.0,0.0,0.0
0.94,443.9,275.7,3.7,0.0,13.3,45.6,12.635,2,0.0,1.0,0.0,1.0,0.0,0.0
0.64,192.0,204.2,3.5,1.4,55.1,30.6,9.8,2,0.0,1.0,0.0,1.0,0.0,0.0
3.41,128.2,674.1,21.7,37.4,38.9,944.4,11.6,2,1.0,0.0,0.0,1.0,0.0,0.0
6.98,224.8,446.0,34.0,13.9,42.1,896.0,14.0,3,1.0,0.0,0.0,0.0,1.0,0.0
8.47,213.9,583.7,38.4,18.3,41.4,737.4,12.2,3,1.0,0.0,0.0,0.0,1.0,0.0
2.38,489.7,190.4,0.0,0.1,49.7,53.7,47.215,2,0.0,1.0,0.0,1.0,0.0,0.0
2.49,140.6,303.9,27.9,10.7,6.3,645.5,5.984999999999999,2,1.0,0.0,0.0,1.0,0.0,0.0
3.54,239.0,505.9,15.7,42.5,56.3,1024.3,7.7,2,1.0,0.0,0.0,1.0,0.0,0.0
3.45,341.6,225.4,0.8,0.0,16.1,192.9,7.0,2,0.0,1.0,0.0,1.0,0.0,0.0
6.26,194.9,428.8,28.4,13.4,62.5,844.0,5.7,2,1.0,0.0,0.0,0.0,1.0,0.0
21.41,197.6,48.5,11.2,11.2,18.6,560.6,4.5,3,1.0,0.0,0.0,0.0,0.0,1.0
2.04,620.1,49.0,1.7,5.8,38.6,36.4,36.67,2,0.0,0.0,1.0,0.0,1.0,0.0
3.07,602.5,43.4,4.6,0.5,13.8,41.6,13.11,2,0.0,1.0,0.0,0.0,1.0,0.0
7.2,374.2,630.2,20.1,15.7,75.6,796.1,9.6,3,0.0,1.0,0.0,0.0,1.0,0.0
1.84,222.9,597.6,30.4,17.9,44.7,1049.4,11.1,3,0.0,1.0,0.0,1.0,0.0,0.0
2.23,167.7,290.0,10.0,9.7,27.7,474.3,2.3,1,1.0,0.0,0.0,1.0,0.0,0.0
3.87,288.6,380.5,15.3,26.5,55.1,867.0,8.0,3,0.0,0.0,1.0,1.0,0.0,0.0
17.07,105.3,528.2,6.8,6.6,82.5,107.3,48.6,3,0.0,1.0,0.0,0.0,0.0,1.0
3.08,284.3,354.9,7.9,17.8,20.3,212.1,0.0,2,0.0,1.0,0.0,1.0,0.0,0.0
3.96,152.1,389.6,15.7,11.1,26.6,855.7,4.9,3,1.0,0.0,0.0,0.0,1.0,0.0
1.65,211.9,254.0,11.1,5.3,33.4,761.5,4.0,2,1.0,0.0,0.0,1.0,0.0,0.0
3.31,196.8,550.5,27.3,15.6,47.5,1084.8,7.0,3,0.0,0.0,1.0,1.0,0.0,0.0
3.52,149.3,377.0,14.1,7.7,27.3,981.0,7.2,3,1.0,0.0,0.0,1.0,0.0,0.0
3.93,518.9,363.2,0.0,0.0,56.8,50.5,43.1,2,0.0,1.0,0.0,0.0,1.0,0.0
3.13,465.3,5.0,1.8,3.3,49.0,33.9,46.0,3,0.0,1.0,0.0,0.0,1.0,0.0
8.72,241.6,440.5,28.8,22.3,41.7,1114.3,11.3,3,1.0,0.0,0.0,0.0,1.0,0.0
1.44,114.7,277.0,2.9,10.8,27.6,205.8,5.8,3,0.0,1.0,0.0,1.0,0.0,0.0
2.33,303.7,167.4,7.0,10.8,14.8,389.8,9.8,3,0.0,1.0,0.0,1.0,0.0,0.0
2.85,491.2,125.4,0.8,2.9,31.5,45.0,29.925,1,0.0,1.0,0.0,0.0,1.0,0.0
6.74,178.4,774.5,34.1,28.2,42.1,798.1,1.2,2,1.0,0.0,0.0,0.0,1.0,0.0
8.64,150.2,574.3,23.1,17.2,44.8,976.6,0.2,1,1.0,0.0,0.0,0.0,1.0,0.0
1.38,50.0,229.0,6.3,0.8,39.6,177.6,1.3,2,0.0,0.0,1.0,1.0,0.0,0.0
3.9,163.6,363.2,3.4,6.7,100.0,349.3,47.2,3,0.0,0.0,1.0,0.0,1.0,0.0
1.4,230.3,58.4,2.6,12.3,41.2,208.3,3.3,3,1.0,0.0,0.0,1.0,0.0,0.0
1.02,50.0,218.6,10.6,12.6,43.4,498.3,4.0,2,0.0,0.0,1.0,1.0,0.0,0.0
7.68,144.6,365.4,6.8,18.5,28.6,337.0,3.9,2,0.0,1.0,0.0,0.0,1.0,0.0
2.64,153.3,395.5,13.0,23.0,58.2,0.0,3.4,3,0.0,1.0,0.0,1.0,0.0,0.0
2.16,88.4,530.8,0.4,21.0,49.7,149.4,36.9,3,0.0,1.0,0.0,1.0,0.0,0.0
2.6,98.8,574.1,4.7,11.1,68.1,174.1,31.4,2,0.0,1.0,0.0,1.0,0.0,0.0
1.13,68.7,216.0,8.0,23.0,43.7,290.3,6.4,3,0.0,1.0,0.0,1.0,0.0,0.0
0.69,703.4,233.8,4.8,0.0,54.5,37.3,51.775,2,0.0,1.0,0.0,1.0,0.0,0.0
7.86,138.3,393.3,10.6,11.6,23.1,828.8,2.4,3,1.0,0.0,0.0,0.0,1.0,0.0
7.04,352.1,645.6,22.0,14.2,77.3,762.4,6.8,3,0.0,1.0,0.0,0.0,1.0,0.0
1.92,229.3,522.8,19.6,26.7,48.8,978.0,11.9,3,1.0,0.0,0.0,1.0,0.0,0.0
2.88,486.6,519.4,14.4,8.8,64.0,630.9,10.1,2,0.0,1.0,0.0,1.0,0.0,0.0
0.63,538.4,137.2,0.0,2.2,0.0,85.6,0.0,2,0.0,0.0,1.0,1.0,0.0,0.0
2.48,160.4,320.8,8.6,17.7,26.3,261.2,1.4,2,0.0,1.0,0.0,1.0,0.0,0.0
3.81,97.8,383.8,17.1,0.7,31.3,680.9,10.6,1,0.0,1.0,0.0,0.0,1.0,0.0
1.21,520.7,65.0,0.9,0.0,32.7,62.0,31.065,2,0.0,0.0,1.0,1.0,0.0,0.0
6.5,262.4,428.9,11.3,11.1,47.6,786.7,6.8,3,0.0,0.0,1.0,0.0,1.0,0.0
6.79,383.5,365.3,24.3,9.2,9.0,538.4,3.0,2,0.0,1.0,0.0,0.0,1.0,0.0
3.81,252.9,569.4,27.4,12.4,103.1,711.4,4.3,3,1.0,0.0,0.0,0.0,1.0,0.0
5.85,70.0,402.5,8.8,25.6,42.9,470.1,0.9,2,0.0,1.0,0.0,0.0,0.0,1.0
1.05,102.8,315.5,10.1,6.9,53.2,311.6,50.54,2,1.0,0.0,0.0,1.0,0.0,0.0
4.55,212.0,444.4,11.5,5.7,44.8,759.0,5.4,3,1.0,0.0,0.0,0.0,1.0,0.0
6.34,80.0,374.7,7.2,5.5,34.6,508.6,1.5,2,0.0,1.0,0.0,0.0,1.0,0.0
9.53,147.4,281.0,7.5,11.2,37.1,719.9,5.2,3,0.0,1.0,0.0,0.0,1.0,0.0
1.79,179.3,642.8,25.7,21.6,57.7,1011.7,8.3,1,1.0,0.0,0.0,1.0,0.0,0.0
8.53,114.6,199.0,9.2,11.1,40.4,603.1,5.9,2,0.0,1.0,0.0,0.0,1.0,0.0
2.72,152.1,186.2,5.1,8.8,38.9,816.0,5.7,2,0.0,0.0,1.0,1.0,0.0,0.0
1.71,509.6,55.9,1.2,2.4,56.7,16.3,53.865,2,0.0,1.0,0.0,1.0,0.0,0.0
1.67,398.8,57.7,0.8,2.1,4.8,64.8,4.56,3,0.0,1.0,0.0,1.0,0.0,0.0
3.98,226.9,172.1,10.9,13.6,44.2,764.2,5.9,3,1.0,0.0,0.0,1.0,0.0,0.0
4.43,81.8,516.3,10.0,24.2,44.7,669.2,10.1,2,1.0,0.0,0.0,0.0,1.0,0.0
1.17,492.5,67.6,1.2,7.8,47.6,57.9,26.8,1,0.0,1.0,0.0,1.0,0.0,0.0
3.41,171.9,303.6,17.9,3.7,42.7,700.5,4.5,1,0.0,1.0,0.0,1.0,0.0,0.0
1.51,171.2,534.0,26.3,23.7,53.3,537.7,5.0,3,1.0,0.0,0.0,1.0,0.0,0.0
1.09,220.5,410.4,17.2,31.3,27.6,646.9,8.2,2,1.0,0.0,0.0,1.0,0.0,0.0
2.46,277.1,377.5,15.3,11.5,33.3,746.3,9.5,3,0.0,1.0,0.0,1.0,0.0,0.0
1.72,266.2,482.2,18.1,20.0,49.7,733.8,7.2,3,1.0,0.0,0.0,1.0,0.0,0.0
8.36,361.0,192.3,3.7,2.5,73.5,35.4,68.2,3,0.0,1.0,0.0,0.0,0.0,1.0
1.49,270.1,434.9,24.0,37.2,55.6,706.5,12.5,2,1.0,0.0,0.0,1.0,0.0,0.0
9.47,215.3,386.9,8.0,28.6,61.6,198.4,33.0,3,1.0,0.0,0.0,0.0,0.0,1.0
3.56,244.5,645.2,26.6,28.7,41.4,952.9,4.9,2,1.0,0.0,0.0,1.0,0.0,0.0
3.59,182.6,469.3,13.2,7.6,68.1,716.3,8.6,3,0.0,0.0,1.0,1.0,0.0,0.0
4.14,177.8,299.9,12.3,16.7,44.0,797.5,5.1,2,1.0,0.0,0.0,1.0,0.0,0.0
16.37,185.9,481.5,17.3,23.4,63.3,939.2,3.0,1,1.0,0.0,0.0,0.0,0.0,1.0
7.47,309.7,421.5,10.8,26.7,0.0,728.9,0.0,2,1.0,0.0,0.0,0.0,1.0,0.0
2.14,196.5,381.9,33.2,7.9,47.8,378.5,8.3,3,0.0,1.0,0.0,1.0,0.0,0.0
0.89,157.7,281.0,7.3,21.2,72.7,215.0,1.7,1,0.0,1.0,0.0,1.0,0.0,0.0
6.35,156.7,223.0,12.5,11.1,22.5,545.7,5.3,2,0.0,1.0,0.0,0.0,1.0,0.0
2.15,149.2,524.7,21.3,10.5,41.1,823.8,7.3,3,0.0,1.0,0.0,1.0,0.0,0.0
8.33,125.1,316.7,8.6,10.0,39.0,752.7,5.9,2,0.0,0.0,1.0,0.0,1.0,0.0
1.88,227.4,592.1,24.3,30.5,45.7,753.8,13.8,3,1.0,0.0,0.0,1.0,0.0,0.0
7.07,203.1,434.7,20.4,39.5,41.4,1030.2,6.3,2,1.0,0.0,0.0,0.0,1.0,0.0
7.61,143.4,231.9,12.5,12.5,39.2,478.6,4.1,1,1.0,0.0,0.0,0.0,1.0,0.0
4.12,305.8,88.2,1.8,2.0,82.0,50.9,14.5,2,0.0,0.0,1.0,0.0,1.0,0.0
0.95,186.3,426.6,5.5,8.6,55.3,234.1,52.535,2,0.0,0.0,1.0,1.0,0.0,0.0
3.86,128.2,419.7,13.7,7.5,42.9,751.3,9.4,2,1.0,0.0,0.0,0.0,1.0,0.0
1.81,208.9,538.8,28.5,19.1,34.3,694.1,6.8,1,0.0,1.0,0.0,1.0,0.0,0.0
8.84,246.2,557.7,21.9,14.2,58.9,1273.3,8.5,3,0.0,0.0,1.0,0.0,1.0,0.0
8.41,468.2,150.4,0.6,0.0,66.7,38.2,39.4,2,0.0,1.0,0.0,0.0,0.0,1.0
2.18,449.3,191.8,0.0,3.9,25.5,35.3,24.225,2,0.0,1.0,0.0,1.0,0.0,0.0
3.33,268.7,503.8,25.6,23.4,26.4,399.7,12.9,2,0.0,1.0,0.0,1.0,0.0,0.0
2.26,200.0,563.9,12.5,4.4,48.0,908.6,9.4,2,0.0,1.0,0.0,1.0,0.0,0.0
4.6,160.5,262.6,11.0,15.6,19.6,250.4,6.8,3,1.0,0.0,0.0,0.0,1.0,0.0
2.53,356.5,75.4,3.4,4.1,55.7,23.1,26.8,3,0.0,1.0,0.0,0.0,1.0,0.0
2.74,187.3,204.0,2.9,13.7,36.1,286.0,4.2,3,1.0,0.0,0.0,1.0,0.0,0.0
17.57,402.6,230.6,6.8,16.2,20.6,391.8,3.1,2,0.0,1.0,0.0,0.0,0.0,1.0
4.49,173.3,493.0,24.5,16.9,46.0,994.4,6.8,3,0.0,1.0,0.0,0.0,1.0,0.0
2.64,118.2,206.6,7.2,18.5,28.2,485.1,2.1,2,0.0,0.0,1.0,1.0,0.0,0.0
3.36,269.7,526.7,33.5,40.2,43.2,1058.5,6.4,2,1.0,0.0,0.0,1.0,0.0,0.0
1.97,505.4,436.2,0.4,0.0,72.4,18.2,25.8,3,0.0,1.0,0.0,1.0,0.0,0.0
4.39,315.8,442.7,10.4,16.0,59.6,738.2,6.2,2,0.0,1.0,0.0,1.0,0.0,0.0
2.45,120.3,317.4,3.7,17.7,86.0,243.7,45.3,2,0.0,1.0,0.0,1.0,0.0,0.0
5.44,186.0,263.7,8.5,12.3,36.5,426.4,5.0,1,1.0,0.0,0.0,0.0,1.0,0.0
2.24,191.5,439.4,13.1,13.8,54.7,535.8,9.7,2,0.0,0.0,1.0,1.0,0.0,0.0
3.35,421.4,325.2,12.4,11.5,127.2,843.0,6.9,2,0.0,0.0,1.0,1.0,0.0,0.0
1.29,188.8,360.3,22.3,61.1,29.5,843.9,9.9,3,1.0,0.0,0.0,1.0,0.0,0.0
8.74,218.9,531.9,23.7,47.5,62.3,1066.2,10.0,3,1.0,0.0,0.0,0.0,1.0,0.0
22.29,133.1,286.3,5.9,3.7,33.1,492.8,6.3,3,1.0,0.0,0.0,0.0,0.0,1.0
2.0,130.8,493.1,3.5,10.9,49.6,270.6,3.8,2,1.0,0.0,0.0,1.0,0.0,0.0
2.41,522.2,302.3,3.5,5.2,66.0,61.6,49.2,2,0.0,1.0,0.0,0.0,1.0,0.0
5.02,322.6,184.5,8.4,9.8,8.9,518.1,8.455,3,0.0,1.0,0.0,0.0,1.0,0.0
0.82,191.4,412.8,10.3,17.7,42.4,317.3,0.6,2,0.0,1.0,0.0,1.0,0.0,0.0
1.05,361.8,92.0,0.2,0.0,35.7,74.5,17.6,3,0.0,1.0,0.0,1.0,0.0,0.0
2.46,235.5,49.8,17.9,14.5,30.8,924.9,2.5,3,0.0,1.0,0.0,1.0,0.0,0.0
8.18,245.0,567.5,12.9,16.0,24.1,170.9,10.0,2,0.0,0.0,1.0,0.0,1.0,0.0
3.07,238.3,744.7,18.9,33.8,68.5,466.4,8.1,2,0.0,1.0,0.0,1.0,0.0,0.0
0.73,325.5,229.8,3.5,5.0,4.5,49.5,4.275,3,0.0,1.0,0.0,1.0,0.0,0.0
2.07,432.6,5.0,0.2,0.0,60.2,87.6,53.1,3,0.0,1.0,0.0,1.0,0.0,0.0
0.85,137.4,434.2,9.1,6.9,61.6,267.0,35.9,2,0.0,0.0,1.0,1.0,0.0,0.0
1.09,113.7,538.8,0.0,15.6,26.0,131.7,24.7,3,1.0,0.0,0.0,1.0,0.0,0.0
4.95,186.7,592.9,23.9,27.9,49.6,642.2,5.3,3,1.0,0.0,0.0,0.0,1.0,0.0
2.12,199.1,209.4,12.5,14.8,38.7,669.6,3.5,2,1.0,0.0,0.0,1.0,0.0,0.0
2.91,166.9,195.8,3.4,13.0,33.9,535.2,9.4,3,0.0,1.0,0.0,1.0,0.0,0.0
1.9,367.9,149.7,2.6,0.9,54.4,49.4,19.2,1,0.0,1.0,0.0,1.0,0.0,0.0
2.2,513.5,288.4,3.9,0.3,42.3,40.1,25.9,2,0.0,1.0,0.0,0.0,1.0,0.0
1.17,320.0,296.1,16.1,10.4,26.9,371.9,0.5,2,0.0,1.0,0.0,1.0,0.0,0.0
1.22,521.3,51.3,1.6,0.0,29.8,42.2,28.31,3,0.0,1.0,0.0,1.0,0.0,0.0
3.05,331.4,308.4,19.0,16.8,81.8,390.0,6.8,3,0.0,1.0,0.0,1.0,0.0,0.0
1.84,105.0,330.9,4.2,16.7,48.6,219.3,26.7,3,0.0,1.0,0.0,1.0,0.0,0.0
1.39,121.3,398.8,3.1,16.6,29.5,476.4,3.7,2,0.0,1.0,0.0,1.0,0.0,0.0
1.82,334.1,5.0,0.9,0.0,73.3,29.3,55.5,2,0.0,1.0,0.0,1.0,0.0,0.0
1.39,608.7,250.5,0.0,2.6,84.2,5.9,37.9,2,0.0,1.0,0.0,1.0,0.0,0.0
2.98,371.9,260.0,17.3,15.7,71.1,838.1,5.5,2,1.0,0.0,0.0,1.0,0.0,0.0
2.1,185.3,356.6,2.2,5.1,48.0,238.6,0.8,3,0.0,1.0,0.0,1.0,0.0,0.0
3.68,598.9,165.5,3.3,2.4,68.2,49.3,31.1,3,0.0,1.0,0.0,0.0,1.0,0.0
1.6,377.7,168.1,0.0,2.6,30.7,31.7,22.7,2,0.0,1.0,0.0,1.0,0.0,0.0
7.23,327.0,618.7,12.7,19.3,58.8,952.4,7.0,3,0.0,1.0,0.0,0.0,1.0,0.0
1.76,278.2,526.7,35.7,6.2,62.8,806.3,7.1,3,1.0,0.0,0.0,1.0,0.0,0.0
4.88,200.7,354.3,11.2,3.9,36.6,903.5,5.7,3,0.0,1.0,0.0,0.0,1.0,0.0
7.65,271.8,435.6,11.3,29.2,34.6,1112.3,10.2,2,1.0,0.0,0.0,0.0,1.0,0.0
1.71,255.2,384.3,32.4,37.1,25.0,1009.9,10.1,2,1.0,0.0,0.0,1.0,0.0,0.0
1.56,163.5,213.1,11.2,10.5,40.4,886.9,6.0,2,0.0,1.0,0.0,1.0,0.0,0.0
9.62,147.7,264.2,19.2,11.8,33.4,703.8,6.8,2,1.0,0.0,0.0,0.0,1.0,0.0
4.0,237.3,139.8,8.1,12.3,27.4,493.1,4.0,3,1.0,0.0,0.0,0.0,1.0,0.0
2.38,111.2,559.8,2.2,29.0,54.8,169.1,35.4,2,1.0,0.0,0.0,1.0,0.0,0.0
4.01,98.1,556.3,6.6,14.9,41.8,304.9,39.71,2,0.0,1.0,0.0,0.0,1.0,0.0
2.3,63.7,318.9,9.1,23.0,74.3,208.6,58.6,3,0.0,0.0,1.0,1.0,0.0,0.0
6.27,258.7,284.0,9.3,5.1,27.7,624.8,4.1,2,0.0,1.0,0.0,0.0,0.0,1.0
6.64,250.6,653.8,16.7,22.8,56.6,648.3,10.7,2,0.0,1.0,0.0,0.0,1.0,0.0
1.26,118.1,230.7,7.5,18.3,50.3,461.2,0.5,2,0.0,1.0,0.0,1.0,0.0,0.0
3.82,243.2,419.2,29.8,36.1,70.1,902.6,8.2,2,0.0,1.0,0.0,1.0,0.0,0.0
1.06,366.9,425.5,2.9,0.0,62.7,22.0,15.6,2,0.0,0.0,1.0,1.0,0.0,0.0
2.77,82.3,291.2,4.9,4.7,52.0,313.6,4.9,3,0.0,1.0,0.0,0.0,1.0,0.0
20.76,254.6,440.2,15.3,14.2,29.0,550.6,7.2,2,0.0,1.0,0.0,0.0,0.0,1.0
14.72,288.3,294.0,16.8,15.2,13.1,365.0,12.4,2,0.0,1.0,0.0,0.0,0.0,1.0
19.23,291.8,728.1,26.8,8.1,97.0,767.8,2.0,1,1.0,0.0,0.0,0.0,0.0,1.0
3.88,253.6,482.2,17.4,38.5,60.5,800.2,8.8,2,1.0,0.0,0.0,1.0,0.0,0.0
1.2,325.1,300.0,0.0,4.4,53.3,51.0,50.635,1,0.0,1.0,0.0,1.0,0.0,0.0
1.79,430.8,362.8,10.0,14.6,58.6,881.9,8.1,2,1.0,0.0,0.0,1.0,0.0,0.0
2.57,177.3,278.4,2.4,9.9,56.5,681.0,6.5,1,0.0,1.0,0.0,1.0,0.0,0.0
3.52,181.5,278.7,16.4,6.8,21.0,695.4,9.1,3,1.0,0.0,0.0,1.0,0.0,0.0
3.26,305.0,348.8,13.9,19.7,25.2,989.9,7.3,2,1.0,0.0,0.0,1.0,0.0,0.0
2.01,81.6,384.9,8.7,13.8,44.7,325.8,1.5,2,0.0,1.0,0.0,1.0,0.0,0.0
6.08,175.0,400.0,3.7,13.0,37.0,789.0,8.1,2,0.0,0.0,1.0,0.0,1.0,0.0
5.41,418.9,5.0,0.0,0.0,14.6,63.4,13.87,2,0.0,1.0,0.0,0.0,1.0,0.0
3.7,392.3,527.4,17.6,15.2,8.8,891.9,8.36,3,1.0,0.0,0.0,0.0,1.0,0.0
2.03,341.9,139.3,0.6,3.5,48.9,90.6,46.455,3,0.0,1.0,0.0,1.0,0.0,0.0
1.8,536.9,94.9,5.0,0.0,39.3,26.2,37.335,3,0.0,1.0,0.0,1.0,0.0,0.0
1.63,334.5,175.3,0.0,0.0,45.8,62.0,43.51,2,0.0,1.0,0.0,1.0,0.0,0.0
2.01,366.6,315.4,9.0,18.1,34.5,400.6,4.0,2,0.0,0.0,1.0,1.0,0.0,0.0
2.11,182.0,259.4,12.3,12.2,32.7,590.7,6.5,3,0.0,1.0,0.0,1.0,0.0,0.0
1.8,162.6,175.8,8.5,11.7,34.2,833.8,5.0,2,0.0,1.0,0.0,1.0,0.0,0.0
6.29,165.0,458.3,4.7,25.1,73.5,240.6,61.9,3,0.0,1.0,0.0,0.0,0.0,1.0
2.94,125.0,378.7,10.3,9.5,47.2,785.2,0.9,2,1.0,0.0,0.0,1.0,0.0,0.0
3.65,338.3,420.8,27.0,10.3,75.9,811.8,0.8,3,0.0,1.0,0.0,1.0,0.0,0.0
7.38,382.9,780.0,24.6,23.3,53.5,1000.8,3.9,2,0.0,1.0,0.0,0.0,0.0,1.0
6.74,111.6,437.7,8.5,6.6,75.8,276.1,58.1,3,0.0,1.0,0.0,0.0,1.0,0.0
7.23,222.0,314.3,6.0,9.0,6.8,198.0,6.46,2,1.0,0.0,0.0,0.0,1.0,0.0
4.58,241.9,756.8,31.5,19.7,55.0,1010.8,12.5,3,1.0,0.0,0.0,0.0,1.0,0.0
3.49,219.3,56.8,6.1,9.5,19.2,459.8,15.3,2,0.0,1.0,0.0,1.0,0.0,0.0
3.91,238.2,177.4,0.0,5.5,51.0,67.6,23.2,3,0.0,1.0,0.0,0.0,1.0,0.0
1.13,424.3,185.2,0.6,3.6,63.9,45.5,33.0,2,0.0,1.0,0.0,1.0,0.0,0.0
8.94,230.8,535.6,20.1,21.4,43.0,1006.5,11.6,2,0.0,0.0,1.0,0.0,0.0,1.0
2.48,197.4,324.4,0.6,21.3,53.4,217.4,46.0,2,0.0,1.0,0.0,1.0,0.0,0.0
3.66,201.2,488.4,17.9,33.7,53.6,992.3,8.9,2,1.0,0.0,0.0,1.0,0.0,0.0
1.53,88.7,298.3,5.3,17.6,71.1,280.8,41.3,2,0.0,1.0,0.0,1.0,0.0,0.0
14.4,97.0,639.0,5.4,31.8,60.0,166.2,32.3,3,1.0,0.0,0.0,0.0,0.0,1.0
2.39,87.8,255.2,10.4,14.8,32.8,71.6,2.4,3,0.0,1.0,0.0,1.0,0.0,0.0
3.15,298.2,174.9,11.3,0.0,21.8,808.9,8.6,1,0.0,1.0,0.0,0.0,1.0,0.0
5.21,335.0,406.7,31.8,16.0,52.2,541.3,6.8,1,1.0,0.0,0.0,0.0,1.0,0.0
8.81,156.8,537.8,22.1,25.3,59.5,745.1,10.5,3,0.0,1.0,0.0,0.0,1.0,0.0
7.21,236.4,289.7,12.2,7.2,29.7,511.7,7.9,2,0.0,1.0,0.0,0.0,1.0,0.0
1.42,288.6,483.3,26.4,27.6,47.7,941.4,15.4,3,1.0,0.0,0.0,1.0,0.0,0.0
0.7,462.6,80.4,3.5,3.1,14.8,0.0,14.06,3,0.0,0.0,1.0,1.0,0.0,0.0
1.79,305.0,602.0,12.8,29.0,58.7,937.5,12.3,3,0.0,0.0,1.0,1.0,0.0,0.0
1.87,208.8,561.1,25.7,3.9,54.9,1022.9,5.9,3,1.0,0.0,0.0,1.0,0.0,0.0
4.32,385.1,521.4,17.8,19.6,62.6,950.7,5.5,3,0.0,1.0,0.0,0.0,1.0,0.0
1.31,461.0,208.8,3.3,0.0,60.0,51.0,5.3,2,0.0,1.0,0.0,1.0,0.0,0.0
3.57,199.6,170.5,4.4,9.2,31.2,291.2,7.9,2,0.0,1.0,0.0,1.0,0.0,0.0
8.61,337.9,581.6,26.6,9.8,90.0,1122.2,12.7,2,1.0,0.0,0.0,0.0,1.0,0.0
3.49,238.5,285.5,0.7,10.4,19.9,549.0,7.8,2,0.0,1.0,0.0,1.0,0.0,0.0
5.56,213.6,374.9,2.2,15.1,26.3,246.4,0.0,3,0.0,1.0,0.0,0.0,0.0,1.0
1.55,183.7,301.2,12.9,10.3,37.1,748.6,4.1,2,0.0,1.0,0.0,1.0,0.0,0.0
4.38,215.0,385.7,15.3,14.0,54.4,912.4,14.0,2,0.0,0.0,1.0,0.0,1.0,0.0
3.19,115.7,286.8,5.8,24.3,35.6,76.4,33.82,2,1.0,0.0,0.0,0.0,1.0,0.0
3.13,329.9,124.9,12.6,0.9,19.5,404.5,7.5,3,0.0,1.0,0.0,0.0,1.0,0.0
6.94,145.2,397.2,1.6,31.4,61.8,274.0,41.6,2,0.0,1.0,0.0,0.0,1.0,0.0
4.1,91.1,451.2,1.9,8.0,70.5,270.2,52.7,3,0.0,1.0,0.0,0.0,1.0,0.0
3.86,239.7,612.3,22.1,23.4,33.5,598.8,12.8,2,0.0,1.0,0.0,1.0,0.0,0.0
1.73,538.3,9.1,0.8,2.6,10.5,84.0,9.975,3,0.0,0.0,1.0,1.0,0.0,0.0
1.89,148.5,657.7,30.7,27.8,43.1,860.2,9.8,2,1.0,0.0,0.0,1.0,0.0,0.0
1.75,178.3,329.4,6.8,10.9,67.2,272.8,51.7,2,0.0,1.0,0.0,1.0,0.0,0.0
7.27,194.8,561.3,22.9,38.3,38.8,900.3,7.5,2,1.0,0.0,0.0,0.0,1.0,0.0
5.15,305.5,520.3,27.7,38.0,40.1,1060.7,3.5,2,1.0,0.0,0.0,0.0,1.0,0.0
3.01,225.7,406.2,2.7,9.1,52.8,866.3,5.9,2,0.0,0.0,1.0,1.0,0.0,0.0
1.64,181.1,464.8,19.8,23.0,31.4,1102.2,8.3,3,1.0,0.0,0.0,1.0,0.0,0.0
9.19,271.1,582.4,21.7,24.2,38.5,886.2,4.7,2,1.0,0.0,0.0,0.0,1.0,0.0
0.88,366.4,163.4,2.6,7.1,50.7,67.6,42.5,3,0.0,1.0,0.0,1.0,0.0,0.0
2.76,183.4,302.4,6.5,7.1,30.2,797.8,6.2,2,1.0,0.0,0.0,1.0,0.0,0.0
2.41,267.1,400.2,19.7,28.4,40.2,445.7,6.0,3,0.0,1.0,0.0,1.0,0.0,0.0
1.53,479.2,137.2,3.2,4.8,59.1,19.5,13.6,2,0.0,1.0,0.0,1.0,0.0,0.0
8.5,154.8,360.1,5.7,21.0,44.6,401.9,7.6,2,0.0,0.0,1.0,0.0,1.0,0.0
3.75,344.1,358.3,13.8,3.4,31.9,521.5,6.8,3,1.0,0.0,0.0,0.0,1.0,0.0
3.29,156.3,427.8,18.6,14.0,39.9,738.3,4.9,3,1.0,0.0,0.0,1.0,0.0,0.0
3.57,113.2,331.8,3.0,16.9,41.8,366.9,4.4,2,0.0,1.0,0.0,0.0,1.0,0.0
2.31,137.8,434.2,1.0,21.8,45.1,274.2,42.845,2,0.0,1.0,0.0,1.0,0.0,0.0
0.99,425.2,42.0,1.9,5.2,51.0,94.7,5.9,2,0.0,1.0,0.0,1.0,0.0,0.0
2.05,453.4,218.5,0.6,9.3,37.8,33.2,35.91,2,0.0,1.0,0.0,1.0,0.0,0.0
6.8,243.9,425.3,27.3,23.5,49.8,1101.0,7.3,2,1.0,0.0,0.0,0.0,1.0,0.0
3.28,169.5,340.5,13.5,18.1,47.4,1035.0,6.2,2,1.0,0.0,0.0,0.0,1.0,0.0
3.12,258.8,288.8,12.3,17.2,25.5,458.5,9.1,2,0.0,1.0,0.0,1.0,0.0,0.0
3.62,205.6,556.1,13.8,11.9,41.6,752.9,7.2,2,1.0,0.0,0.0,1.0,0.0,0.0
8.56,217.4,657.5,27.3,14.2,79.6,1048.9,5.1,2,1.0,0.0,0.0,0.0,1.0,0.0
1.14,469.9,396.6,1.3,0.3,30.1,54.9,9.4,2,0.0,1.0,0.0,1.0,0.0,0.0
6.25,237.8,706.1,31.1,25.8,25.9,585.2,3.5,2,1.0,0.0,0.0,0.0,1.0,0.0
3.04,155.2,336.2,20.0,11.8,30.2,1004.0,6.6,3,1.0,0.0,0.0,1.0,0.0,0.0
8.09,310.0,592.1,28.1,37.1,56.3,673.2,4.5,3,0.0,1.0,0.0,0.0,1.0,0.0
13.2,418.6,138.1,0.1,6.4,0.0,7.9,0.0,3,0.0,1.0,0.0,0.0,0.0,1.0
3.22,226.8,797.3,20.2,34.7,45.0,969.0,11.8,2,1.0,0.0,0.0,1.0,0.0,0.0
2.57,234.5,288.7,16.3,9.1,45.3,562.0,5.9,3,0.0,1.0,0.0,1.0,0.0,0.0
1.16,577.7,5.0,2.6,0.0,54.6,0.0,14.7,2,0.0,1.0,0.0,1.0,0.0,0.0
8.94,135.5,439.6,3.2,15.4,86.4,206.8,29.7,2,0.0,1.0,0.0,0.0,0.0,1.0
6.61,109.6,443.1,30.0,14.2,58.4,769.9,13.0,2,0.0,1.0,0.0,0.0,1.0,0.0
2.18,300.2,227.3,7.1,0.9,14.0,684.1,4.9,2,0.0,1.0,0.0,1.0,0.0,0.0
1.34,193.8,329.9,14.9,19.1,56.6,492.1,7.8,3,0.0,1.0,0.0,1.0,0.0,0.0
2.99,190.4,330.2,10.6,16.2,34.2,682.0,7.7,2,1.0,0.0,0.0,1.0,0.0,0.0
2.09,146.1,313.5,6.8,17.7,41.8,755.4,3.1,3,0.0,1.0,0.0,1.0,0.0,0.0
2.1,191.1,442.2,12.1,15.0,48.5,483.3,4.2,2,0.0,1.0,0.0,1.0,0.0,0.0
4.29,292.6,620.5,15.4,19.9,85.4,818.0,6.2,3,0.0,1.0,0.0,1.0,0.0,0.0
4.44,181.9,304.9,10.7,8.3,7.6,810.2,1.7,1,1.0,0.0,0.0,0.0,1.0,0.0
3.21,200.4,528.8,28.4,22.6,54.4,696.4,4.1,3,1.0,0.0,0.0,0.0,1.0,0.0
1.3,207.3,281.8,6.3,10.5,80.0,244.5,43.9,2,0.0,1.0,0.0,1.0,0.0,0.0
2.27,63.6,134.5,9.9,24.5,32.6,254.6,3.7,3,0.0,1.0,0.0,1.0,0.0,0.0
23.64,243.3,506.5,26.5,40.5,46.0,1018.9,10.2,2,1.0,0.0,0.0,0.0,0.0,1.0
1.07,132.7,289.6,0.0,15.2,21.1,268.4,5.1,3,0.0,1.0,0.0,1.0,0.0,0.0
2.25,109.6,319.2,5.3,15.5,62.7,348.4,26.0,1,0.0,0.0,1.0,1.0,0.0,0.0
4.03,549.5,320.4,2.7,1.6,11.1,32.8,10.545,3,0.0,1.0,0.0,0.0,1.0,0.0
4.14,186.8,496.4,7.5,17.6,43.9,499.9,4.8,2,0.0,0.0,1.0,0.0,1.0,0.0
5.27,374.3,560.3,24.2,17.9,69.4,554.6,4.3,1,1.0,0.0,0.0,0.0,1.0,0.0
8.39,168.0,277.0,10.7,15.9,19.7,262.2,6.0,3,0.0,1.0,0.0,0.0,1.0,0.0
0.68,390.7,5.0,3.2,0.9,40.0,54.2,30.3,2,0.0,1.0,0.0,1.0,0.0,0.0
2.92,276.4,386.8,37.2,39.3,37.0,836.7,6.9,3,1.0,0.0,0.0,1.0,0.0,0.0
4.76,368.9,474.9,20.2,19.4,18.5,414.7,8.8,3,1.0,0.0,0.0,0.0,1.0,0.0
2.55,163.1,242.8,13.7,12.0,47.1,811.5,5.8,2,0.0,1.0,0.0,1.0,0.0,0.0
9.38,129.5,365.0,8.6,14.6,48.7,841.9,6.1,3,1.0,0.0,0.0,0.0,1.0,0.0
5.19,457.8,313.2,5.5,0.2,19.5,65.8,11.4,3,0.0,1.0,0.0,0.0,1.0,0.0
15.66,233.5,573.0,35.1,39.9,49.8,1271.9,8.8,2,1.0,0.0,0.0,0.0,0.0,1.0
2.71,180.1,275.9,4.7,15.2,66.1,191.3,4.1,2,0.0,1.0,0.0,1.0,0.0,0.0
12.09,399.1,608.9,14.0,6.9,54.9,1008.5,0.2,3,1.0,0.0,0.0,0.0,0.0,1.0
1.41,440.5,118.1,1.1,1.2,71.0,40.6,52.8,3,0.0,1.0,0.0,1.0,0.0,0.0
2.47,125.5,275.1,1.5,14.5,63.6,241.8,4.4,2,0.0,1.0,0.0,1.0,0.0,0.0
7.16,191.5,269.1,2.0,16.3,35.0,309.0,1.8,2,0.0,1.0,0.0,0.0,0.0,1.0
3.81,274.8,688.0,34.7,39.4,36.2,909.7,7.1,1,1.0,0.0,0.0,1.0,0.0,0.0
1.95,138.2,445.6,0.8,15.5,31.1,259.9,0.0,2,0.0,1.0,0.0,1.0,0.0,0.0
3.38,525.6,110.5,5.5,1.6,53.4,46.1,35.3,3,0.0,1.0,0.0,0.0,1.0,0.0
3.42,130.2,356.3,32.3,20.5,47.2,1169.0,9.5,2,1.0,0.0,0.0,1.0,0.0,0.0
6.96,364.5,647.7,26.1,10.3,68.3,945.1,6.9,2,1.0,0.0,0.0,0.0,1.0,0.0
2.8,217.8,300.9,17.3,4.3,0.0,260.8,0.0,3,0.0,1.0,0.0,1.0,0.0,0.0
1.85,150.6,388.6,8.0,15.4,46.1,133.3,2.2,3,0.0,0.0,1.0,1.0,0.0,0.0
7.07,64.3,420.0,2.5,12.5,47.7,265.5,45.315,1,1.0,0.0,0.0,0.0,1.0,0.0
4.41,212.6,543.0,29.6,8.7,29.9,1160.5,4.5,2,1.0,0.0,0.0,0.0,1.0,0.0
9.59,155.5,257.1,8.4,8.9,41.6,637.7,7.2,2,0.0,1.0,0.0,0.0,1.0,0.0
1.65,154.8,329.3,15.7,11.5,32.2,589.6,5.4,2,0.0,1.0,0.0,1.0,0.0,0.0
1.16,246.4,41.9,17.6,1.4,23.0,734.9,14.5,2,0.0,1.0,0.0,1.0,0.0,0.0
2.7,268.1,86.8,21.7,18.1,34.5,254.7,14.2,3,0.0,1.0,0.0,1.0,0.0,0.0
12.35,209.1,331.0,9.5,13.9,38.9,308.5,0.3,2,0.0,0.0,1.0,0.0,0.0,1.0
4.17,391.1,627.2,30.4,21.3,53.7,731.5,11.2,2,1.0,0.0,0.0,1.0,0.0,0.0
3.2,242.1,438.5,31.2,32.7,44.1,771.3,14.5,2,1.0,0.0,0.0,1.0,0.0,0.0
1.27,425.9,139.5,1.7,2.1,57.6,31.1,35.7,2,0.0,1.0,0.0,1.0,0.0,0.0
2.52,207.8,490.8,20.8,13.1,46.4,1027.1,9.5,2,0.0,1.0,0.0,1.0,0.0,0.0
9.09,344.4,458.7,15.0,17.3,59.6,652.5,4.8,3,0.0,0.0,1.0,0.0,0.0,1.0
0.97,481.8,5.0,2.2,1.1,54.4,50.1,10.8,1,0.0,1.0,0.0,1.0,0.0,0.0
15.39,166.4,339.9,4.7,11.4,48.1,171.7,0.0,3,0.0,1.0,0.0,0.0,0.0,1.0
7.89,393.2,179.5,2.4,0.0,26.5,8.8,25.175,3,0.0,1.0,0.0,0.0,0.0,1.0
8.61,213.9,639.3,25.6,38.3,50.9,865.7,15.9,2,1.0,0.0,0.0,0.0,1.0,0.0
18.2,217.8,535.2,21.3,23.0,46.3,824.2,7.4,1,0.0,1.0,0.0,0.0,0.0,1.0
1.52,129.3,369.4,6.0,10.0,44.5,79.6,3.2,2,0.0,1.0,0.0,1.0,0.0,0.0
5.46,198.8,416.7,21.5,8.3,38.8,1061.2,4.6,2,0.0,1.0,0.0,0.0,1.0,0.0
1.15,451.6,406.7,0.5,1.9,10.8,43.3,10.26,3,0.0,0.0,1.0,1.0,0.0,0.0
3.29,311.5,459.1,34.1,11.0,87.7,659.8,7.4,3,1.0,0.0,0.0,1.0,0.0,0.0
20.36,217.6,493.3,22.8,27.1,47.8,675.5,5.3,3,1.0,0.0,0.0,0.0,0.0,1.0
1.65,569.1,211.6,2.8,0.0,29.4,72.8,23.9,3,0.0,0.0,1.0,1.0,0.0,0.0
1.61,528.3,202.3,0.4,0.0,32.1,47.3,30.495,2,0.0,0.0,1.0,1.0,0.0,0.0
2.13,180.2,224.3,14.3,8.3,40.0,569.2,5.6,2,0.0,1.0,0.0,1.0,0.0,0.0
2.36,461.5,71.1,1.1,1.1,73.4,90.5,69.73,2,0.0,0.0,1.0,1.0,0.0,0.0
3.92,393.2,170.0,5.5,0.0,72.6,63.8,2.2,2,0.0,1.0,0.0,0.0,1.0,0.0
2.16,155.1,238.8,16.3,12.7,29.7,579.2,2.9,2,1.0,0.0,0.0,1.0,0.0,0.0
3.82,182.9,291.4,11.3,11.0,24.3,726.0,2.5,2,1.0,0.0,0.0,1.0,0.0,0.0
1.45,162.8,281.6,0.0,4.2,59.7,348.7,49.3,2,0.0,1.0,0.0,1.0,0.0,0.0
1.96,211.2,418.3,21.5,2.9,41.6,1043.6,12.2,3,0.0,1.0,0.0,1.0,0.0,0.0
3.21,371.6,203.1,0.8,0.0,29.8,64.4,28.31,3,0.0,1.0,0.0,0.0,1.0,0.0
6.27,276.7,611.1,7.7,32.3,56.1,603.3,7.9,3,0.0,0.0,1.0,0.0,1.0,0.0
1.72,174.7,235.3,9.4,10.9,49.5,722.4,7.5,3,0.0,1.0,0.0,1.0,0.0,0.0
1.37,568.8,110.2,0.8,0.0,22.5,58.4,21.375,1,0.0,1.0,0.0,1.0,0.0,0.0
8.05,232.2,560.5,9.9,27.8,47.4,1299.5,9.1,3,1.0,0.0,0.0,0.0,1.0,0.0
16.98,385.3,536.7,8.2,19.5,89.9,990.4,9.2,2,0.0,1.0,0.0,0.0,0.0,1.0
2.81,386.1,73.7,2.0,4.6,38.8,93.4,36.85999999999999,2,0.0,1.0,0.0,0.0,1.0,0.0
5.2,395.8,285.3,0.2,0.0,12.1,30.9,8.8,2,0.0,1.0,0.0,0.0,1.0,0.0
4.25,231.9,409.7,27.6,15.4,30.6,511.5,6.0,3,1.0,0.0,0.0,0.0,1.0,0.0
1.79,419.6,105.9,4.6,5.3,61.8,69.5,40.1,3,0.0,1.0,0.0,1.0,0.0,0.0
1.63,145.7,185.7,5.4,15.9,58.9,375.1,5.6,2,1.0,0.0,0.0,1.0,0.0,0.0
1.99,84.8,233.0,9.3,11.3,47.7,667.6,6.1,3,0.0,0.0,1.0,1.0,0.0,0.0
2.06,228.0,516.0,10.7,21.5,28.9,734.5,14.2,2,0.0,0.0,1.0,1.0,0.0,0.0
3.9,148.6,356.9,8.6,26.1,49.7,242.8,47.215,1,0.0,0.0,1.0,0.0,1.0,0.0
2.3,125.2,281.6,18.0,8.2,41.0,537.9,3.2,2,1.0,0.0,0.0,1.0,0.0,0.0
13.59,205.6,756.2,24.1,17.8,59.7,1142.0,10.5,2,1.0,0.0,0.0,0.0,0.0,1.0
3.75,226.3,586.5,31.4,42.1,70.1,1253.3,11.0,2,1.0,0.0,0.0,1.0,0.0,0.0
2.17,249.8,315.6,34.2,21.1,34.7,779.3,1.4,1,1.0,0.0,0.0,1.0,0.0,0.0
7.63,225.6,898.9,33.5,15.1,34.6,698.1,8.1,2,1.0,0.0,0.0,0.0,1.0,0.0
14.13,419.3,96.9,2.6,5.2,43.9,73.8,41.705,3,0.0,1.0,0.0,0.0,0.0,1.0
3.35,503.6,220.1,0.0,4.6,59.5,51.6,41.2,2,0.0,1.0,0.0,0.0,1.0,0.0
1.37,135.4,506.9,2.1,21.3,30.3,146.7,5.1,2,0.0,1.0,0.0,1.0,0.0,0.0
5.47,103.3,450.3,5.2,8.9,90.9,89.0,44.8,3,0.0,1.0,0.0,0.0,1.0,0.0
5.96,295.9,448.3,14.3,2.4,4.3,757.8,4.085,2,0.0,0.0,1.0,0.0,0.0,1.0
2.17,417.1,71.2,2.1,3.3,52.9,88.1,50.255,2,0.0,1.0,0.0,1.0,0.0,0.0
5.27,330.8,411.5,9.8,3.0,27.3,244.5,6.1,3,0.0,1.0,0.0,0.0,1.0,0.0
11.55,110.1,341.0,9.8,16.7,58.3,408.9,46.8,3,0.0,1.0,0.0,0.0,0.0,1.0
2.25,272.9,490.6,18.4,27.7,47.8,986.1,7.9,2,0.0,1.0,0.0,1.0,0.0,0.0
9.78,212.6,656.6,16.4,44.2,59.2,779.6,5.6,2,1.0,0.0,0.0,0.0,0.0,1.0
4.63,185.3,268.5,3.5,1.9,27.5,384.5,2.5,3,0.0,0.0,1.0,0.0,1.0,0.0
3.15,172.4,132.6,10.0,16.1,39.7,826.9,5.2,1,1.0,0.0,0.0,1.0,0.0,0.0
6.02,217.6,621.7,40.6,26.7,45.0,950.0,8.5,3,1.0,0.0,0.0,0.0,1.0,0.0
16.45,309.0,934.3,29.9,39.5,67.6,823.2,16.0,2,1.0,0.0,0.0,0.0,0.0,1.0
10.38,397.6,279.3,2.3,2.6,88.0,53.4,20.1,3,0.0,1.0,0.0,0.0,0.0,1.0
13.44,165.8,583.6,18.8,25.5,63.1,1144.2,7.0,2,0.0,0.0,1.0,0.0,0.0,1.0
7.88,266.0,375.3,11.7,8.7,26.7,653.9,6.8,1,0.0,0.0,1.0,0.0,0.0,1.0
3.33,168.3,295.8,16.8,18.5,43.6,777.0,6.0,2,1.0,0.0,0.0,0.0,1.0,0.0
3.82,222.0,489.6,8.1,26.4,57.6,905.2,10.4,2,0.0,1.0,0.0,1.0,0.0,0.0
1.62,155.1,591.0,31.8,21.0,60.9,590.7,7.3,3,1.0,0.0,0.0,1.0,0.0,0.0
1.12,295.4,248.2,19.8,26.0,9.4,243.6,6.3,1,0.0,1.0,0.0,1.0,0.0,0.0
2.07,199.5,453.6,23.6,15.9,65.5,1460.1,8.0,2,1.0,0.0,0.0,1.0,0.0,0.0
3.21,287.0,361.1,19.3,17.2,25.9,414.9,12.5,2,1.0,0.0,0.0,1.0,0.0,0.0
9.64,390.2,483.1,20.4,8.0,69.3,786.8,8.2,3,1.0,0.0,0.0,0.0,1.0,0.0
2.7,281.0,312.6,0.0,8.4,35.7,120.6,17.9,2,0.0,0.0,1.0,1.0,0.0,0.0
1.98,494.6,497.5,27.0,11.5,51.2,875.8,3.6,3,0.0,1.0,0.0,1.0,0.0,0.0
3.4,147.1,325.9,0.0,12.4,35.7,294.5,1.3,1,0.0,0.0,1.0,0.0,1.0,0.0
1.81,170.6,402.3,26.5,20.7,27.9,701.9,7.0,2,0.0,1.0,0.0,1.0,0.0,0.0
2.22,433.3,149.2,0.7,5.2,30.8,66.0,17.9,2,0.0,1.0,0.0,0.0,1.0,0.0
6.47,246.9,433.2,11.9,15.9,47.9,978.5,5.4,1,1.0,0.0,0.0,0.0,1.0,0.0
5.55,289.3,271.5,13.4,31.8,14.1,620.2,10.1,2,1.0,0.0,0.0,0.0,1.0,0.0
1.71,418.8,229.0,1.2,6.0,46.3,119.8,40.5,3,0.0,1.0,0.0,1.0,0.0,0.0
5.88,211.7,485.3,23.2,22.4,42.6,502.3,6.7,3,0.0,0.0,1.0,0.0,1.0,0.0
3.12,157.8,226.4,16.8,16.3,37.7,651.0,5.7,1,1.0,0.0,0.0,1.0,0.0,0.0
3.03,374.2,125.9,0.0,2.0,44.3,13.2,42.085,2,0.0,1.0,0.0,0.0,1.0,0.0
8.58,193.6,688.8,33.1,20.4,56.8,809.3,14.4,1,0.0,0.0,1.0,0.0,1.0,0.0
3.64,322.0,324.7,2.9,0.0,67.7,49.7,42.2,2,0.0,1.0,0.0,0.0,1.0,0.0
1.2,220.2,390.2,2.6,15.4,45.1,206.0,42.845,2,0.0,0.0,1.0,1.0,0.0,0.0
2.15,330.5,153.6,0.3,3.0,26.2,51.6,24.89,2,0.0,0.0,1.0,1.0,0.0,0.0
19.64,263.0,422.2,34.7,22.8,42.5,872.8,3.0,2,1.0,0.0,0.0,0.0,0.0,1.0
2.29,112.3,243.2,11.4,23.2,42.0,558.9,2.4,2,0.0,1.0,0.0,1.0,0.0,0.0
2.5,344.7,438.5,1.8,0.0,50.0,25.2,47.5,2,0.0,0.0,1.0,0.0,1.0,0.0
9.85,70.3,430.7,2.4,20.9,88.1,233.5,50.2,1,0.0,1.0,0.0,0.0,0.0,1.0
1.39,50.0,80.2,7.0,18.2,32.0,381.4,3.1,3,0.0,1.0,0.0,1.0,0.0,0.0
1.06,148.6,338.6,4.3,14.0,54.9,396.5,2.3,2,1.0,0.0,0.0,1.0,0.0,0.0
4.53,139.9,368.3,2.1,18.1,94.0,216.5,44.8,3,0.0,1.0,0.0,0.0,1.0,0.0
24.12,180.7,318.5,22.2,8.3,32.0,901.8,6.4,2,1.0,0.0,0.0,0.0,0.0,1.0
4.19,311.6,280.5,0.7,0.0,58.5,55.7,55.2,2,0.0,1.0,0.0,0.0,1.0,0.0
2.98,140.5,224.4,16.6,7.3,35.7,497.6,7.5,2,1.0,0.0,0.0,1.0,0.0,0.0
2.07,369.7,180.7,0.0,0.0,34.2,39.3,30.1,3,0.0,1.0,0.0,1.0,0.0,0.0
2.33,320.4,163.4,9.6,17.8,9.9,409.4,9.405,3,1.0,0.0,0.0,1.0,0.0,0.0
3.17,398.3,253.7,1.6,1.4,29.7,71.2,15.2,3,0.0,1.0,0.0,0.0,1.0,0.0
4.34,129.7,774.5,26.1,41.3,69.6,889.0,13.0,1,1.0,0.0,0.0,0.0,1.0,0.0
4.31,508.3,339.2,0.0,1.8,66.2,94.4,62.89,1,0.0,1.0,0.0,0.0,1.0,0.0
16.12,258.1,492.0,23.6,33.1,37.2,931.4,10.6,3,0.0,1.0,0.0,0.0,0.0,1.0
8.19,293.9,324.4,11.9,9.7,12.9,387.9,10.8,3,0.0,1.0,0.0,0.0,1.0,0.0
2.78,170.3,455.9,5.0,10.9,79.2,150.5,37.8,2,0.0,1.0,0.0,1.0,0.0,0.0
8.33,272.9,481.6,23.3,24.2,75.4,611.1,8.6,3,0.0,1.0,0.0,0.0,1.0,0.0
1.8,140.0,447.3,28.6,22.4,64.1,809.4,6.5,3,1.0,0.0,0.0,1.0,0.0,0.0
2.32,190.6,247.0,2.7,0.4,0.1,59.6,0.095,3,0.0,1.0,0.0,1.0,0.0,0.0
6.22,173.7,279.4,10.7,12.9,40.3,609.7,4.4,3,0.0,0.0,1.0,0.0,1.0,0.0
4.76,180.4,383.9,12.6,15.1,35.9,587.8,8.1,2,0.0,0.0,1.0,0.0,1.0,0.0
1.73,181.7,393.9,16.1,11.0,34.3,615.5,6.4,3,1.0,0.0,0.0,1.0,0.0,0.0
1.91,500.8,180.1,0.4,0.1,44.8,24.7,42.56,1,0.0,1.0,0.0,1.0,0.0,0.0
0.68,412.0,342.5,0.0,3.4,66.8,25.4,56.8,1,0.0,1.0,0.0,1.0,0.0,0.0
2.23,180.9,312.1,8.9,21.5,87.1,241.2,42.8,3,0.0,0.0,1.0,1.0,0.0,0.0
5.12,269.1,676.7,28.2,14.9,58.9,905.0,9.5,3,0.0,1.0,0.0,0.0,1.0,0.0
2.39,120.9,361.5,10.6,10.7,59.2,249.7,2.2,3,1.0,0.0,0.0,1.0,0.0,0.0
5.68,231.6,470.5,25.1,12.7,41.2,855.3,6.4,2,0.0,0.0,1.0,0.0,1.0,0.0
4.26,204.7,734.9,26.1,47.9,56.4,717.2,16.3,3,1.0,0.0,0.0,0.0,1.0,0.0
2.05,191.7,246.5,2.8,13.6,22.4,840.3,4.9,2,1.0,0.0,0.0,1.0,0.0,0.0
3.9,106.8,304.3,16.7,11.9,39.1,620.3,2.6,2,0.0,1.0,0.0,1.0,0.0,0.0
5.1,195.9,799.5,24.0,28.9,57.6,1001.1,10.4,2,1.0,0.0,0.0,0.0,1.0,0.0
1.61,83.4,209.8,7.8,8.8,46.9,503.1,0.0,2,0.0,1.0,0.0,1.0,0.0,0.0
1.39,238.2,417.5,33.0,6.3,63.0,717.7,5.2,3,1.0,0.0,0.0,1.0,0.0,0.0
24.04,185.5,314.4,9.8,10.5,45.7,571.5,2.7,1,0.0,1.0,0.0,0.0,0.0,1.0
0.72,517.5,106.7,2.5,4.7,37.0,42.6,25.8,2,0.0,0.0,1.0,1.0,0.0,0.0
4.59,261.9,470.1,30.3,26.3,32.3,903.8,11.1,2,1.0,0.0,0.0,0.0,1.0,0.0
1.21,227.8,355.0,10.7,13.1,19.5,511.4,8.0,3,1.0,0.0,0.0,1.0,0.0,0.0
1.71,199.8,479.2,19.2,11.7,57.1,848.4,6.7,2,0.0,0.0,1.0,1.0,0.0,0.0
1.92,372.1,474.0,18.3,15.7,77.7,1070.5,5.4,3,1.0,0.0,0.0,1.0,0.0,0.0
4.03,199.7,305.6,21.6,13.0,52.7,1328.8,8.5,2,0.0,1.0,0.0,0.0,1.0,0.0
7.46,302.2,406.7,19.5,2.9,19.4,638.1,7.9,2,1.0,0.0,0.0,0.0,1.0,0.0
3.01,477.3,450.8,1.9,4.4,66.8,39.3,23.4,3,0.0,1.0,0.0,0.0,1.0,0.0
1.64,129.5,263.2,4.9,15.2,33.6,779.9,5.1,2,0.0,1.0,0.0,1.0,0.0,0.0
1.62,57.6,116.9,6.3,18.5,33.7,427.7,4.6,2,0.0,1.0,0.0,1.0,0.0,0.0
1.16,176.6,662.2,23.4,48.2,61.1,1149.7,4.8,2,1.0,0.0,0.0,1.0,0.0,0.0
5.79,93.7,453.5,5.0,11.4,45.0,210.7,42.75,1,0.0,1.0,0.0,0.0,0.0,1.0
4.04,153.7,443.0,15.6,11.1,28.8,820.6,4.3,3,1.0,0.0,0.0,0.0,1.0,0.0
7.98,187.7,339.1,18.0,14.9,40.6,546.2,6.0,3,1.0,0.0,0.0,0.0,1.0,0.0
4.93,152.9,606.1,33.5,20.2,66.0,1098.0,8.2,3,0.0,1.0,0.0,0.0,1.0,0.0
10.87,598.0,25.4,2.9,3.8,33.7,51.4,32.015,3,0.0,0.0,1.0,0.0,0.0,1.0
3.09,131.8,251.6,11.8,8.2,61.0,444.7,0.2,2,0.0,1.0,0.0,1.0,0.0,0.0
2.16,285.8,542.3,25.7,36.7,50.5,831.7,4.8,3,1.0,0.0,0.0,1.0,0.0,0.0
7.51,232.1,591.0,34.4,13.0,23.0,809.9,10.2,3,1.0,0.0,0.0,0.0,1.0,0.0
1.07,112.5,150.4,5.7,14.1,58.6,158.5,5.6,2,0.0,1.0,0.0,1.0,0.0,0.0
5.84,89.7,271.4,16.4,8.8,37.2,229.1,5.1,2,0.0,1.0,0.0,0.0,1.0,0.0
5.16,396.3,100.5,1.2,0.9,67.0,56.8,21.6,2,0.0,1.0,0.0,0.0,1.0,0.0
6.59,599.7,200.2,2.5,1.5,41.8,31.3,27.7,3,0.0,1.0,0.0,0.0,0.0,1.0
2.16,165.8,486.4,22.2,23.4,53.3,796.5,8.1,2,1.0,0.0,0.0,1.0,0.0,0.0
1.7,373.1,436.0,0.0,5.3,8.4,40.6,7.979999999999999,2,0.0,0.0,1.0,1.0,0.0,0.0
4.11,319.5,552.2,19.4,2.3,53.6,746.7,2.8,3,1.0,0.0,0.0,1.0,0.0,0.0
2.28,169.7,128.1,14.4,0.6,34.4,875.5,6.7,2,0.0,1.0,0.0,1.0,0.0,0.0
21.65,203.2,241.8,6.1,21.7,47.9,674.7,10.4,3,0.0,0.0,1.0,0.0,0.0,1.0
9.14,221.5,722.1,30.6,48.7,68.0,1218.4,11.5,2,1.0,0.0,0.0,0.0,1.0,0.0
2.27,407.1,5.0,0.8,1.8,6.7,12.3,6.365,3,0.0,0.0,1.0,1.0,0.0,0.0
0.81,262.5,233.9,2.6,0.0,68.0,26.0,28.6,2,0.0,0.0,1.0,1.0,0.0,0.0
1.23,114.3,533.2,0.6,16.7,74.6,166.7,64.2,1,0.0,1.0,0.0,1.0,0.0,0.0
6.31,194.7,328.6,0.4,15.8,52.7,247.0,33.6,2,0.0,1.0,0.0,0.0,1.0,0.0
7.39,320.7,325.8,0.5,6.0,50.7,84.7,36.0,1,0.0,0.0,1.0,0.0,0.0,1.0
1.51,477.9,125.7,2.0,2.4,77.8,72.5,34.1,2,0.0,1.0,0.0,1.0,0.0,0.0
1.56,150.7,288.4,13.6,0.6,38.9,903.8,4.9,2,1.0,0.0,0.0,1.0,0.0,0.0
25.02,171.0,473.0,14.7,13.0,33.7,744.9,5.9,1,1.0,0.0,0.0,0.0,0.0,1.0
4.33,153.0,643.0,5.4,26.5,43.5,262.6,41.325,2,0.0,1.0,0.0,0.0,1.0,0.0
2.24,107.8,467.5,10.8,5.9,37.8,868.2,2.7,1,0.0,1.0,0.0,1.0,0.0,0.0
4.01,166.9,327.5,8.5,8.6,27.4,671.6,3.6,3,0.0,1.0,0.0,1.0,0.0,0.0
3.12,148.0,364.2,9.2,9.1,39.8,619.4,4.6,1,0.0,1.0,0.0,1.0,0.0,0.0
6.2,123.0,772.4,19.2,22.6,51.6,927.4,9.9,3,1.0,0.0,0.0,0.0,1.0,0.0
1.8,103.6,281.7,7.6,11.5,51.1,234.5,33.9,1,0.0,1.0,0.0,1.0,0.0,0.0
2.1,239.1,472.2,22.9,32.4,43.5,802.9,7.3,3,1.0,0.0,0.0,1.0,0.0,0.0
1.42,80.8,367.2,1.5,14.6,31.2,406.6,7.7,3,0.0,1.0,0.0,1.0,0.0,0.0
2.57,225.6,245.4,20.5,24.7,53.0,717.4,3.1,2,0.0,1.0,0.0,1.0,0.0,0.0
2.69,411.0,492.8,25.9,17.8,79.5,818.4,7.2,2,0.0,0.0,1.0,1.0,0.0,0.0
20.22,130.0,419.4,16.6,18.0,23.2,549.7,3.7,3,1.0,0.0,0.0,0.0,0.0,1.0
13.0,198.0,264.7,14.0,13.0,46.1,567.3,2.9,2,0.0,1.0,0.0,0.0,0.0,1.0
2.09,160.4,167.2,12.3,6.2,31.1,861.6,2.0,1,1.0,0.0,0.0,1.0,0.0,0.0
1.51,487.0,186.0,2.6,0.0,2.7,0.0,2.565,2,0.0,1.0,0.0,1.0,0.0,0.0
3.96,186.4,614.8,6.2,23.7,72.2,1046.1,7.9,3,0.0,1.0,0.0,1.0,0.0,0.0
3.43,131.0,322.4,13.3,8.9,41.4,551.6,7.1,2,1.0,0.0,0.0,1.0,0.0,0.0
1.42,145.2,149.2,8.4,14.0,15.2,250.8,2.3,1,0.0,1.0,0.0,1.0,0.0,0.0
5.97,316.3,272.7,15.3,5.1,5.2,273.4,4.94,2,1.0,0.0,0.0,0.0,1.0,0.0
8.57,185.3,285.7,19.7,5.2,32.2,634.3,5.0,2,1.0,0.0,0.0,0.0,1.0,0.0
5.74,191.6,457.2,26.9,24.4,34.2,935.3,0.0,3,1.0,0.0,0.0,0.0,1.0,0.0
2.77,162.6,283.3,4.8,16.2,14.8,673.5,11.8,2,0.0,1.0,0.0,1.0,0.0,0.0
2.07,357.4,94.6,1.3,1.7,37.0,62.2,35.15,2,0.0,1.0,0.0,1.0,0.0,0.0
4.87,62.9,500.2,6.0,9.9,48.3,283.8,45.885,2,0.0,1.0,0.0,0.0,1.0,0.0
3.29,268.4,331.9,12.2,14.7,21.2,363.9,7.1,3,0.0,1.0,0.0,1.0,0.0,0.0
2.64,95.9,430.0,5.2,18.6,42.8,253.4,32.4,2,0.0,1.0,0.0,1.0,0.0,0.0
4.35,224.3,576.9,27.2,16.6,47.4,909.1,12.1,3,0.0,0.0,1.0,0.0,1.0,0.0
7.88,169.3,307.2,8.2,14.9,35.2,542.2,7.4,3,0.0,0.0,1.0,0.0,1.0,0.0
8.63,321.3,119.7,0.9,0.0,9.7,65.2,9.214999999999998,2,0.0,0.0,1.0,0.0,0.0,1.0
3.35,117.3,488.0,9.4,6.1,62.0,263.5,49.0,3,0.0,1.0,0.0,0.0,1.0,0.0
4.1,515.5,49.2,1.0,1.1,39.5,106.9,37.525,2,0.0,1.0,0.0,0.0,1.0,0.0
3.25,101.5,238.8,7.9,7.4,31.5,560.3,2.3,2,0.0,1.0,0.0,1.0,0.0,0.0
3.61,407.1,118.3,1.3,1.8,26.7,7.6,16.4,2,0.0,0.0,1.0,0.0,1.0,0.0
3.98,256.2,633.9,25.8,19.8,56.4,879.0,0.1,3,1.0,0.0,0.0,1.0,0.0,0.0
5.04,383.8,220.9,7.3,12.5,32.2,520.2,8.9,2,1.0,0.0,0.0,0.0,1.0,0.0
1.27,506.2,119.6,3.4,0.5,60.2,45.5,5.0,1,0.0,1.0,0.0,1.0,0.0,0.0
0.87,457.1,343.0,1.6,0.0,58.8,10.9,34.4,1,0.0,0.0,1.0,1.0,0.0,0.0
1.65,535.1,110.6,0.0,1.4,69.2,45.6,18.5,2,0.0,0.0,1.0,1.0,0.0,0.0
1.61,159.0,251.9,7.0,14.0,33.8,914.5,3.1,3,1.0,0.0,0.0,1.0,0.0,0.0
4.39,616.4,5.0,0.0,3.3,28.8,63.2,25.9,2,0.0,1.0,0.0,0.0,1.0,0.0
6.88,140.4,368.3,2.0,10.3,62.5,173.3,52.2,2,0.0,1.0,0.0,0.0,1.0,0.0
2.08,179.6,5.0,22.8,17.6,22.6,677.5,2.6,3,1.0,0.0,0.0,1.0,0.0,0.0
6.34,242.8,423.6,26.5,20.8,48.5,971.7,9.6,1,0.0,1.0,0.0,0.0,1.0,0.0
7.89,207.1,501.5,22.6,9.2,74.5,743.5,8.3,3,0.0,0.0,1.0,0.0,1.0,0.0
1.29,149.0,159.3,10.1,13.0,33.8,696.6,1.3,1,0.0,1.0,0.0,1.0,0.0,0.0
3.05,348.4,457.4,40.5,19.6,66.2,940.0,2.9,3,1.0,0.0,0.0,1.0,0.0,0.0
2.21,256.5,404.5,33.7,27.7,44.2,868.5,2.7,2,1.0,0.0,0.0,1.0,0.0,0.0
2.34,294.4,126.3,4.0,1.4,0.0,30.7,0.0,3,0.0,1.0,0.0,1.0,0.0,0.0
2.96,174.9,358.7,15.1,16.4,54.9,903.5,1.6,2,0.0,1.0,0.0,1.0,0.0,0.0
1.12,151.9,386.5,11.4,11.7,31.6,868.4,3.9,3,0.0,1.0,0.0,1.0,0.0,0.0
3.7,315.2,40.1,0.0,0.0,66.8,60.2,33.2,3,0.0,1.0,0.0,0.0,1.0,0.0
1.51,148.4,273.9,1.4,4.6,69.2,340.0,29.4,3,0.0,0.0,1.0,1.0,0.0,0.0
4.08,302.4,403.0,22.7,7.1,63.7,688.1,11.0,2,0.0,1.0,0.0,0.0,1.0,0.0
2.08,472.1,347.4,0.0,2.1,64.2,45.1,43.4,2,0.0,0.0,1.0,1.0,0.0,0.0
1.83,226.4,359.7,19.5,20.3,45.3,914.5,7.5,3,1.0,0.0,0.0,1.0,0.0,0.0
9.11,97.1,388.5,13.0,11.3,33.5,672.3,8.3,2,1.0,0.0,0.0,0.0,1.0,0.0
3.24,274.2,334.1,22.0,13.7,31.2,431.1,9.2,2,0.0,1.0,0.0,1.0,0.0,0.0
2.24,175.8,405.7,6.4,23.4,14.9,101.7,6.6,2,0.0,1.0,0.0,1.0,0.0,0.0
1.58,139.9,372.6,18.8,13.6,35.1,853.1,7.7,3,1.0,0.0,0.0,1.0,0.0,0.0
5.43,283.1,16.1,3.2,0.0,27.0,10.4,25.65,2,0.0,0.0,1.0,0.0,1.0,0.0
3.0,524.7,65.5,0.0,1.1,27.8,49.6,21.4,2,0.0,1.0,0.0,0.0,1.0,0.0
16.12,188.1,329.5,3.0,13.8,53.6,311.8,50.92,2,0.0,1.0,0.0,0.0,0.0,1.0
4.02,435.0,508.1,23.2,10.5,46.3,683.1,5.2,2,1.0,0.0,0.0,0.0,1.0,0.0
1.59,261.9,286.2,22.6,20.0,39.1,748.0,3.4,3,0.0,1.0,0.0,1.0,0.0,0.0
1.54,430.3,339.1,0.9,2.9,28.1,54.4,26.695,3,0.0,1.0,0.0,1.0,0.0,0.0
12.08,384.8,178.3,3.9,1.4,61.2,126.0,27.4,2,0.0,1.0,0.0,0.0,0.0,1.0
2.13,167.6,338.4,9.8,8.2,47.3,429.1,6.0,3,1.0,0.0,0.0,1.0,0.0,0.0
1.68,441.7,160.1,0.0,3.5,54.3,88.5,51.1,3,0.0,1.0,0.0,1.0,0.0,0.0
3.33,203.5,306.2,5.7,23.4,70.5,247.8,37.6,2,1.0,0.0,0.0,0.0,1.0,0.0
2.23,177.9,390.1,15.2,9.2,51.9,595.7,4.2,1,1.0,0.0,0.0,1.0,0.0,0.0
1.88,182.2,437.5,0.6,23.0,54.8,190.0,33.3,2,0.0,1.0,0.0,1.0,0.0,0.0
1.38,335.0,157.2,14.3,8.8,18.2,568.7,5.1,2,0.0,1.0,0.0,1.0,0.0,0.0
1.28,201.6,355.5,2.6,26.7,39.4,840.8,6.3,2,0.0,0.0,1.0,1.0,0.0,0.0
7.15,198.5,806.5,29.8,16.6,38.0,729.9,8.9,2,1.0,0.0,0.0,0.0,1.0,0.0
13.01,415.0,337.9,4.6,3.5,35.4,31.3,4.4,2,0.0,1.0,0.0,0.0,0.0,1.0
6.35,227.3,245.1,19.6,8.4,8.7,196.6,8.264999999999999,2,0.0,1.0,0.0,0.0,0.0,1.0
1.64,331.4,89.9,19.0,7.9,31.8,662.6,18.6,3,1.0,0.0,0.0,1.0,0.0,0.0
3.15,163.6,634.2,2.7,3.3,60.3,275.7,38.8,3,0.0,1.0,0.0,0.0,1.0,0.0
2.9,198.0,365.1,11.1,6.9,24.3,793.4,5.5,2,0.0,1.0,0.0,1.0,0.0,0.0
3.28,349.1,235.9,2.3,18.0,20.4,619.1,10.2,2,0.0,1.0,0.0,1.0,0.0,0.0
2.35,236.1,276.6,0.0,0.0,55.8,15.9,53.01,2,0.0,1.0,0.0,0.0,1.0,0.0
21.37,244.4,463.8,18.1,26.1,38.3,730.1,5.2,3,0.0,1.0,0.0,0.0,0.0,1.0
0.76,504.5,238.1,2.7,3.6,20.8,16.7,19.76,3,0.0,0.0,1.0,1.0,0.0,0.0
4.82,256.9,292.9,19.1,11.7,26.3,190.5,10.5,2,0.0,1.0,0.0,0.0,1.0,0.0
6.56,154.2,261.5,2.3,12.6,47.3,309.3,9.0,3,0.0,0.0,1.0,0.0,1.0,0.0
8.49,282.6,581.9,38.3,26.3,62.1,723.8,7.0,2,1.0,0.0,0.0,0.0,1.0,0.0
8.68,175.8,226.3,17.9,11.5,38.4,714.6,4.2,2,1.0,0.0,0.0,0.0,1.0,0.0
2.59,96.4,306.2,4.6,12.8,48.8,248.7,2.8,3,0.0,1.0,0.0,1.0,0.0,0.0
1.43,297.1,533.2,12.9,19.8,55.3,1014.0,8.0,2,0.0,0.0,1.0,1.0,0.0,0.0
2.73,250.2,400.5,30.8,14.8,30.4,519.6,10.2,3,0.0,1.0,0.0,1.0,0.0,0.0
4.75,284.5,166.7,3.1,0.0,44.6,42.1,25.3,2,0.0,0.0,1.0,0.0,1.0,0.0
1.2,330.0,87.5,8.8,15.1,9.7,549.0,7.1,2,0.0,1.0,0.0,1.0,0.0,0.0
3.02,271.2,527.7,45.0,37.1,34.2,894.1,9.7,3,1.0,0.0,0.0,1.0,0.0,0.0
3.95,265.0,533.1,34.8,23.1,54.6,993.1,3.6,3,0.0,1.0,0.0,0.0,1.0,0.0
3.27,70.7,504.7,11.4,9.2,45.8,756.7,3.1,2,0.0,1.0,0.0,0.0,1.0,0.0
7.58,170.7,251.7,15.8,15.9,29.5,450.8,5.3,2,1.0,0.0,0.0,0.0,1.0,0.0
2.73,138.1,126.7,0.0,21.7,28.8,348.1,5.0,3,0.0,1.0,0.0,1.0,0.0,0.0
15.37,167.2,229.3,0.0,10.8,37.3,641.0,2.3,2,0.0,0.0,1.0,0.0,0.0,1.0
18.88,72.0,595.4,4.3,23.8,48.1,188.6,32.6,3,0.0,1.0,0.0,0.0,0.0,1.0
1.28,202.3,597.8,22.8,41.4,77.9,1197.8,13.0,3,1.0,0.0,0.0,1.0,0.0,0.0
1.15,70.2,339.9,1.0,15.9,30.5,371.5,4.3,2,0.0,1.0,0.0,1.0,0.0,0.0
1.36,308.5,387.6,18.6,17.0,69.7,1181.4,14.0,2,0.0,1.0,0.0,1.0,0.0,0.0
1.31,192.0,388.9,8.5,11.6,36.8,748.7,6.7,3,1.0,0.0,0.0,1.0,0.0,0.0
2.46,251.1,491.8,22.6,12.1,34.6,915.5,9.4,3,0.0,1.0,0.0,1.0,0.0,0.0
3.75,263.8,600.6,29.6,31.4,46.9,1071.3,6.5,2,1.0,0.0,0.0,1.0,0.0,0.0
3.32,265.7,359.5,6.1,13.1,25.6,374.9,9.5,2,1.0,0.0,0.0,0.0,1.0,0.0
13.14,225.1,340.9,17.9,15.5,50.9,816.0,4.3,3,0.0,0.0,1.0,0.0,0.0,1.0
5.01,539.9,119.9,1.4,0.9,62.1,56.6,38.0,2,0.0,0.0,1.0,0.0,1.0,0.0
18.32,181.9,215.8,10.3,16.4,31.1,796.0,4.3,3,1.0,0.0,0.0,0.0,0.0,1.0
5.53,175.5,655.5,30.3,15.0,43.1,1291.3,7.7,3,1.0,0.0,0.0,0.0,1.0,0.0
1.18,183.4,223.4,2.9,16.5,39.2,576.7,5.4,3,0.0,1.0,0.0,1.0,0.0,0.0
7.93,202.4,700.0,35.8,26.9,50.7,715.5,9.2,3,1.0,0.0,0.0,0.0,1.0,0.0
5.59,190.6,501.7,3.5,14.5,57.7,258.8,50.6,2,0.0,1.0,0.0,0.0,1.0,0.0
0.64,568.6,234.2,1.0,1.7,68.2,76.3,24.4,2,0.0,0.0,1.0,1.0,0.0,0.0
1.26,243.5,214.2,7.5,3.6,11.8,778.5,7.0,3,0.0,1.0,0.0,1.0,0.0,0.0
1.62,189.8,275.6,16.4,7.2,25.0,457.4,5.7,1,1.0,0.0,0.0,1.0,0.0,0.0
1.29,160.1,355.7,6.8,20.6,52.7,426.1,2.9,3,1.0,0.0,0.0,1.0,0.0,0.0
1.72,271.6,686.4,12.5,24.7,56.4,898.9,13.5,3,1.0,0.0,0.0,1.0,0.0,0.0
5.34,760.2,235.0,2.4,4.3,48.1,13.1,8.2,2,0.0,1.0,0.0,0.0,1.0,0.0
3.48,151.5,512.7,36.7,11.0,62.3,985.6,13.6,2,1.0,0.0,0.0,1.0,0.0,0.0
1.89,421.9,311.8,0.0,6.5,49.2,65.8,24.5,3,0.0,1.0,0.0,1.0,0.0,0.0
1.63,199.4,252.4,2.5,12.3,58.9,692.7,0.0,2,0.0,1.0,0.0,1.0,0.0,0.0
1.36,322.1,552.1,20.8,35.0,58.4,1113.4,13.6,3,0.0,1.0,0.0,1.0,0.0,0.0
2.66,245.0,530.1,3.6,32.0,51.3,868.8,7.5,1,0.0,0.0,1.0,1.0,0.0,0.0
5.37,113.5,187.6,0.1,11.5,35.1,367.5,1.6,3,0.0,0.0,1.0,0.0,1.0,0.0
3.48,155.1,295.7,14.3,13.8,34.7,597.8,3.8,2,1.0,0.0,0.0,1.0,0.0,0.0
5.02,143.0,292.0,16.6,7.0,41.3,645.1,2.4,3,1.0,0.0,0.0,0.0,1.0,0.0
6.93,168.4,315.2,11.4,11.4,30.0,630.8,8.1,3,0.0,0.0,1.0,0.0,1.0,0.0
19.2,267.8,369.3,13.6,12.9,34.8,371.3,10.6,2,0.0,1.0,0.0,0.0,0.0,1.0
2.22,165.5,63.9,3.3,10.7,58.8,511.6,5.1,2,0.0,1.0,0.0,1.0,0.0,0.0
5.37,107.3,269.9,3.8,8.0,37.1,813.2,7.2,3,1.0,0.0,0.0,0.0,1.0,0.0
1.95,110.0,491.8,0.0,18.2,51.7,281.0,41.0,2,0.0,1.0,0.0,1.0,0.0,0.0
1.32,120.9,116.1,4.9,1.3,39.1,506.0,2.9,2,0.0,1.0,0.0,1.0,0.0,0.0
1.68,134.3,633.8,20.6,36.0,51.8,1051.2,10.5,3,1.0,0.0,0.0,1.0,0.0,0.0
12.95,461.7,334.6,0.0,2.1,51.9,44.0,40.6,2,0.0,1.0,0.0,0.0,0.0,1.0
3.36,236.5,778.0,35.5,25.5,57.2,966.9,11.2,2,0.0,1.0,0.0,1.0,0.0,0.0
1.04,305.5,266.4,8.3,0.0,34.5,879.7,10.9,3,1.0,0.0,0.0,1.0,0.0,0.0
2.13,381.5,294.0,6.2,4.3,66.3,79.6,47.8,2,0.0,0.0,1.0,1.0,0.0,0.0
3.3,160.8,317.5,14.6,21.7,38.2,641.9,5.4,2,1.0,0.0,0.0,1.0,0.0,0.0
0.9,198.6,324.7,2.0,7.8,68.6,270.0,30.4,2,1.0,0.0,0.0,1.0,0.0,0.0
8.95,383.3,275.6,3.0,0.8,50.3,39.5,17.8,2,0.0,1.0,0.0,0.0,0.0,1.0
1.95,190.5,586.1,22.0,34.2,51.5,930.3,7.8,3,1.0,0.0,0.0,1.0,0.0,0.0
2.66,132.2,182.2,5.8,20.0,53.2,276.0,0.1,2,0.0,1.0,0.0,1.0,0.0,0.0
4.46,180.3,384.2,9.9,11.4,39.4,1056.7,6.6,3,0.0,0.0,1.0,0.0,1.0,0.0
1.6,121.1,249.8,3.3,15.6,30.0,696.1,4.2,3,0.0,1.0,0.0,1.0,0.0,0.0
2.35,159.5,171.3,17.2,8.6,41.3,871.7,8.9,2,0.0,1.0,0.0,1.0,0.0,0.0
9.36,152.1,248.5,15.6,15.8,40.1,678.3,1.5,2,1.0,0.0,0.0,0.0,0.0,1.0
2.72,219.7,551.7,34.0,15.6,46.4,823.8,7.3,1,1.0,0.0,0.0,1.0,0.0,0.0
9.04,78.3,402.7,4.9,17.4,20.4,652.1,3.7,2,0.0,1.0,0.0,0.0,0.0,1.0
2.54,218.4,300.4,23.9,20.6,63.5,1178.9,6.8,2,0.0,1.0,0.0,1.0,0.0,0.0
1.12,96.4,174.0,5.0,24.6,22.7,205.5,3.6,3,0.0,1.0,0.0,1.0,0.0,0.0
1.81,107.7,319.7,0.6,34.0,54.1,195.2,37.9,3,0.0,0.0,1.0,1.0,0.0,0.0
1.89,179.3,628.4,25.8,15.4,49.3,1226.4,7.3,3,1.0,0.0,0.0,1.0,0.0,0.0
2.44,188.9,364.0,18.6,30.1,61.4,974.8,10.9,3,0.0,1.0,0.0,1.0,0.0,0.0
6.25,118.2,384.3,6.3,28.3,34.6,235.7,32.87,3,1.0,0.0,0.0,0.0,1.0,0.0
6.8,163.9,357.2,3.6,0.0,54.8,235.0,52.06,3,0.0,0.0,1.0,0.0,1.0,0.0
9.34,405.7,431.4,1.6,4.0,54.0,27.9,51.3,2,0.0,0.0,1.0,0.0,0.0,1.0
2.55,216.0,634.1,27.7,29.0,40.2,630.9,8.1,2,1.0,0.0,0.0,1.0,0.0,0.0
1.91,110.8,478.0,3.0,25.8,71.6,223.8,45.1,2,0.0,1.0,0.0,1.0,0.0,0.0
3.6,227.5,532.7,35.4,28.5,46.2,1051.4,8.6,1,1.0,0.0,0.0,1.0,0.0,0.0
3.21,360.4,402.1,12.9,12.2,76.6,560.1,4.3,2,0.0,0.0,1.0,1.0,0.0,0.0
2.94,139.6,329.6,7.9,6.8,44.2,243.9,5.3,1,0.0,1.0,0.0,0.0,1.0,0.0
12.87,381.9,591.4,28.9,17.5,65.3,892.0,4.1,3,1.0,0.0,0.0,0.0,0.0,1.0
2.12,169.9,473.2,30.3,44.0,51.1,855.6,9.1,2,1.0,0.0,0.0,1.0,0.0,0.0
3.78,136.8,260.8,11.5,13.0,29.4,749.5,2.3,2,1.0,0.0,0.0,1.0,0.0,0.0
1.19,507.1,392.5,3.6,0.0,57.0,28.7,40.5,1,0.0,0.0,1.0,1.0,0.0,0.0
3.15,50.0,523.3,6.6,28.5,47.8,305.7,19.1,2,1.0,0.0,0.0,1.0,0.0,0.0
16.31,255.3,404.2,23.3,8.7,28.4,790.7,13.4,1,1.0,0.0,0.0,0.0,0.0,1.0
1.39,365.4,309.5,15.9,15.7,29.7,671.1,10.9,2,1.0,0.0,0.0,1.0,0.0,0.0
1.25,275.9,370.5,14.5,10.9,20.2,539.5,6.4,1,1.0,0.0,0.0,1.0,0.0,0.0
8.61,208.6,437.9,28.6,30.7,58.3,626.7,9.4,3,1.0,0.0,0.0,0.0,1.0,0.0
5.79,175.5,715.5,10.5,36.2,65.0,1330.3,10.3,3,1.0,0.0,0.0,0.0,1.0,0.0
4.36,229.9,135.2,5.6,13.2,16.8,374.3,8.5,3,0.0,0.0,1.0,0.0,1.0,0.0
22.2,217.9,466.3,22.9,11.8,40.1,693.5,7.4,3,0.0,0.0,1.0,0.0,0.0,1.0
3.27,169.4,550.2,24.0,22.1,57.7,1020.9,13.7,2,0.0,1.0,0.0,1.0,0.0,0.0
2.49,156.7,289.2,0.0,3.5,26.8,280.5,9.4,2,0.0,1.0,0.0,1.0,0.0,0.0
2.29,197.1,223.0,10.3,15.1,33.1,593.5,5.9,3,0.0,1.0,0.0,1.0,0.0,0.0
2.95,325.3,501.7,4.1,0.0,47.3,11.6,33.2,3,0.0,0.0,1.0,0.0,1.0,0.0
7.7,339.1,224.1,1.6,0.4,32.1,51.5,24.7,2,0.0,1.0,0.0,0.0,0.0,1.0
3.98,255.7,151.9,0.0,3.0,59.0,73.9,32.2,3,0.0,1.0,0.0,0.0,1.0,0.0
4.37,312.5,775.6,32.7,14.3,64.9,950.3,5.8,1,1.0,0.0,0.0,1.0,0.0,0.0
12.74,177.4,454.9,12.6,17.8,28.7,354.7,6.3,2,0.0,1.0,0.0,0.0,0.0,1.0
3.5,294.5,469.4,23.9,32.7,44.4,497.8,3.7,2,1.0,0.0,0.0,1.0,0.0,0.0
2.6,186.8,439.3,34.5,25.1,59.4,983.0,5.5,2,1.0,0.0,0.0,1.0,0.0,0.0
2.2,251.5,250.5,0.0,0.0,20.5,342.7,8.5,3,0.0,1.0,0.0,1.0,0.0,0.0
1.82,509.2,5.0,0.0,1.0,69.0,23.8,30.7,2,0.0,1.0,0.0,1.0,0.0,0.0
1.2,486.8,313.4,0.6,6.3,67.8,42.1,8.5,2,0.0,1.0,0.0,1.0,0.0,0.0
5.79,235.1,681.0,33.6,33.7,50.5,642.0,4.0,3,1.0,0.0,0.0,0.0,1.0,0.0
4.29,418.5,510.2,21.1,15.9,58.3,576.5,8.2,2,1.0,0.0,0.0,1.0,0.0,0.0
8.24,245.3,558.2,21.6,34.7,50.9,862.0,11.4,1,1.0,0.0,0.0,0.0,1.0,0.0
7.54,137.5,533.3,17.0,25.4,27.6,833.8,7.4,3,1.0,0.0,0.0,0.0,1.0,0.0
2.29,312.5,482.8,0.0,1.3,25.3,458.3,2.6,2,0.0,1.0,0.0,1.0,0.0,0.0
3.52,165.0,362.2,15.9,6.2,27.2,627.9,0.8,2,1.0,0.0,0.0,1.0,0.0,0.0
3.41,199.8,598.3,26.6,10.9,49.1,591.6,7.6,3,1.0,0.0,0.0,0.0,1.0,0.0
1.3,126.2,563.1,4.4,18.1,79.6,300.6,25.2,2,1.0,0.0,0.0,1.0,0.0,0.0
2.88,156.9,368.2,24.9,2.0,38.5,1003.4,8.6,3,0.0,1.0,0.0,1.0,0.0,0.0
1.26,106.5,207.2,9.0,13.3,60.6,289.4,57.57,2,0.0,1.0,0.0,1.0,0.0,0.0
2.0,144.9,470.7,34.9,12.6,56.6,564.5,3.3,2,1.0,0.0,0.0,1.0,0.0,0.0
2.29,301.1,443.1,13.5,26.6,37.8,563.5,11.7,2,0.0,0.0,1.0,1.0,0.0,0.0
2.92,517.9,231.7,2.3,4.8,31.7,69.6,30.115,3,0.0,1.0,0.0,0.0,1.0,0.0
2.94,233.8,521.0,14.4,37.5,54.8,1019.6,12.7,2,1.0,0.0,0.0,1.0,0.0,0.0
6.65,338.0,571.4,28.3,17.9,81.8,706.4,6.1,3,0.0,0.0,1.0,0.0,1.0,0.0
4.02,510.2,396.4,1.2,3.5,22.5,55.4,21.375,3,0.0,1.0,0.0,0.0,1.0,0.0
3.93,311.1,641.0,5.4,21.1,81.0,847.2,7.0,2,1.0,0.0,0.0,1.0,0.0,0.0
3.86,229.0,534.2,19.1,25.2,45.8,1051.0,9.3,3,1.0,0.0,0.0,0.0,1.0,0.0
2.71,122.0,212.0,5.3,8.8,39.5,235.3,5.4,1,0.0,1.0,0.0,1.0,0.0,0.0
1.56,357.0,449.4,20.9,14.0,61.4,965.4,3.8,3,0.0,1.0,0.0,1.0,0.0,0.0
3.26,284.6,572.4,26.7,29.0,46.3,800.2,10.6,2,1.0,0.0,0.0,1.0,0.0,0.0
2.11,385.6,47.2,1.7,3.9,20.9,60.0,19.855,2,0.0,1.0,0.0,1.0,0.0,0.0
1.21,123.7,264.6,10.5,0.0,28.6,950.3,4.7,3,0.0,1.0,0.0,1.0,0.0,0.0
5.87,234.8,575.0,16.6,24.4,49.0,957.9,5.8,2,1.0,0.0,0.0,0.0,1.0,0.0
17.96,284.8,569.5,19.1,36.0,53.3,1177.9,10.1,2,0.0,1.0,0.0,0.0,0.0,1.0
5.4,131.8,313.1,1.5,8.6,44.7,304.5,4.6,3,0.0,0.0,1.0,0.0,1.0,0.0
2.41,121.9,224.8,10.4,16.2,28.1,755.0,2.5,2,1.0,0.0,0.0,1.0,0.0,0.0
1.41,211.7,313.9,8.2,5.2,43.0,350.3,1.0,2,0.0,1.0,0.0,1.0,0.0,0.0
1.53,238.7,242.5,12.2,3.1,24.4,301.7,6.3,3,0.0,0.0,1.0,1.0,0.0,0.0
2.14,119.4,268.8,9.3,0.0,52.7,584.2,3.1,3,1.0,0.0,0.0,1.0,0.0,0.0
3.88,256.8,580.5,33.5,21.2,66.9,684.9,7.6,2,1.0,0.0,0.0,0.0,1.0,0.0
3.05,157.8,371.6,3.8,19.5,41.3,448.5,7.9,2,0.0,1.0,0.0,0.0,1.0,0.0
2.56,161.3,481.1,25.6,22.6,57.9,641.1,9.9,2,0.0,1.0,0.0,1.0,0.0,0.0
7.61,228.7,120.9,5.9,24.5,31.9,530.4,13.6,3,0.0,0.0,1.0,0.0,1.0,0.0
2.66,108.9,494.7,3.9,15.6,64.7,227.0,47.4,3,0.0,1.0,0.0,1.0,0.0,0.0
2.33,393.0,303.7,8.6,3.0,23.8,438.5,8.0,3,0.0,1.0,0.0,1.0,0.0,0.0
3.91,523.6,265.1,2.0,0.2,25.0,45.7,19.0,3,0.0,0.0,1.0,0.0,1.0,0.0
2.37,187.4,336.3,22.9,24.9,41.8,875.0,9.6,3,1.0,0.0,0.0,1.0,0.0,0.0
0.9,422.5,184.2,0.0,8.5,25.5,74.6,24.225,2,0.0,1.0,0.0,1.0,0.0,0.0
5.36,511.2,248.5,2.8,1.9,24.3,31.1,23.085,2,0.0,0.0,1.0,0.0,0.0,1.0
3.09,144.6,233.0,10.3,13.2,43.4,649.7,3.7,2,1.0,0.0,0.0,1.0,0.0,0.0
5.54,95.8,164.8,0.0,13.8,28.2,375.8,3.5,2,0.0,1.0,0.0,0.0,1.0,0.0
2.71,286.5,448.7,31.8,11.0,71.8,603.7,6.2,3,0.0,1.0,0.0,1.0,0.0,0.0
3.67,370.0,24.7,1.6,0.0,70.5,33.1,47.0,2,0.0,0.0,1.0,0.0,1.0,0.0
1.57,342.4,372.1,3.5,8.7,35.8,33.3,33.7,2,0.0,1.0,0.0,1.0,0.0,0.0
21.26,116.4,299.3,8.4,12.8,27.2,616.1,9.5,2,1.0,0.0,0.0,0.0,0.0,1.0
7.42,219.6,699.3,26.1,31.8,53.1,653.9,10.1,3,1.0,0.0,0.0,0.0,1.0,0.0
1.86,295.4,214.0,2.0,0.0,32.5,96.0,11.0,2,0.0,0.0,1.0,1.0,0.0,0.0
1.58,420.4,436.6,1.2,0.5,56.5,79.4,40.0,3,0.0,1.0,0.0,1.0,0.0,0.0
3.86,161.8,328.9,1.3,10.7,37.9,525.0,2.7,2,0.0,1.0,0.0,0.0,1.0,0.0
0.87,482.7,208.4,1.9,0.0,14.6,80.1,13.87,1,0.0,1.0,0.0,1.0,0.0,0.0
7.99,252.8,253.7,17.8,15.8,37.5,591.3,4.6,3,0.0,1.0,0.0,0.0,1.0,0.0
2.27,266.2,640.7,13.4,20.8,53.3,807.8,8.6,1,0.0,0.0,1.0,1.0,0.0,0.0
4.35,408.0,511.8,19.7,22.3,81.3,960.4,0.5,3,1.0,0.0,0.0,0.0,1.0,0.0
1.13,444.2,348.1,3.6,2.4,111.1,80.7,17.8,3,0.0,1.0,0.0,1.0,0.0,0.0
3.17,362.1,183.7,0.0,0.0,53.1,63.3,4.6,2,0.0,1.0,0.0,0.0,1.0,0.0
1.27,137.3,237.8,9.4,3.5,89.6,238.0,39.5,3,0.0,1.0,0.0,1.0,0.0,0.0
11.09,436.2,92.2,2.3,0.2,76.8,89.8,44.8,3,0.0,1.0,0.0,0.0,0.0,1.0
2.83,81.7,447.5,7.1,24.0,64.3,138.4,39.4,2,1.0,0.0,0.0,1.0,0.0,0.0
1.84,143.3,400.3,3.4,18.2,88.9,140.3,62.9,1,0.0,0.0,1.0,1.0,0.0,0.0
2.88,204.2,709.1,0.8,3.9,75.2,198.5,47.5,1,0.0,1.0,0.0,1.0,0.0,0.0
1.95,327.7,5.0,3.4,4.3,60.7,96.6,46.0,2,0.0,1.0,0.0,1.0,0.0,0.0
0.8,126.3,285.6,1.8,15.3,52.7,358.2,2.2,1,0.0,1.0,0.0,1.0,0.0,0.0
2.07,127.2,266.4,6.0,16.8,70.5,205.0,47.1,1,0.0,1.0,0.0,1.0,0.0,0.0
1.94,89.6,212.9,6.5,14.9,45.2,166.4,7.5,3,0.0,1.0,0.0,1.0,0.0,0.0
16.27,242.2,473.3,21.3,16.5,38.1,810.0,6.6,3,1.0,0.0,0.0,0.0,0.0,1.0
1.39,205.1,512.8,7.1,6.2,59.6,207.9,23.9,3,1.0,0.0,0.0,1.0,0.0,0.0
2.16,349.0,357.9,13.7,9.7,22.1,590.9,7.6,3,1.0,0.0,0.0,1.0,0.0,0.0
1.61,174.0,400.3,6.5,14.7,45.6,375.3,4.5,2,1.0,0.0,0.0,1.0,0.0,0.0
6.14,112.9,183.6,3.6,5.2,47.4,465.8,3.4,3,0.0,1.0,0.0,0.0,1.0,0.0
4.14,160.7,203.2,7.8,16.1,26.9,741.9,5.9,3,1.0,0.0,0.0,1.0,0.0,0.0
2.89,238.7,692.4,37.5,19.8,46.2,895.3,13.6,2,1.0,0.0,0.0,1.0,0.0,0.0
1.07,200.5,465.0,23.4,27.2,42.8,819.0,4.9,2,1.0,0.0,0.0,1.0,0.0,0.0
3.21,308.6,465.1,19.5,8.4,17.0,235.4,4.1,3,1.0,0.0,0.0,1.0,0.0,0.0
2.33,358.4,5.0,0.9,0.0,11.8,50.0,11.21,2,0.0,0.0,1.0,0.0,1.0,0.0
13.31,240.8,632.5,44.9,23.5,42.6,980.5,6.3,3,1.0,0.0,0.0,0.0,0.0,1.0
2.62,270.9,402.1,15.1,15.4,16.7,457.3,6.4,3,0.0,1.0,0.0,1.0,0.0,0.0
10.19,129.2,368.8,7.4,27.7,33.7,351.9,7.2,2,1.0,0.0,0.0,0.0,0.0,1.0
5.12,263.2,217.1,3.0,22.8,16.3,750.9,9.6,2,1.0,0.0,0.0,0.0,1.0,0.0
5.12,170.5,589.0,4.4,18.1,83.2,342.8,47.9,2,0.0,0.0,1.0,0.0,1.0,0.0
1.16,180.4,225.7,9.0,4.6,19.3,559.2,13.6,2,0.0,1.0,0.0,1.0,0.0,0.0
5.3,217.2,280.1,9.6,11.6,50.4,599.1,5.5,3,0.0,1.0,0.0,0.0,1.0,0.0
1.59,190.9,353.0,3.3,7.5,35.7,490.4,4.3,2,0.0,1.0,0.0,1.0,0.0,0.0
2.68,154.7,328.3,8.1,4.6,20.4,345.1,3.6,2,0.0,1.0,0.0,1.0,0.0,0.0
1.04,225.7,120.5,2.6,3.0,62.5,28.2,32.8,1,0.0,1.0,0.0,1.0,0.0,0.0
2.65,138.9,303.1,11.7,6.2,35.8,627.3,5.1,1,0.0,1.0,0.0,1.0,0.0,0.0
9.27,160.9,256.7,14.4,12.1,45.6,529.8,4.0,2,1.0,0.0,0.0,0.0,1.0,0.0
1.26,408.6,369.2,0.0,3.9,42.2,44.1,30.5,1,0.0,1.0,0.0,1.0,0.0,0.0
6.84,148.3,326.6,3.6,10.9,78.6,264.9,45.5,2,0.0,1.0,0.0,0.0,1.0,0.0
1.68,298.4,317.2,14.0,13.9,5.8,627.1,5.51,2,1.0,0.0,0.0,1.0,0.0,0.0
6.33,269.3,543.5,22.7,23.6,31.4,440.1,8.0,2,0.0,1.0,0.0,0.0,1.0,0.0
6.99,296.2,356.8,11.2,11.9,80.1,668.2,8.0,3,0.0,1.0,0.0,0.0,1.0,0.0
1.75,159.1,316.9,0.4,12.0,62.3,137.7,57.5,1,0.0,1.0,0.0,1.0,0.0,0.0
2.01,162.2,456.7,37.6,28.5,31.9,736.1,6.4,1,1.0,0.0,0.0,1.0,0.0,0.0
2.77,122.0,137.5,3.9,16.6,34.1,360.8,3.2,2,1.0,0.0,0.0,1.0,0.0,0.0
2.58,168.7,448.5,5.5,14.4,55.2,251.4,36.9,2,1.0,0.0,0.0,1.0,0.0,0.0
1.27,319.3,251.7,1.6,4.8,45.0,94.5,9.3,1,0.0,1.0,0.0,1.0,0.0,0.0
11.76,50.0,534.8,4.2,19.5,50.5,371.8,0.0,2,0.0,1.0,0.0,0.0,0.0,1.0
3.44,245.9,389.9,25.4,9.8,48.1,1195.0,9.0,2,1.0,0.0,0.0,1.0,0.0,0.0
3.74,178.6,407.5,8.2,10.1,41.0,577.2,6.2,2,0.0,1.0,0.0,0.0,1.0,0.0
2.08,236.5,635.5,22.4,24.6,73.3,1063.4,11.3,2,0.0,0.0,1.0,1.0,0.0,0.0
16.56,129.7,248.3,5.3,19.3,49.8,449.2,2.7,3,0.0,1.0,0.0,0.0,0.0,1.0
2.31,145.3,282.8,16.4,12.0,27.6,611.6,4.5,2,1.0,0.0,0.0,1.0,0.0,0.0
2.12,389.1,538.0,12.3,20.2,58.3,967.3,3.5,3,1.0,0.0,0.0,1.0,0.0,0.0
2.83,162.4,286.5,8.7,17.5,32.4,713.5,3.6,2,0.0,1.0,0.0,1.0,0.0,0.0
1.69,284.8,80.2,5.6,0.0,68.2,0.0,33.6,2,0.0,1.0,0.0,1.0,0.0,0.0
0.97,424.7,294.0,2.7,2.4,69.3,49.8,28.3,2,0.0,1.0,0.0,1.0,0.0,0.0
2.28,421.2,211.1,0.0,4.9,37.7,33.1,35.815,1,0.0,1.0,0.0,1.0,0.0,0.0
1.33,119.1,215.9,6.4,11.4,45.0,430.2,2.4,1,0.0,1.0,0.0,1.0,0.0,0.0
8.18,314.3,342.5,5.4,15.1,35.2,108.7,2.6,3,0.0,1.0,0.0,0.0,1.0,0.0
1.27,265.0,683.3,10.4,18.6,54.8,997.2,11.9,2,0.0,1.0,0.0,1.0,0.0,0.0
11.89,140.1,339.5,11.4,11.9,33.2,742.6,4.7,2,0.0,1.0,0.0,0.0,0.0,1.0
7.05,259.4,482.0,22.3,21.8,41.7,1240.2,9.8,2,1.0,0.0,0.0,0.0,1.0,0.0
20.87,371.4,268.4,5.3,6.8,12.0,367.4,2.4,2,1.0,0.0,0.0,0.0,0.0,1.0
17.41,199.7,532.2,28.8,37.3,54.3,819.3,4.0,2,1.0,0.0,0.0,0.0,0.0,1.0
0.79,258.0,287.4,6.8,2.3,35.5,80.1,33.725,1,0.0,1.0,0.0,1.0,0.0,0.0
2.23,93.1,144.0,7.1,4.6,58.0,701.2,1.7,2,0.0,1.0,0.0,1.0,0.0,0.0
3.04,147.0,371.7,7.6,10.4,28.1,613.2,2.0,2,0.0,0.0,1.0,1.0,0.0,0.0
15.72,170.6,357.4,14.1,13.2,39.3,548.2,7.2,2,0.0,1.0,0.0,0.0,0.0,1.0
0.87,532.9,267.6,3.5,1.1,74.6,0.0,47.6,2,0.0,0.0,1.0,1.0,0.0,0.0
4.57,158.9,193.9,14.2,10.4,45.8,462.9,4.3,2,0.0,1.0,0.0,0.0,1.0,0.0
6.35,72.8,376.5,1.4,16.6,60.7,357.4,5.2,2,1.0,0.0,0.0,0.0,1.0,0.0
3.31,233.2,448.7,33.2,13.8,54.6,972.8,10.7,3,1.0,0.0,0.0,1.0,0.0,0.0
16.06,177.5,248.7,7.3,15.8,23.4,657.0,3.9,3,1.0,0.0,0.0,0.0,0.0,1.0
3.35,147.9,361.7,4.8,16.9,81.2,226.5,50.1,3,0.0,0.0,1.0,0.0,1.0,0.0
1.14,321.4,32.4,3.5,8.5,19.8,486.0,14.0,2,0.0,1.0,0.0,1.0,0.0,0.0
1.7,597.2,251.2,0.2,3.6,56.4,52.2,23.7,2,0.0,0.0,1.0,1.0,0.0,0.0
2.39,137.9,323.4,0.0,21.8,72.2,244.0,52.7,3,0.0,0.0,1.0,1.0,0.0,0.0
3.24,308.7,141.1,3.4,4.9,25.5,879.3,5.2,2,0.0,1.0,0.0,1.0,0.0,0.0
2.01,283.4,257.2,11.5,0.0,18.1,143.4,3.8,2,0.0,1.0,0.0,1.0,0.0,0.0
1.84,197.7,475.0,25.7,15.0,46.1,820.3,8.3,2,1.0,0.0,0.0,1.0,0.0,0.0
2.66,80.1,228.6,3.4,12.8,52.0,262.0,5.9,3,0.0,1.0,0.0,1.0,0.0,0.0
1.57,328.4,223.6,2.8,2.8,54.1,57.5,51.395,1,0.0,1.0,0.0,1.0,0.0,0.0
4.3,393.5,432.6,16.0,17.0,70.1,735.4,4.2,3,0.0,1.0,0.0,0.0,1.0,0.0
1.95,197.0,680.6,27.5,13.5,43.5,995.6,10.8,3,1.0,0.0,0.0,1.0,0.0,0.0
1.21,270.0,593.8,23.5,31.6,53.3,909.3,9.5,2,1.0,0.0,0.0,1.0,0.0,0.0
3.05,102.3,480.7,2.3,26.3,42.7,167.1,40.565,2,0.0,1.0,0.0,1.0,0.0,0.0
5.06,168.7,601.8,24.6,8.6,40.3,1032.2,6.5,1,1.0,0.0,0.0,0.0,1.0,0.0
2.14,555.0,106.2,1.5,0.0,64.4,67.4,26.9,1,0.0,0.0,1.0,1.0,0.0,0.0
6.68,350.6,289.7,18.5,2.8,18.9,761.5,5.0,1,0.0,1.0,0.0,0.0,1.0,0.0
1.6,236.1,493.9,16.0,26.0,25.5,603.3,7.4,1,0.0,1.0,0.0,1.0,0.0,0.0
1.55,152.7,263.2,8.1,20.6,34.1,287.6,7.5,2,0.0,1.0,0.0,1.0,0.0,0.0
0.68,491.8,5.0,0.5,2.4,52.6,49.8,25.5,3,0.0,1.0,0.0,1.0,0.0,0.0
1.51,413.4,705.4,12.0,13.5,23.7,828.4,1.0,3,1.0,0.0,0.0,1.0,0.0,0.0
1.33,320.0,231.8,1.5,0.2,90.3,33.1,42.6,1,0.0,0.0,1.0,1.0,0.0,0.0
2.85,210.6,360.0,16.0,14.0,51.2,666.0,5.3,3,1.0,0.0,0.0,1.0,0.0,0.0
1.49,230.2,482.8,30.6,32.4,38.8,825.1,8.8,3,1.0,0.0,0.0,1.0,0.0,0.0
6.1,50.0,359.5,0.2,0.4,74.1,175.9,40.0,2,0.0,1.0,0.0,0.0,1.0,0.0
5.75,128.1,176.2,9.9,12.8,39.1,623.2,6.9,2,0.0,1.0,0.0,0.0,1.0,0.0
22.0,181.8,568.7,27.4,21.6,41.8,1144.4,8.9,2,0.0,1.0,0.0,0.0,0.0,1.0
2.69,86.9,366.3,7.1,20.0,28.5,105.7,27.075,3,0.0,1.0,0.0,1.0,0.0,0.0
1.78,389.8,595.2,9.5,12.6,92.1,562.9,11.4,3,0.0,1.0,0.0,1.0,0.0,0.0
1.52,242.6,631.1,2.0,16.7,42.2,211.2,40.09,3,1.0,0.0,0.0,1.0,0.0,0.0
5.19,294.3,333.9,5.2,9.4,9.0,588.8,8.549999999999999,2,0.0,0.0,1.0,0.0,1.0,0.0
6.28,161.5,397.3,18.1,16.1,55.5,662.7,7.3,3,0.0,1.0,0.0,0.0,1.0,0.0
1.76,215.5,473.1,34.8,39.6,40.3,813.2,11.7,2,1.0,0.0,0.0,1.0,0.0,0.0
1.24,269.1,428.9,13.0,17.8,41.2,703.5,10.0,2,0.0,0.0,1.0,1.0,0.0,0.0
7.33,264.6,551.0,21.5,38.0,66.8,827.5,7.6,2,0.0,1.0,0.0,0.0,1.0,0.0
2.02,127.1,229.4,5.6,8.0,47.9,2.4,0.8,3,0.0,0.0,1.0,1.0,0.0,0.0
7.39,125.4,627.8,22.0,16.3,57.6,741.9,9.3,3,1.0,0.0,0.0,0.0,1.0,0.0
3.56,362.0,401.1,0.6,0.5,50.2,0.0,25.6,3,0.0,0.0,1.0,0.0,1.0,0.0
7.96,362.6,738.1,26.9,21.8,74.0,640.3,7.7,2,0.0,1.0,0.0,0.0,1.0,0.0
2.15,243.7,315.3,0.0,9.7,24.0,246.8,8.2,2,0.0,0.0,1.0,1.0,0.0,0.0
0.99,285.8,194.6,10.5,21.8,0.5,363.9,0.475,2,1.0,0.0,0.0,1.0,0.0,0.0
10.81,156.4,287.6,10.4,17.2,23.5,761.3,2.7,3,1.0,0.0,0.0,0.0,0.0,1.0
6.8,166.6,413.6,19.5,7.4,16.8,626.6,3.0,3,1.0,0.0,0.0,0.0,1.0,0.0
18.47,106.2,562.9,3.8,16.2,57.3,225.6,47.7,2,0.0,1.0,0.0,0.0,0.0,1.0
3.93,294.0,414.1,20.9,7.2,72.6,506.8,5.1,3,1.0,0.0,0.0,1.0,0.0,0.0
1.49,309.9,466.2,17.8,9.6,62.4,871.8,3.4,2,1.0,0.0,0.0,1.0,0.0,0.0
5.68,306.8,252.3,6.6,5.9,25.9,548.0,9.0,3,0.0,1.0,0.0,0.0,1.0,0.0
2.72,258.0,617.6,21.4,26.7,60.5,610.2,15.2,3,0.0,0.0,1.0,1.0,0.0,0.0
1.7,363.0,530.2,27.5,16.6,69.8,461.5,0.1,2,1.0,0.0,0.0,1.0,0.0,0.0
1.54,331.5,123.4,2.1,0.0,75.1,55.4,42.9,2,0.0,1.0,0.0,1.0,0.0,0.0
6.26,198.9,477.6,28.8,27.9,57.8,954.0,3.0,3,1.0,0.0,0.0,0.0,1.0,0.0
1.12,517.8,5.0,0.0,0.0,27.3,12.2,25.935,1,0.0,0.0,1.0,1.0,0.0,0.0
3.98,548.2,17.1,0.7,0.0,45.6,64.2,0.0,3,0.0,1.0,0.0,0.0,1.0,0.0
1.27,379.7,168.9,12.1,9.4,23.3,819.6,9.0,1,0.0,1.0,0.0,1.0,0.0,0.0
0.91,504.0,309.6,1.5,4.1,30.2,97.5,28.69,1,0.0,1.0,0.0,1.0,0.0,0.0
2.43,92.2,361.2,3.7,8.7,87.8,314.1,50.3,2,0.0,0.0,1.0,1.0,0.0,0.0
6.97,240.5,478.0,31.9,21.1,39.6,732.8,9.2,3,1.0,0.0,0.0,0.0,1.0,0.0
2.25,130.1,148.4,7.0,24.0,16.5,222.3,3.1,3,0.0,0.0,1.0,1.0,0.0,0.0
9.77,406.2,523.1,24.3,13.4,26.8,625.2,4.3,3,0.0,1.0,0.0,0.0,1.0,0.0
3.31,194.5,647.1,20.3,22.4,49.9,935.0,10.6,1,0.0,0.0,1.0,1.0,0.0,0.0
3.18,136.6,698.1,30.3,34.4,47.8,1041.7,12.1,2,0.0,1.0,0.0,1.0,0.0,0.0
3.5,390.6,255.2,14.5,11.2,24.5,314.4,4.8,2,1.0,0.0,0.0,1.0,0.0,0.0
6.47,70.4,348.0,4.4,21.2,70.5,285.2,58.4,1,0.0,1.0,0.0,0.0,1.0,0.0
4.72,405.0,500.0,14.6,10.4,82.2,350.1,7.8,3,0.0,1.0,0.0,0.0,1.0,0.0
3.6,232.3,513.1,16.1,7.4,37.1,717.6,5.9,2,1.0,0.0,0.0,1.0,0.0,0.0
3.73,144.4,472.8,26.9,23.7,49.9,1318.4,8.2,2,1.0,0.0,0.0,0.0,1.0,0.0
1.09,198.8,316.2,14.0,17.9,49.6,918.3,5.4,2,0.0,1.0,0.0,1.0,0.0,0.0
3.11,196.5,603.1,28.3,23.0,66.0,763.3,13.4,3,0.0,1.0,0.0,1.0,0.0,0.0
1.79,409.9,399.6,29.4,19.4,33.9,582.4,7.9,2,0.0,1.0,0.0,1.0,0.0,0.0
7.2,275.3,406.4,15.7,10.6,29.1,405.6,7.8,3,1.0,0.0,0.0,0.0,1.0,0.0
1.0,271.1,79.0,16.1,19.1,17.2,430.4,5.2,2,0.0,1.0,0.0,1.0,0.0,0.0
1.2,150.8,326.3,4.9,12.4,39.9,223.5,37.905,1,0.0,1.0,0.0,1.0,0.0,0.0
15.86,391.5,576.6,22.0,24.4,78.0,803.2,6.7,2,1.0,0.0,0.0,0.0,0.0,1.0
1.46,248.4,524.1,41.2,28.3,81.1,813.5,1.1,2,1.0,0.0,0.0,1.0,0.0,0.0
1.78,235.1,596.0,22.3,28.9,60.9,1054.1,8.0,3,1.0,0.0,0.0,1.0,0.0,0.0
4.78,612.3,248.3,3.9,1.2,46.3,47.1,43.98499999999999,2,0.0,1.0,0.0,0.0,1.0,0.0
1.72,268.6,324.5,22.8,27.8,66.4,727.0,6.6,2,0.0,1.0,0.0,1.0,0.0,0.0
4.05,168.6,221.1,5.5,19.6,42.0,624.7,7.7,3,0.0,1.0,0.0,1.0,0.0,0.0
2.07,252.0,692.2,28.1,19.5,40.8,804.3,14.1,3,1.0,0.0,0.0,1.0,0.0,0.0
9.66,389.4,498.8,15.4,15.5,71.8,998.2,7.1,3,0.0,1.0,0.0,0.0,1.0,0.0
15.77,177.2,481.8,24.4,22.9,46.2,809.2,8.3,2,0.0,1.0,0.0,0.0,0.0,1.0
2.59,272.4,581.7,27.2,42.8,42.2,520.9,10.6,3,1.0,0.0,0.0,1.0,0.0,0.0
1.27,94.4,319.5,2.4,22.1,22.5,394.4,5.2,1,0.0,1.0,0.0,1.0,0.0,0.0
2.87,146.9,249.8,9.8,6.2,44.0,734.4,4.4,3,0.0,1.0,0.0,1.0,0.0,0.0
21.46,215.1,455.2,27.7,30.6,35.2,869.6,11.4,3,0.0,1.0,0.0,0.0,0.0,1.0
3.73,197.3,566.0,17.1,31.0,32.5,947.1,12.6,2,1.0,0.0,0.0,1.0,0.0,0.0
6.15,98.9,162.0,7.8,17.5,51.5,306.0,0.0,3,0.0,1.0,0.0,0.0,1.0,0.0
1.18,70.7,297.8,4.8,16.3,51.6,411.7,0.4,3,0.0,1.0,0.0,1.0,0.0,0.0
1.43,212.7,207.8,11.4,9.2,27.7,737.6,8.7,2,1.0,0.0,0.0,1.0,0.0,0.0
1.07,569.2,87.5,0.9,4.0,63.5,95.9,50.8,2,0.0,0.0,1.0,1.0,0.0,0.0
2.98,431.6,165.2,1.1,2.5,56.2,53.0,47.1,3,0.0,1.0,0.0,0.0,1.0,0.0
2.25,344.0,408.7,25.4,12.8,75.5,812.6,2.2,2,1.0,0.0,0.0,1.0,0.0,0.0
6.24,262.9,684.8,37.0,17.0,49.5,814.6,11.1,3,1.0,0.0,0.0,0.0,1.0,0.0
3.12,151.9,302.7,11.6,16.7,45.6,576.3,10.7,3,0.0,1.0,0.0,1.0,0.0,0.0
2.49,195.7,450.7,15.3,19.6,55.3,1004.1,8.1,2,1.0,0.0,0.0,1.0,0.0,0.0
3.74,187.4,255.7,14.6,8.8,42.2,1030.7,3.6,2,0.0,1.0,0.0,0.0,1.0,0.0
8.63,189.9,320.5,25.6,31.5,59.8,805.2,11.7,1,0.0,0.0,1.0,0.0,1.0,0.0
7.64,394.4,386.6,13.7,19.0,80.4,522.2,9.4,2,1.0,0.0,0.0,0.0,1.0,0.0
8.62,159.0,606.1,3.7,15.4,66.1,200.5,56.0,1,0.0,1.0,0.0,0.0,0.0,1.0
2.72,181.8,299.7,3.4,2.6,43.2,376.5,0.4,3,0.0,1.0,0.0,1.0,0.0,0.0
3.73,54.3,349.7,6.5,9.3,30.1,421.7,3.0,3,1.0,0.0,0.0,0.0,1.0,0.0
2.15,182.1,347.6,14.3,14.5,38.5,877.7,3.6,3,1.0,0.0,0.0,1.0,0.0,0.0
2.99,231.1,659.3,4.7,28.6,29.1,1112.7,6.6,3,1.0,0.0,0.0,1.0,0.0,0.0
1.36,162.5,578.6,24.5,20.2,58.1,974.5,9.3,2,0.0,1.0,0.0,1.0,0.0,0.0
2.7,181.1,418.5,7.8,17.5,77.6,262.6,44.3,3,0.0,1.0,0.0,1.0,0.0,0.0
1.67,260.3,631.8,19.8,39.7,48.1,935.7,4.5,3,1.0,0.0,0.0,1.0,0.0,0.0
3.78,235.8,530.2,4.4,23.8,61.2,865.3,10.4,3,1.0,0.0,0.0,1.0,0.0,0.0
3.11,283.2,19.7,5.7,3.9,25.0,44.9,22.1,3,0.0,0.0,1.0,0.0,1.0,0.0
1.98,88.2,221.9,7.7,25.7,59.4,403.1,4.6,2,0.0,1.0,0.0,1.0,0.0,0.0
2.67,379.4,266.7,24.1,10.3,53.7,1152.6,8.3,2,1.0,0.0,0.0,1.0,0.0,0.0
7.67,252.7,392.4,6.6,0.8,27.9,477.4,10.7,3,0.0,0.0,1.0,0.0,1.0,0.0
7.12,234.5,561.5,28.8,16.3,41.5,1003.6,8.1,3,1.0,0.0,0.0,0.0,1.0,0.0
1.56,267.2,166.1,3.9,6.0,41.4,33.8,0.0,2,0.0,1.0,0.0,1.0,0.0,0.0
2.65,96.5,451.3,6.0,8.8,26.2,412.5,1.1,2,0.0,1.0,0.0,1.0,0.0,0.0
2.64,131.0,387.4,9.6,34.9,53.0,739.8,9.7,2,0.0,1.0,0.0,1.0,0.0,0.0
2.79,76.9,233.5,2.7,8.1,26.4,639.4,6.0,3,0.0,1.0,0.0,1.0,0.0,0.0
1.74,56.0,64.5,2.8,17.5,40.3,516.8,0.5,1,0.0,1.0,0.0,1.0,0.0,0.0
6.0,257.4,73.6,11.5,18.5,8.3,444.2,6.2,3,0.0,1.0,0.0,0.0,1.0,0.0
1.57,404.0,193.3,2.5,2.6,33.1,27.9,31.445,1,0.0,1.0,0.0,1.0,0.0,0.0
1.24,140.0,273.2,10.1,7.1,30.0,883.6,4.2,2,0.0,1.0,0.0,1.0,0.0,0.0
2.31,222.4,431.2,29.5,37.9,45.7,691.5,5.0,3,0.0,1.0,0.0,1.0,0.0,0.0
2.04,428.5,157.6,2.4,3.0,51.4,48.7,18.8,1,0.0,1.0,0.0,1.0,0.0,0.0
4.43,147.3,164.8,10.0,14.4,64.1,67.8,3.9,2,0.0,1.0,0.0,0.0,0.0,1.0
6.61,135.7,351.6,3.8,7.6,35.9,531.6,2.4,3,0.0,1.0,0.0,0.0,1.0,0.0
0.92,130.7,484.9,4.8,14.5,41.4,0.0,3.3,2,0.0,1.0,0.0,1.0,0.0,0.0
2.02,322.3,147.6,3.6,2.6,77.1,10.6,35.6,2,0.0,1.0,0.0,1.0,0.0,0.0
1.29,136.2,511.6,33.1,20.1,54.2,985.4,4.9,3,1.0,0.0,0.0,1.0,0.0,0.0
1.42,131.0,388.9,12.5,14.3,47.6,583.7,4.1,3,1.0,0.0,0.0,1.0,0.0,0.0
1.79,93.7,585.5,8.9,16.3,41.0,196.9,38.95,2,1.0,0.0,0.0,1.0,0.0,0.0
3.87,556.4,405.3,0.0,2.7,45.2,66.2,42.94,3,0.0,1.0,0.0,0.0,1.0,0.0
2.89,239.6,215.0,8.2,9.6,36.4,546.3,1.9,1,0.0,1.0,0.0,1.0,0.0,0.0
3.68,389.6,249.9,1.6,3.6,37.6,73.1,35.72,2,0.0,1.0,0.0,0.0,1.0,0.0
3.59,187.4,309.6,27.6,26.8,53.6,883.7,6.3,3,0.0,1.0,0.0,1.0,0.0,0.0
2.07,202.9,575.1,29.0,24.3,40.1,804.6,7.0,2,0.0,0.0,1.0,1.0,0.0,0.0
1.2,245.2,140.7,17.0,27.3,19.6,423.7,1.0,3,0.0,1.0,0.0,1.0,0.0,0.0
1.13,155.2,317.0,12.1,13.8,32.0,391.1,4.6,2,1.0,0.0,0.0,1.0,0.0,0.0
1.91,600.2,49.4,0.6,2.3,31.9,60.7,30.305,2,0.0,1.0,0.0,1.0,0.0,0.0
5.54,375.9,322.6,8.7,9.4,25.6,697.1,9.1,3,0.0,0.0,1.0,0.0,1.0,0.0
1.53,377.2,57.2,0.0,3.0,83.3,56.6,40.9,3,0.0,1.0,0.0,1.0,0.0,0.0
3.46,169.9,319.3,0.0,4.5,45.6,320.8,4.2,2,0.0,0.0,1.0,0.0,1.0,0.0
3.0,211.6,707.0,27.5,28.7,40.7,709.7,7.1,1,1.0,0.0,0.0,1.0,0.0,0.0
1.68,215.0,436.0,29.1,32.9,47.0,716.3,13.7,2,0.0,1.0,0.0,1.0,0.0,0.0
1.71,187.0,567.3,22.8,11.2,56.1,651.0,4.5,3,0.0,1.0,0.0,1.0,0.0,0.0
1.59,295.2,309.0,16.0,20.1,33.4,718.4,8.4,3,1.0,0.0,0.0,1.0,0.0,0.0
5.7,135.9,418.1,7.2,19.7,45.4,189.1,34.2,2,1.0,0.0,0.0,0.0,1.0,0.0
3.97,176.6,368.5,12.8,7.6,37.0,522.7,5.1,2,0.0,1.0,0.0,1.0,0.0,0.0
3.75,326.2,67.8,0.4,8.7,66.3,34.6,39.0,2,0.0,0.0,1.0,0.0,1.0,0.0
2.81,463.3,622.6,17.2,20.1,61.8,796.6,9.6,2,1.0,0.0,0.0,1.0,0.0,0.0
13.44,144.1,438.1,1.6,11.0,38.1,357.0,4.9,2,0.0,1.0,0.0,0.0,0.0,1.0
3.25,254.0,498.4,30.4,33.2,48.2,1000.5,12.9,2,1.0,0.0,0.0,1.0,0.0,0.0
7.89,291.4,634.0,26.1,27.9,37.5,1159.7,9.5,2,1.0,0.0,0.0,0.0,1.0,0.0
5.17,456.1,5.0,2.0,0.0,78.8,37.5,33.1,2,0.0,1.0,0.0,0.0,1.0,0.0
3.47,323.3,133.8,6.5,16.0,11.3,288.0,8.0,3,1.0,0.0,0.0,1.0,0.0,0.0
1.0,551.5,175.4,0.0,0.0,62.2,82.2,19.0,2,0.0,1.0,0.0,1.0,0.0,0.0
0.97,324.6,339.1,4.6,19.2,8.2,299.5,6.3,2,0.0,1.0,0.0,1.0,0.0,0.0
2.23,134.0,254.4,7.0,11.4,23.3,163.9,1.6,3,0.0,1.0,0.0,1.0,0.0,0.0
14.18,95.6,445.2,2.2,16.7,73.7,320.8,40.2,3,1.0,0.0,0.0,0.0,0.0,1.0
2.74,414.9,275.0,5.7,0.0,63.0,21.6,47.2,2,0.0,0.0,1.0,0.0,1.0,0.0
1.77,424.1,261.7,4.3,4.7,50.1,94.3,47.595,3,0.0,1.0,0.0,1.0,0.0,0.0
0.8,152.6,274.1,12.3,12.3,27.5,543.3,4.4,3,1.0,0.0,0.0,1.0,0.0,0.0
1.42,244.1,473.9,23.6,17.8,62.7,366.7,11.0,3,0.0,0.0,1.0,1.0,0.0,0.0
7.77,182.0,463.3,5.7,10.2,82.8,286.4,45.6,3,1.0,0.0,0.0,0.0,0.0,1.0
2.35,204.4,434.5,26.9,18.2,39.2,1077.5,10.3,1,1.0,0.0,0.0,1.0,0.0,0.0
1.7,315.2,592.5,9.0,8.5,62.2,1002.8,6.2,2,0.0,1.0,0.0,1.0,0.0,0.0
4.66,133.6,648.5,27.5,31.2,49.3,854.7,2.0,2,1.0,0.0,0.0,0.0,1.0,0.0
3.14,139.4,538.7,18.2,25.8,39.2,777.7,6.8,2,1.0,0.0,0.0,1.0,0.0,0.0
1.49,50.0,225.4,3.0,15.5,51.6,496.4,3.5,2,1.0,0.0,0.0,1.0,0.0,0.0
9.33,172.8,316.8,13.6,11.8,30.8,856.5,4.6,3,1.0,0.0,0.0,0.0,1.0,0.0
2.63,159.2,344.0,0.6,11.1,25.0,357.2,2.3,2,1.0,0.0,0.0,1.0,0.0,0.0
2.17,92.2,352.6,2.9,9.8,25.3,257.7,24.035,3,0.0,1.0,0.0,1.0,0.0,0.0
2.86,305.2,436.6,19.4,15.4,70.9,747.9,4.8,3,0.0,1.0,0.0,1.0,0.0,0.0
3.53,234.8,250.7,9.7,7.6,37.8,325.6,5.7,2,1.0,0.0,0.0,1.0,0.0,0.0
14.59,61.6,413.4,3.6,18.5,75.8,216.9,55.4,3,0.0,1.0,0.0,0.0,0.0,1.0
7.68,170.9,362.9,7.1,9.7,30.8,137.4,14.9,2,1.0,0.0,0.0,0.0,1.0,0.0
3.76,238.9,671.7,32.4,30.3,64.4,746.2,9.8,2,1.0,0.0,0.0,1.0,0.0,0.0
5.33,146.4,431.8,4.3,15.5,45.4,415.9,43.13,2,1.0,0.0,0.0,0.0,1.0,0.0
2.18,320.6,239.6,10.5,12.5,22.0,238.9,8.2,2,0.0,0.0,1.0,1.0,0.0,0.0
1.91,184.2,520.9,33.8,18.2,44.0,711.5,11.8,3,1.0,0.0,0.0,1.0,0.0,0.0
2.79,176.5,561.3,5.6,21.5,44.6,159.7,42.37,2,0.0,1.0,0.0,1.0,0.0,0.0
4.05,128.2,352.0,15.9,8.4,41.2,539.7,3.4,1,1.0,0.0,0.0,1.0,0.0,0.0
5.46,219.6,300.3,0.3,6.7,0.0,0.0,0.0,2,0.0,0.0,1.0,0.0,1.0,0.0
1.08,89.4,448.3,0.0,14.0,32.3,466.4,2.7,3,0.0,1.0,0.0,1.0,0.0,0.0
1.51,165.1,497.4,0.5,20.3,72.6,211.9,39.9,1,0.0,1.0,0.0,1.0,0.0,0.0
1.55,137.0,381.6,0.9,23.3,31.1,447.2,1.9,3,0.0,0.0,1.0,1.0,0.0,0.0
3.0,168.0,297.7,13.8,12.7,42.4,799.5,3.6,2,0.0,1.0,0.0,1.0,0.0,0.0
3.96,288.5,549.2,15.5,18.9,96.0,998.9,7.8,3,0.0,0.0,1.0,1.0,0.0,0.0
0.86,118.5,236.2,0.8,26.4,21.5,621.0,3.1,2,1.0,0.0,0.0,1.0,0.0,0.0
0.67,623.6,158.4,1.2,6.0,70.4,76.8,48.6,1,0.0,1.0,0.0,1.0,0.0,0.0
1.42,194.1,286.1,3.5,22.1,78.4,166.8,52.9,3,1.0,0.0,0.0,1.0,0.0,0.0
1.52,240.9,212.3,0.3,4.4,74.1,38.3,40.8,3,0.0,1.0,0.0,1.0,0.0,0.0
1.07,602.3,292.5,1.4,0.4,8.0,26.9,7.6,2,0.0,1.0,0.0,1.0,0.0,0.0
2.89,154.2,604.4,12.4,12.8,50.5,800.6,10.5,3,0.0,1.0,0.0,1.0,0.0,0.0
3.39,300.6,451.6,13.8,14.5,99.4,722.5,4.1,2,1.0,0.0,0.0,1.0,0.0,0.0
8.16,208.6,460.6,17.8,15.1,45.3,942.4,8.7,3,0.0,0.0,1.0,0.0,1.0,0.0
3.44,170.7,334.6,12.3,9.8,32.9,370.5,6.5,2,1.0,0.0,0.0,1.0,0.0,0.0
3.49,94.1,470.7,3.2,22.2,63.3,67.8,15.9,2,0.0,1.0,0.0,0.0,1.0,0.0
3.04,218.1,478.4,29.4,36.7,37.8,797.8,10.1,3,1.0,0.0,0.0,1.0,0.0,0.0
4.63,214.1,366.8,22.3,14.7,75.3,991.1,9.6,2,0.0,0.0,1.0,0.0,1.0,0.0
1.24,268.3,637.6,23.7,33.3,32.0,1018.3,4.6,2,1.0,0.0,0.0,1.0,0.0,0.0
7.27,165.2,398.9,18.7,33.3,45.4,589.4,5.4,2,1.0,0.0,0.0,0.0,1.0,0.0
1.73,411.7,265.3,2.2,0.0,48.0,25.7,38.9,2,0.0,1.0,0.0,1.0,0.0,0.0
10.74,155.4,380.9,11.1,9.3,41.4,699.7,5.6,1,1.0,0.0,0.0,0.0,0.0,1.0
2.51,311.5,426.7,15.0,26.3,12.8,520.8,10.4,2,0.0,1.0,0.0,1.0,0.0,0.0
1.82,325.1,7.7,0.0,3.7,65.3,37.0,24.2,1,0.0,1.0,0.0,1.0,0.0,0.0
4.69,420.6,135.4,1.1,0.2,73.2,0.0,21.1,3,0.0,1.0,0.0,0.0,0.0,1.0
2.8,268.5,165.3,0.9,1.8,54.7,68.0,24.2,2,0.0,0.0,1.0,0.0,1.0,0.0
1.39,322.8,131.3,3.8,0.0,27.8,66.2,26.41,2,0.0,0.0,1.0,1.0,0.0,0.0
7.91,152.6,385.3,16.4,5.1,31.9,643.1,8.0,3,1.0,0.0,0.0,0.0,1.0,0.0
1.42,471.2,283.5,0.0,0.7,67.6,0.0,15.2,3,0.0,0.0,1.0,1.0,0.0,0.0
2.18,209.4,286.3,16.4,22.0,27.7,264.3,10.6,1,0.0,1.0,0.0,1.0,0.0,0.0
4.1,122.4,355.0,6.0,14.2,34.4,418.5,5.4,3,0.0,1.0,0.0,0.0,1.0,0.0
2.12,237.2,115.6,8.9,23.6,28.9,545.3,1.7,1,0.0,1.0,0.0,1.0,0.0,0.0
3.24,166.6,411.5,0.0,14.8,47.0,512.7,1.6,3,1.0,0.0,0.0,0.0,1.0,0.0
0.68,398.4,339.0,2.2,1.0,27.8,80.4,23.3,2,0.0,1.0,0.0,1.0,0.0,0.0
0.79,461.5,121.5,2.7,0.0,28.1,44.2,16.6,3,0.0,1.0,0.0,1.0,0.0,0.0
3.76,305.5,207.3,1.5,0.0,8.0,56.6,7.6,2,0.0,1.0,0.0,0.0,1.0,0.0
2.04,556.0,105.6,0.0,0.0,50.6,72.9,48.07,3,0.0,0.0,1.0,1.0,0.0,0.0
0.82,50.0,353.8,5.4,17.7,34.5,240.0,2.5,3,0.0,1.0,0.0,1.0,0.0,0.0
0.84,135.4,396.1,5.0,12.0,53.2,189.1,38.6,3,0.0,1.0,0.0,1.0,0.0,0.0
3.82,323.1,333.7,30.7,27.9,44.3,856.1,8.4,3,0.0,1.0,0.0,1.0,0.0,0.0
6.54,141.7,606.6,0.0,11.9,73.8,267.7,47.1,2,0.0,1.0,0.0,0.0,1.0,0.0
1.59,528.1,85.2,3.1,4.4,43.8,74.6,41.60999999999999,3,0.0,1.0,0.0,1.0,0.0,0.0
2.14,584.0,349.3,1.6,0.3,57.7,50.5,37.1,3,0.0,0.0,1.0,1.0,0.0,0.0
2.96,216.6,604.9,29.7,12.6,47.8,834.9,9.8,2,1.0,0.0,0.0,1.0,0.0,0.0
6.95,269.5,477.8,26.5,31.0,36.6,652.7,3.3,2,1.0,0.0,0.0,0.0,1.0,0.0
3.47,457.4,5.0,2.4,7.6,71.0,31.5,51.8,3,0.0,1.0,0.0,0.0,1.0,0.0
5.98,205.7,527.6,16.8,36.8,46.4,937.6,11.8,2,0.0,1.0,0.0,0.0,1.0,0.0
23.66,215.1,372.4,10.3,4.1,30.9,653.0,5.0,3,0.0,1.0,0.0,0.0,0.0,1.0
8.97,149.3,334.8,9.8,17.0,30.5,442.9,7.8,3,0.0,0.0,1.0,0.0,1.0,0.0
3.61,132.2,341.9,3.3,10.2,26.9,539.8,5.5,2,0.0,1.0,0.0,1.0,0.0,0.0
2.5,128.8,311.9,1.5,16.7,77.4,215.5,35.0,3,0.0,1.0,0.0,1.0,0.0,0.0
17.35,274.9,254.8,15.2,14.2,21.1,498.0,15.4,3,0.0,1.0,0.0,0.0,0.0,1.0
3.87,359.5,379.1,11.9,7.7,34.4,435.9,12.6,3,0.0,0.0,1.0,0.0,1.0,0.0
1.15,426.6,5.0,0.5,1.7,30.8,41.1,29.26,2,0.0,1.0,0.0,1.0,0.0,0.0
7.04,116.2,402.1,16.3,14.2,47.6,446.3,11.7,2,0.0,0.0,1.0,0.0,0.0,1.0
1.66,148.4,244.7,16.0,13.7,21.7,781.0,4.5,2,1.0,0.0,0.0,1.0,0.0,0.0
9.11,420.2,374.7,9.2,12.0,51.0,553.8,5.3,2,0.0,0.0,1.0,0.0,1.0,0.0
3.74,84.0,255.6,11.5,16.2,53.5,291.2,2.7,2,0.0,1.0,0.0,0.0,1.0,0.0
2.76,230.0,476.8,10.2,25.2,56.8,498.7,8.9,2,0.0,0.0,1.0,1.0,0.0,0.0
8.25,216.3,778.6,27.7,34.2,45.2,1067.5,10.2,3,1.0,0.0,0.0,0.0,1.0,0.0
0.86,519.1,111.2,0.0,7.4,42.8,60.7,40.66,1,0.0,1.0,0.0,1.0,0.0,0.0
1.77,150.3,223.0,13.7,17.2,35.1,264.4,3.7,2,0.0,1.0,0.0,1.0,0.0,0.0
6.34,143.4,435.0,11.7,15.0,16.3,182.5,15.485,3,0.0,1.0,0.0,0.0,1.0,0.0
5.29,326.6,286.3,1.7,2.1,92.8,0.0,28.1,2,0.0,0.0,1.0,0.0,1.0,0.0
2.75,195.2,633.7,35.2,22.4,45.3,733.2,6.4,1,1.0,0.0,0.0,1.0,0.0,0.0
4.29,427.5,366.6,0.7,0.6,33.9,90.5,32.205,2,0.0,1.0,0.0,0.0,1.0,0.0
6.29,225.7,424.6,21.2,28.8,51.8,989.5,3.1,2,1.0,0.0,0.0,0.0,1.0,0.0
1.09,315.9,168.5,0.0,0.0,71.1,81.5,22.7,3,0.0,1.0,0.0,1.0,0.0,0.0
4.47,250.2,200.6,25.7,6.3,12.0,535.9,3.8,3,1.0,0.0,0.0,0.0,1.0,0.0
2.34,491.9,330.1,1.9,1.6,29.2,57.4,27.74,2,0.0,1.0,0.0,1.0,0.0,0.0
2.43,346.9,5.0,2.8,4.4,57.4,98.6,52.4,2,0.0,1.0,0.0,0.0,1.0,0.0
4.22,407.5,578.6,25.1,18.1,44.4,792.3,6.8,2,1.0,0.0,0.0,1.0,0.0,0.0
1.14,542.7,378.9,3.2,0.0,22.9,13.3,21.755,2,0.0,1.0,0.0,1.0,0.0,0.0
4.17,196.6,165.0,16.3,9.1,42.7,705.3,2.6,3,1.0,0.0,0.0,1.0,0.0,0.0
0.76,310.9,273.6,1.3,0.0,54.0,12.8,17.3,2,0.0,1.0,0.0,1.0,0.0,0.0
1.7,449.5,222.0,0.0,6.2,55.3,86.9,34.5,2,0.0,1.0,0.0,1.0,0.0,0.0
2.74,205.2,691.1,8.3,34.1,52.5,759.1,18.1,2,1.0,0.0,0.0,1.0,0.0,0.0
1.56,384.9,270.7,1.4,8.4,37.9,58.9,17.2,1,0.0,1.0,0.0,1.0,0.0,0.0
4.22,451.6,194.9,1.0,3.1,33.7,31.9,32.015,1,0.0,1.0,0.0,0.0,1.0,0.0
3.92,251.0,477.0,35.5,38.7,34.1,793.5,11.0,3,1.0,0.0,0.0,1.0,0.0,0.0
7.78,247.5,616.4,34.6,25.8,62.0,1267.0,8.5,1,1.0,0.0,0.0,0.0,1.0,0.0
11.82,150.0,545.4,27.3,25.1,56.0,1053.3,8.7,3,1.0,0.0,0.0,0.0,0.0,1.0
2.06,194.5,582.4,27.0,24.5,37.6,950.8,4.8,2,1.0,0.0,0.0,1.0,0.0,0.0
5.64,198.1,619.6,20.0,5.6,61.8,660.2,13.1,2,1.0,0.0,0.0,0.0,1.0,0.0
5.5,425.2,86.1,4.6,0.0,0.0,16.5,0.0,2,0.0,1.0,0.0,0.0,1.0,0.0
0.93,86.6,260.4,1.7,16.9,36.6,598.6,1.6,2,1.0,0.0,0.0,1.0,0.0,0.0
1.28,185.8,222.3,5.2,16.7,33.4,477.3,3.4,2,0.0,0.0,1.0,1.0,0.0,0.0
1.51,157.5,461.8,4.1,9.9,68.9,366.1,36.8,2,0.0,1.0,0.0,1.0,0.0,0.0
1.18,157.5,284.4,4.3,17.0,32.6,585.9,3.1,3,0.0,0.0,1.0,1.0,0.0,0.0
5.25,502.3,253.0,4.9,1.9,48.4,27.8,3.7,2,0.0,1.0,0.0,0.0,1.0,0.0
2.19,166.3,242.5,5.7,11.1,48.1,451.3,2.4,2,0.0,1.0,0.0,1.0,0.0,0.0
1.88,101.5,366.9,3.1,22.5,89.7,278.9,63.4,2,0.0,0.0,1.0,1.0,0.0,0.0
3.83,311.2,569.5,28.1,11.9,81.8,849.8,10.4,3,1.0,0.0,0.0,1.0,0.0,0.0
4.34,57.9,301.8,3.0,22.0,36.0,524.1,2.7,2,0.0,1.0,0.0,0.0,1.0,0.0
2.27,492.0,5.0,1.2,0.5,52.0,67.5,39.5,3,0.0,1.0,0.0,1.0,0.0,0.0
19.06,266.8,691.0,7.6,18.0,68.8,566.5,11.8,3,0.0,1.0,0.0,0.0,0.0,1.0
5.11,95.2,424.8,2.5,20.8,70.1,116.3,49.7,2,1.0,0.0,0.0,0.0,1.0,0.0
1.47,306.6,178.8,9.9,17.4,13.9,448.7,7.6,1,0.0,1.0,0.0,1.0,0.0,0.0
1.66,264.6,417.5,16.0,5.7,1.5,571.4,1.4249999999999998,2,1.0,0.0,0.0,1.0,0.0,0.0
5.07,146.2,509.1,3.5,0.0,50.9,190.4,32.7,2,0.0,1.0,0.0,0.0,0.0,1.0
1.5,283.6,11.0,1.5,0.0,19.2,31.1,18.24,2,0.0,1.0,0.0,1.0,0.0,0.0
2.13,534.1,174.9,0.7,8.5,30.6,25.7,29.07,3,0.0,0.0,1.0,1.0,0.0,0.0
0.84,292.2,266.3,0.6,1.2,0.1,31.4,0.095,2,0.0,0.0,1.0,1.0,0.0,0.0
2.88,119.7,375.8,1.4,10.3,15.6,52.0,4.8,3,0.0,1.0,0.0,0.0,1.0,0.0
4.39,377.3,131.4,14.4,20.5,24.8,368.6,8.2,2,1.0,0.0,0.0,0.0,1.0,0.0
2.3,327.9,265.0,5.0,6.2,26.3,829.8,2.8,1,0.0,1.0,0.0,1.0,0.0,0.0
1.58,270.2,225.7,9.5,20.5,17.5,353.5,11.2,2,0.0,1.0,0.0,1.0,0.0,0.0
3.22,330.3,281.0,17.6,23.9,13.1,135.3,5.7,3,1.0,0.0,0.0,1.0,0.0,0.0
2.37,519.6,148.2,1.7,2.1,40.2,70.1,38.19,3,0.0,1.0,0.0,1.0,0.0,0.0
3.5,162.4,326.7,22.1,18.4,61.7,765.7,4.7,3,0.0,0.0,1.0,1.0,0.0,0.0
2.91,248.9,419.0,44.7,39.7,52.6,599.2,4.9,2,1.0,0.0,0.0,1.0,0.0,0.0
3.15,129.2,206.9,3.8,9.4,42.5,188.3,3.0,3,1.0,0.0,0.0,0.0,1.0,0.0
2.48,184.9,269.6,5.0,7.0,22.2,416.4,1.7,3,0.0,0.0,1.0,1.0,0.0,0.0
3.91,177.6,292.3,12.7,13.1,32.0,553.5,0.6,1,0.0,1.0,0.0,1.0,0.0,0.0
2.12,229.4,478.3,16.9,19.3,51.4,983.8,3.4,2,0.0,1.0,0.0,1.0,0.0,0.0
8.79,381.0,724.4,12.7,10.5,63.0,1090.5,5.1,2,1.0,0.0,0.0,0.0,1.0,0.0
2.71,108.2,332.3,2.6,18.9,66.6,249.7,46.5,2,0.0,1.0,0.0,1.0,0.0,0.0
3.13,475.9,421.3,4.2,6.6,38.9,989.5,11.8,2,0.0,1.0,0.0,1.0,0.0,0.0
17.48,363.9,113.6,15.8,20.3,27.2,253.2,4.5,2,0.0,1.0,0.0,0.0,0.0,1.0
1.43,167.9,308.8,4.4,12.4,49.3,456.3,46.835,2,0.0,1.0,0.0,1.0,0.0,0.0
2.64,173.4,288.9,6.7,7.8,38.8,436.3,3.4,1,0.0,0.0,1.0,1.0,0.0,0.0
21.62,276.3,410.9,28.3,31.2,38.4,761.6,5.8,2,1.0,0.0,0.0,0.0,0.0,1.0
6.82,255.2,381.0,21.0,34.3,57.8,1018.0,12.8,2,0.0,0.0,1.0,0.0,1.0,0.0
0.91,181.8,371.1,2.8,19.0,86.7,299.1,34.2,2,0.0,1.0,0.0,1.0,0.0,0.0
1.57,330.9,163.5,4.3,4.7,3.0,68.8,2.85,3,0.0,1.0,0.0,1.0,0.0,0.0
4.66,171.3,372.3,8.7,17.7,39.5,514.2,4.4,1,1.0,0.0,0.0,0.0,1.0,0.0
2.03,589.4,118.9,2.8,4.5,15.0,12.6,14.25,2,0.0,1.0,0.0,0.0,1.0,0.0
2.34,130.5,232.6,17.1,11.5,38.6,617.2,9.0,3,0.0,1.0,0.0,1.0,0.0,0.0
5.3,546.7,349.0,1.1,8.0,60.8,68.9,0.0,2,0.0,1.0,0.0,0.0,1.0,0.0
0.84,124.2,352.8,0.0,14.6,40.6,714.9,0.0,2,0.0,1.0,0.0,1.0,0.0,0.0
1.82,496.6,181.6,0.9,0.0,44.2,58.5,0.0,2,0.0,1.0,0.0,1.0,0.0,0.0
2.55,308.8,405.7,23.7,12.4,61.3,742.5,3.6,3,0.0,0.0,1.0,1.0,0.0,0.0
2.97,160.4,253.2,9.2,15.5,55.8,567.1,4.3,2,0.0,1.0,0.0,1.0,0.0,0.0
1.61,103.5,539.2,18.5,12.1,42.5,636.2,6.3,3,0.0,1.0,0.0,1.0,0.0,0.0
3.34,322.8,527.4,31.6,6.9,75.1,848.5,8.6,2,1.0,0.0,0.0,1.0,0.0,0.0
3.32,219.8,172.1,8.6,10.1,20.6,439.3,5.2,3,0.0,1.0,0.0,1.0,0.0,0.0
23.94,165.7,252.5,13.0,15.0,38.0,665.6,5.7,3,0.0,1.0,0.0,0.0,0.0,1.0
2.56,272.0,452.3,29.1,32.5,23.9,1007.7,10.2,3,0.0,1.0,0.0,1.0,0.0,0.0
1.63,357.2,351.1,0.6,0.0,58.4,45.2,53.2,3,0.0,1.0,0.0,1.0,0.0,0.0
7.31,288.8,158.9,10.3,4.7,24.5,304.5,9.7,2,0.0,1.0,0.0,0.0,1.0,0.0
4.04,152.2,493.1,6.9,17.8,57.3,178.8,34.1,3,1.0,0.0,0.0,0.0,1.0,0.0
2.34,352.2,259.2,5.5,28.0,16.8,398.7,6.0,3,1.0,0.0,0.0,1.0,0.0,0.0
3.07,227.1,490.7,25.0,15.1,56.1,724.9,3.1,2,0.0,1.0,0.0,1.0,0.0,0.0
1.22,511.4,292.6,2.4,0.0,66.4,36.4,7.4,3,0.0,1.0,0.0,1.0,0.0,0.0
8.47,205.8,842.4,13.5,27.5,50.3,280.6,7.6,2,0.0,0.0,1.0,0.0,1.0,0.0
15.25,218.0,405.4,25.5,22.8,54.9,594.2,7.1,2,1.0,0.0,0.0,0.0,0.0,1.0
0.97,75.8,472.4,8.0,24.4,39.1,211.1,37.145,3,0.0,1.0,0.0,1.0,0.0,0.0
1.76,605.4,5.0,1.1,0.1,37.9,70.9,36.004999999999995,2,0.0,0.0,1.0,1.0,0.0,0.0
1.28,375.0,277.6,9.8,19.6,18.0,392.8,5.7,2,0.0,1.0,0.0,1.0,0.0,0.0
0.88,127.2,102.6,7.4,25.3,17.0,652.9,6.4,1,0.0,1.0,0.0,1.0,0.0,0.0
5.5,184.3,220.0,9.1,11.7,46.1,643.1,7.6,2,1.0,0.0,0.0,0.0,1.0,0.0
1.11,504.1,202.9,3.1,2.5,120.8,52.6,82.4,3,0.0,0.0,1.0,1.0,0.0,0.0
8.1,432.5,70.5,2.4,3.6,55.7,75.7,46.2,3,0.0,1.0,0.0,0.0,0.0,1.0
3.67,250.1,441.7,32.1,9.4,33.7,1061.7,4.2,3,1.0,0.0,0.0,1.0,0.0,0.0
1.46,119.3,283.7,5.1,15.3,12.0,630.0,11.4,1,0.0,1.0,0.0,1.0,0.0,0.0
3.21,478.0,256.0,3.9,0.0,60.9,36.0,43.5,2,0.0,0.0,1.0,0.0,1.0,0.0
2.3,386.2,5.0,0.9,5.2,28.2,9.6,26.79,3,0.0,1.0,0.0,1.0,0.0,0.0
3.14,210.3,704.1,19.4,21.0,39.9,868.1,11.7,2,1.0,0.0,0.0,1.0,0.0,0.0
1.33,425.7,173.7,3.1,0.0,9.9,51.1,9.405,3,0.0,0.0,1.0,1.0,0.0,0.0
1.53,191.3,367.0,5.6,20.0,59.4,267.4,34.0,2,0.0,1.0,0.0,1.0,0.0,0.0
8.0,174.8,387.7,12.1,11.3,29.3,779.3,4.7,1,0.0,1.0,0.0,0.0,1.0,0.0
5.77,119.4,300.4,4.1,24.6,50.0,467.2,3.4,3,0.0,1.0,0.0,0.0,1.0,0.0
8.69,169.9,526.7,21.9,15.0,50.0,842.8,7.1,1,1.0,0.0,0.0,0.0,1.0,0.0
3.86,224.0,465.6,27.5,26.7,25.9,956.8,5.9,3,1.0,0.0,0.0,1.0,0.0,0.0
1.22,147.5,257.8,13.6,13.3,39.8,675.7,4.5,2,0.0,1.0,0.0,1.0,0.0,0.0
3.63,150.1,432.8,2.4,15.4,82.6,230.8,49.2,3,0.0,1.0,0.0,0.0,1.0,0.0
4.01,310.1,473.1,18.0,12.8,77.6,674.6,4.2,3,1.0,0.0,0.0,1.0,0.0,0.0
5.09,72.8,248.8,0.0,10.2,42.3,584.9,1.9,3,1.0,0.0,0.0,0.0,0.0,1.0
3.84,353.4,548.4,28.5,15.3,57.4,1276.0,6.3,2,1.0,0.0,0.0,1.0,0.0,0.0
4.15,104.1,305.3,10.3,7.6,40.9,625.3,3.4,2,0.0,1.0,0.0,1.0,0.0,0.0
3.04,145.8,502.2,10.2,5.7,29.9,617.2,2.7,2,0.0,1.0,0.0,0.0,1.0,0.0
18.77,440.0,499.8,22.7,12.8,63.4,912.7,11.8,3,0.0,1.0,0.0,0.0,0.0,1.0
6.39,395.1,557.0,12.3,20.7,83.9,780.9,4.1,3,1.0,0.0,0.0,0.0,1.0,0.0
2.14,154.2,351.8,22.1,13.6,56.7,850.6,5.7,2,0.0,1.0,0.0,1.0,0.0,0.0
2.37,444.2,309.1,0.0,0.0,87.7,47.4,37.5,1,0.0,1.0,0.0,1.0,0.0,0.0
10.8,81.6,364.7,0.0,8.4,40.5,443.3,3.8,1,1.0,0.0,0.0,0.0,0.0,1.0
2.61,122.0,518.4,3.9,19.5,57.3,161.2,40.7,2,1.0,0.0,0.0,1.0,0.0,0.0
1.24,510.3,407.3,1.4,5.3,5.1,106.0,4.845,3,0.0,0.0,1.0,1.0,0.0,0.0
3.66,235.4,335.6,29.0,10.5,25.9,555.6,6.5,2,1.0,0.0,0.0,0.0,1.0,0.0
1.66,365.0,226.3,4.0,0.6,69.4,73.8,50.3,3,0.0,0.0,1.0,1.0,0.0,0.0
1.76,301.4,132.1,4.3,0.0,47.7,44.3,45.315,1,0.0,1.0,0.0,1.0,0.0,0.0
6.41,410.8,526.0,16.5,6.8,67.6,642.9,6.3,2,0.0,1.0,0.0,0.0,1.0,0.0
6.58,278.7,248.2,19.5,23.3,8.6,642.9,8.17,3,1.0,0.0,0.0,0.0,1.0,0.0
2.29,193.4,414.8,27.7,31.5,71.9,1078.9,0.1,2,1.0,0.0,0.0,1.0,0.0,0.0
3.61,222.4,420.9,24.3,20.5,57.7,957.9,10.1,2,1.0,0.0,0.0,1.0,0.0,0.0
1.26,104.2,397.8,4.8,13.2,69.0,312.9,26.0,3,0.0,1.0,0.0,1.0,0.0,0.0
2.12,278.2,189.3,1.7,3.0,54.6,33.8,51.87,2,0.0,1.0,0.0,1.0,0.0,0.0
1.51,168.3,322.9,9.3,15.4,28.6,812.4,6.4,3,1.0,0.0,0.0,1.0,0.0,0.0
3.76,300.9,604.8,19.7,3.0,90.8,801.8,7.1,3,0.0,0.0,1.0,1.0,0.0,0.0
1.88,116.4,267.3,10.8,7.2,44.1,294.6,3.2,2,0.0,1.0,0.0,1.0,0.0,0.0
1.82,268.6,299.1,12.2,17.3,20.0,630.9,11.2,2,1.0,0.0,0.0,1.0,0.0,0.0
4.96,164.0,119.9,2.1,1.5,40.2,36.2,21.1,2,0.0,1.0,0.0,0.0,1.0,0.0
7.98,211.0,498.2,14.8,28.5,44.1,954.6,7.1,3,0.0,0.0,1.0,0.0,1.0,0.0
7.86,278.1,247.4,9.2,21.7,22.5,661.1,17.3,2,0.0,1.0,0.0,0.0,1.0,0.0
6.19,89.5,518.5,3.0,21.2,76.7,259.7,37.6,2,0.0,1.0,0.0,0.0,1.0,0.0
3.17,113.3,303.1,3.1,18.7,54.6,266.4,35.7,2,0.0,1.0,0.0,1.0,0.0,0.0
2.92,277.2,839.2,9.5,22.0,45.7,1054.6,10.5,2,0.0,1.0,0.0,1.0,0.0,0.0
2.7,83.7,319.0,1.4,24.4,38.5,132.1,36.575,2,0.0,0.0,1.0,1.0,0.0,0.0
1.42,218.4,303.8,12.4,6.5,36.8,773.2,5.1,3,1.0,0.0,0.0,1.0,0.0,0.0
1.87,72.1,171.7,7.5,2.7,29.5,354.4,1.7,1,1.0,0.0,0.0,1.0,0.0,0.0
0.67,359.8,142.4,3.3,2.0,26.6,45.1,25.27,1,0.0,1.0,0.0,1.0,0.0,0.0
2.63,187.7,555.2,22.3,32.1,59.5,1190.3,3.5,2,0.0,1.0,0.0,1.0,0.0,0.0
2.87,186.2,344.5,36.1,14.3,50.3,626.4,10.2,3,0.0,1.0,0.0,1.0,0.0,0.0
1.81,200.7,237.4,6.6,17.7,13.8,226.4,12.1,2,0.0,0.0,1.0,1.0,0.0,0.0
8.46,149.7,310.9,16.9,9.3,41.0,511.2,6.9,2,0.0,1.0,0.0,0.0,1.0,0.0
1.38,623.5,16.8,3.3,3.1,68.2,59.2,45.8,2,0.0,0.0,1.0,1.0,0.0,0.0
2.02,142.6,187.4,10.3,14.5,35.9,431.8,4.0,1,0.0,1.0,0.0,1.0,0.0,0.0
3.02,206.3,226.8,8.2,12.5,38.4,436.7,7.5,2,0.0,1.0,0.0,1.0,0.0,0.0
1.9,492.8,182.7,0.9,3.3,60.2,42.6,39.9,2,0.0,1.0,0.0,1.0,0.0,0.0
3.27,239.1,72.2,13.8,4.7,23.6,470.9,9.4,3,0.0,1.0,0.0,1.0,0.0,0.0
3.06,183.2,453.3,16.8,12.2,39.8,805.2,7.0,2,1.0,0.0,0.0,1.0,0.0,0.0
2.27,161.5,74.6,5.2,21.1,19.7,379.9,0.0,3,0.0,1.0,0.0,1.0,0.0,0.0
2.21,209.1,621.9,24.7,30.6,56.3,1672.0,14.4,2,1.0,0.0,0.0,1.0,0.0,0.0
1.38,249.8,278.2,20.2,12.9,59.5,874.7,8.4,2,0.0,0.0,1.0,1.0,0.0,0.0
5.4,111.8,199.1,5.2,12.8,23.3,409.2,8.6,1,0.0,0.0,1.0,0.0,1.0,0.0
3.89,114.4,287.3,4.3,8.5,41.4,843.7,5.7,2,0.0,1.0,0.0,1.0,0.0,0.0
3.22,205.4,483.2,19.3,21.5,67.5,960.7,6.1,3,1.0,0.0,0.0,1.0,0.0,0.0
3.28,241.2,183.5,17.1,6.7,42.9,596.3,12.4,3,0.0,0.0,1.0,1.0,0.0,0.0
2.59,116.8,368.5,4.6,25.1,55.9,282.0,51.1,3,0.0,1.0,0.0,1.0,0.0,0.0
1.68,83.2,324.0,5.0,11.8,46.9,245.7,40.5,1,1.0,0.0,0.0,1.0,0.0,0.0
1.07,448.2,253.9,23.8,11.1,15.6,107.9,14.82,3,1.0,0.0,0.0,1.0,0.0,0.0
2.85,208.2,316.3,16.3,12.7,39.4,628.6,8.7,1,1.0,0.0,0.0,1.0,0.0,0.0
24.51,422.9,631.6,35.1,14.5,83.4,592.9,9.0,2,1.0,0.0,0.0,0.0,0.0,1.0
3.48,241.6,567.9,18.9,17.4,38.2,922.2,8.2,3,1.0,0.0,0.0,1.0,0.0,0.0
1.87,153.8,318.0,0.6,18.3,30.3,404.2,28.785,3,0.0,1.0,0.0,1.0,0.0,0.0
4.04,267.5,271.5,32.6,23.9,49.0,1032.1,3.5,2,1.0,0.0,0.0,0.0,1.0,0.0
5.0,206.8,479.9,6.9,19.9,54.7,144.2,34.8,2,0.0,0.0,1.0,0.0,1.0,0.0
12.77,237.5,457.3,22.9,16.6,50.8,716.8,8.4,3,1.0,0.0,0.0,0.0,0.0,1.0
1.37,104.6,440.7,2.9,14.2,59.9,225.7,55.1,2,0.0,1.0,0.0,1.0,0.0,0.0
5.36,77.7,313.8,6.5,28.3,53.3,149.2,37.6,1,0.0,0.0,1.0,0.0,1.0,0.0
1.34,273.6,695.0,24.5,22.8,54.6,857.6,8.9,2,0.0,1.0,0.0,1.0,0.0,0.0
8.52,517.7,288.7,0.8,0.0,83.4,43.3,19.2,2,0.0,0.0,1.0,0.0,0.0,1.0
2.45,205.6,224.1,8.0,15.4,25.3,673.8,4.0,2,0.0,1.0,0.0,1.0,0.0,0.0
1.65,203.6,230.3,8.8,13.5,43.6,739.0,5.6,2,0.0,1.0,0.0,1.0,0.0,0.0
1.97,146.0,422.4,17.7,6.1,34.8,640.7,4.5,2,1.0,0.0,0.0,1.0,0.0,0.0
2.85,279.3,640.2,29.9,27.2,41.0,1217.5,9.4,2,1.0,0.0,0.0,1.0,0.0,0.0
2.34,222.8,294.3,0.0,7.5,48.0,226.7,3.1,2,0.0,0.0,1.0,1.0,0.0,0.0
2.24,178.4,237.0,10.8,10.3,37.0,443.1,5.5,3,0.0,1.0,0.0,1.0,0.0,0.0
5.45,145.4,279.6,5.7,0.6,45.7,625.9,4.7,3,0.0,1.0,0.0,0.0,1.0,0.0
4.49,389.4,67.4,0.0,0.0,32.7,0.0,30.8,2,0.0,1.0,0.0,0.0,1.0,0.0
3.06,155.0,176.4,12.3,4.8,30.0,567.4,4.3,3,0.0,1.0,0.0,1.0,0.0,0.0
1.67,194.7,682.7,35.4,25.5,58.3,1231.4,7.8,3,1.0,0.0,0.0,1.0,0.0,0.0
1.55,210.0,652.4,20.5,30.6,40.6,825.8,5.5,3,1.0,0.0,0.0,1.0,0.0,0.0
1.21,182.3,368.4,3.2,23.6,27.9,570.7,0.0,2,1.0,0.0,0.0,1.0,0.0,0.0
6.64,160.8,274.2,3.6,2.9,19.3,576.5,3.3,2,0.0,1.0,0.0,0.0,1.0,0.0
1.64,293.8,614.0,24.1,12.1,82.8,396.3,7.8,3,0.0,1.0,0.0,1.0,0.0,0.0
2.47,227.0,432.0,28.0,36.8,36.9,955.8,8.1,2,1.0,0.0,0.0,1.0,0.0,0.0
2.42,264.9,673.6,17.2,20.4,62.7,1085.4,8.8,2,0.0,1.0,0.0,1.0,0.0,0.0
2.02,374.7,151.4,1.4,0.0,32.7,45.5,31.065,3,0.0,1.0,0.0,1.0,0.0,0.0
2.6,266.5,498.2,18.1,28.4,69.8,959.2,14.0,2,0.0,0.0,1.0,1.0,0.0,0.0
4.46,63.8,194.6,3.9,14.3,62.3,538.7,0.6,3,0.0,1.0,0.0,0.0,1.0,0.0
2.52,168.8,459.9,1.5,8.7,13.7,239.9,4.0,3,1.0,0.0,0.0,1.0,0.0,0.0
3.17,167.9,379.3,4.1,13.5,89.4,339.5,37.1,1,1.0,0.0,0.0,0.0,1.0,0.0
2.22,323.0,5.0,1.4,0.4,71.3,57.6,24.2,2,0.0,0.0,1.0,1.0,0.0,0.0
2.53,114.8,250.5,5.1,11.0,43.0,295.1,2.5,1,0.0,0.0,1.0,0.0,1.0,0.0
1.73,117.9,345.6,13.8,10.5,26.4,578.0,3.9,3,1.0,0.0,0.0,1.0,0.0,0.0
2.69,217.5,392.4,5.4,11.7,36.6,960.2,2.6,3,1.0,0.0,0.0,1.0,0.0,0.0
5.84,165.3,312.9,15.4,13.7,31.8,159.7,6.5,2,0.0,0.0,1.0,0.0,1.0,0.0
3.09,184.7,276.4,21.6,28.5,59.9,933.0,5.7,3,1.0,0.0,0.0,1.0,0.0,0.0
5.26,223.9,644.6,26.7,17.7,30.3,868.3,11.2,2,1.0,0.0,0.0,0.0,1.0,0.0
7.9,182.7,31.4,25.2,6.4,3.0,557.1,2.85,2,0.0,1.0,0.0,0.0,1.0,0.0
3.76,205.7,243.8,9.8,9.6,37.7,733.7,5.4,3,0.0,1.0,0.0,1.0,0.0,0.0
18.5,286.0,255.2,19.2,0.6,13.6,813.5,3.3,2,1.0,0.0,0.0,0.0,0.0,1.0
4.92,313.8,81.3,0.0,0.0,27.8,45.6,26.41,1,0.0,1.0,0.0,0.0,1.0,0.0
4.36,451.0,6.5,0.8,0.0,44.7,32.9,28.5,2,0.0,0.0,1.0,0.0,1.0,0.0
5.93,384.9,649.4,33.0,6.5,47.6,499.1,7.3,3,1.0,0.0,0.0,0.0,1.0,0.0
5.17,130.1,274.1,0.0,30.5,61.1,247.8,31.8,3,0.0,1.0,0.0,0.0,1.0,0.0
11.2,617.9,458.7,2.9,0.0,40.2,63.4,38.19,2,0.0,1.0,0.0,0.0,0.0,1.0
1.24,221.8,69.9,13.7,6.6,18.2,324.9,4.4,2,0.0,0.0,1.0,1.0,0.0,0.0
7.9,409.3,282.4,1.4,2.9,73.0,17.0,34.5,3,0.0,1.0,0.0,0.0,0.0,1.0
2.59,165.0,482.3,16.8,18.2,37.6,843.5,10.5,2,0.0,0.0,1.0,1.0,0.0,0.0
3.12,135.7,284.4,13.5,11.1,31.6,740.4,4.2,2,1.0,0.0,0.0,1.0,0.0,0.0
2.81,218.3,487.7,31.9,34.2,63.5,1028.7,9.1,2,1.0,0.0,0.0,1.0,0.0,0.0
6.29,83.2,428.7,4.2,9.6,54.7,290.5,34.3,2,0.0,0.0,1.0,0.0,1.0,0.0
18.03,99.1,248.6,11.6,5.5,46.9,346.2,5.9,3,1.0,0.0,0.0,0.0,0.0,1.0
0.86,113.8,506.6,5.4,5.7,63.6,315.4,56.8,3,0.0,1.0,0.0,1.0,0.0,0.0
7.6,119.7,177.3,8.1,8.7,48.7,669.4,2.5,2,1.0,0.0,0.0,0.0,1.0,0.0
9.51,129.6,251.9,6.3,13.9,46.2,681.3,10.3,2,0.0,1.0,0.0,0.0,1.0,0.0
3.79,50.0,414.2,9.5,9.3,51.9,429.3,3.8,3,1.0,0.0,0.0,0.0,1.0,0.0
0.7,277.4,151.9,2.6,3.5,32.2,72.2,16.1,2,0.0,1.0,0.0,1.0,0.0,0.0
1.53,215.3,479.9,22.6,24.7,39.4,896.8,9.2,2,0.0,1.0,0.0,1.0,0.0,0.0
2.02,194.1,304.2,0.0,12.2,41.8,379.6,8.2,2,0.0,1.0,0.0,1.0,0.0,0.0
4.15,136.4,247.8,13.3,5.1,36.6,867.1,3.3,3,1.0,0.0,0.0,1.0,0.0,0.0
2.66,412.7,220.8,3.4,0.5,61.2,76.8,50.0,2,0.0,1.0,0.0,0.0,1.0,0.0
2.49,287.1,294.2,20.3,25.2,37.4,815.2,4.5,1,0.0,1.0,0.0,1.0,0.0,0.0
7.74,340.4,73.7,1.6,16.5,10.5,418.0,9.2,3,0.0,1.0,0.0,0.0,1.0,0.0
3.3,325.3,331.2,0.0,3.4,24.6,78.0,9.5,3,0.0,1.0,0.0,0.0,1.0,0.0
5.28,204.1,313.8,13.9,12.4,30.0,681.2,4.6,2,0.0,1.0,0.0,0.0,1.0,0.0
5.21,185.0,777.9,18.0,42.3,45.5,839.9,13.5,2,1.0,0.0,0.0,0.0,1.0,0.0
2.93,224.2,488.3,24.2,28.6,50.8,562.1,9.3,2,0.0,0.0,1.0,1.0,0.0,0.0
0.83,460.9,219.3,3.4,3.3,19.8,64.8,11.4,2,0.0,1.0,0.0,1.0,0.0,0.0
3.37,241.9,697.8,28.4,36.3,55.4,1116.6,10.5,3,1.0,0.0,0.0,1.0,0.0,0.0
2.0,234.7,673.7,22.9,20.4,43.9,576.8,9.1,3,1.0,0.0,0.0,1.0,0.0,0.0
7.91,185.2,558.3,11.2,18.1,48.1,506.2,9.9,2,0.0,1.0,0.0,0.0,1.0,0.0
3.08,126.6,504.9,6.9,30.8,70.6,446.4,36.5,1,1.0,0.0,0.0,1.0,0.0,0.0
3.81,532.4,5.0,0.6,5.6,23.0,27.4,21.85,3,0.0,1.0,0.0,0.0,1.0,0.0
0.88,126.4,122.4,1.9,6.8,54.8,349.4,3.2,3,0.0,0.0,1.0,1.0,0.0,0.0
6.85,213.9,658.7,17.5,30.6,33.0,1130.0,14.4,3,0.0,1.0,0.0,0.0,1.0,0.0
13.07,370.8,220.6,28.4,10.3,34.0,491.2,9.0,3,0.0,0.0,1.0,0.0,0.0,1.0
4.75,259.1,537.4,28.3,35.6,56.1,559.9,12.1,2,1.0,0.0,0.0,0.0,1.0,0.0
3.15,213.2,431.5,24.9,32.6,30.1,888.5,3.9,2,1.0,0.0,0.0,1.0,0.0,0.0
1.87,307.7,552.1,29.6,30.3,43.2,1102.1,0.0,3,1.0,0.0,0.0,1.0,0.0,0.0
5.92,141.9,538.2,22.1,18.3,46.7,736.1,9.8,3,1.0,0.0,0.0,0.0,1.0,0.0
1.22,152.1,284.7,9.1,20.3,51.4,158.1,4.5,3,0.0,1.0,0.0,1.0,0.0,0.0
2.36,159.3,333.3,0.0,15.2,43.6,227.6,41.42,2,0.0,1.0,0.0,1.0,0.0,0.0
0.88,146.5,374.8,0.8,10.4,52.4,146.5,44.9,3,0.0,1.0,0.0,1.0,0.0,0.0
19.03,114.2,501.5,7.1,9.9,58.7,233.8,39.4,3,1.0,0.0,0.0,0.0,0.0,1.0
5.53,211.9,500.8,17.4,27.6,37.5,802.3,9.4,3,0.0,1.0,0.0,0.0,1.0,0.0
3.44,218.3,746.5,42.0,27.1,52.4,886.9,10.4,3,1.0,0.0,0.0,1.0,0.0,0.0
3.15,278.4,529.0,24.1,36.1,60.3,870.2,9.1,2,1.0,0.0,0.0,1.0,0.0,0.0
2.27,338.4,496.1,17.9,5.1,64.8,697.5,10.8,3,0.0,0.0,1.0,1.0,0.0,0.0
3.3,171.1,538.6,20.1,26.1,55.9,869.7,7.3,2,1.0,0.0,0.0,1.0,0.0,0.0
2.7,316.1,155.8,3.3,0.0,38.1,11.6,36.195,3,0.0,1.0,0.0,0.0,1.0,0.0
1.85,174.7,216.6,10.5,13.4,33.0,781.4,4.8,2,0.0,1.0,0.0,1.0,0.0,0.0
1.68,181.8,409.2,27.2,22.7,38.4,903.5,7.1,2,1.0,0.0,0.0,1.0,0.0,0.0
3.44,112.8,145.2,6.4,6.9,72.3,364.9,2.2,3,0.0,1.0,0.0,0.0,1.0,0.0
1.28,150.9,366.0,8.3,12.5,42.3,458.2,3.8,3,0.0,1.0,0.0,1.0,0.0,0.0
1.03,56.0,418.9,2.8,12.7,65.0,326.6,61.75,2,0.0,0.0,1.0,1.0,0.0,0.0
6.75,300.0,707.3,23.5,6.8,60.9,745.1,3.2,2,0.0,0.0,1.0,0.0,1.0,0.0
1.58,194.7,194.6,0.0,15.5,24.5,191.9,1.0,2,0.0,1.0,0.0,1.0,0.0,0.0
1.32,67.0,86.6,3.9,11.3,34.4,346.2,4.3,3,0.0,1.0,0.0,1.0,0.0,0.0
4.63,192.2,477.6,22.3,31.2,46.8,636.7,16.3,2,0.0,1.0,0.0,0.0,1.0,0.0
2.59,427.4,179.5,7.9,11.1,26.0,254.2,4.8,3,0.0,1.0,0.0,1.0,0.0,0.0
6.48,126.2,264.5,10.0,16.3,18.9,715.2,1.7,3,1.0,0.0,0.0,0.0,1.0,0.0
5.53,224.2,466.0,25.7,16.2,40.5,748.5,6.6,2,1.0,0.0,0.0,0.0,1.0,0.0
14.11,195.8,595.6,19.2,19.0,56.3,786.4,11.5,2,0.0,1.0,0.0,0.0,0.0,1.0
5.16,117.9,350.7,12.9,6.9,33.5,800.0,8.1,2,0.0,1.0,0.0,0.0,1.0,0.0
10.64,356.1,383.6,1.6,0.0,49.7,31.0,47.215,2,0.0,1.0,0.0,0.0,0.0,1.0
3.6,121.8,477.3,0.7,13.9,52.9,121.0,44.7,2,1.0,0.0,0.0,0.0,1.0,0.0
5.33,331.4,648.2,8.2,9.9,72.5,760.2,1.6,2,1.0,0.0,0.0,0.0,1.0,0.0
3.83,206.5,380.0,17.3,13.3,35.3,960.7,7.9,1,1.0,0.0,0.0,1.0,0.0,0.0
0.68,321.0,250.8,0.0,2.2,17.0,72.5,16.15,1,0.0,1.0,0.0,1.0,0.0,0.0
5.14,315.1,269.1,19.3,8.8,25.7,565.7,4.6,2,1.0,0.0,0.0,0.0,1.0,0.0
1.49,203.7,362.6,16.7,12.4,45.2,652.6,7.4,3,0.0,1.0,0.0,1.0,0.0,0.0
2.37,401.9,532.8,2.1,0.4,83.7,36.7,30.1,1,0.0,1.0,0.0,0.0,1.0,0.0
5.36,123.8,646.3,20.4,13.2,33.4,481.7,4.2,2,0.0,1.0,0.0,0.0,1.0,0.0
23.51,318.4,403.6,24.0,10.5,77.3,549.6,12.4,2,0.0,1.0,0.0,0.0,0.0,1.0
3.99,167.3,552.0,34.0,20.8,40.1,843.6,8.0,1,1.0,0.0,0.0,1.0,0.0,0.0
3.81,324.1,397.0,19.5,6.0,61.6,834.6,6.2,2,1.0,0.0,0.0,1.0,0.0,0.0
6.75,135.9,292.2,13.0,13.4,33.4,485.6,4.9,2,0.0,1.0,0.0,0.0,1.0,0.0
1.33,165.1,370.4,8.7,12.5,35.7,238.7,6.7,2,0.0,1.0,0.0,1.0,0.0,0.0
3.79,418.0,365.4,27.7,8.7,49.7,689.4,6.9,2,0.0,1.0,0.0,0.0,1.0,0.0
3.92,149.8,241.1,7.6,14.9,21.8,200.2,1.6,3,0.0,1.0,0.0,0.0,1.0,0.0
1.61,363.8,233.7,1.0,2.4,44.1,0.8,41.895,2,0.0,1.0,0.0,1.0,0.0,0.0
3.11,285.6,188.4,5.9,27.9,0.0,262.2,0.0,2,1.0,0.0,0.0,1.0,0.0,0.0
5.84,301.3,479.7,25.5,27.9,48.9,641.7,8.7,3,1.0,0.0,0.0,0.0,1.0,0.0
2.57,116.8,521.1,6.3,20.3,66.3,196.2,32.2,2,0.0,1.0,0.0,1.0,0.0,0.0
2.17,199.0,347.9,23.6,12.0,48.6,781.7,6.6,2,1.0,0.0,0.0,1.0,0.0,0.0
4.97,225.2,457.5,30.0,18.6,53.6,606.1,8.6,2,0.0,1.0,0.0,0.0,1.0,0.0
5.4,222.3,503.3,27.5,32.1,46.1,893.0,1.7,2,1.0,0.0,0.0,0.0,1.0,0.0
1.49,345.1,136.9,7.0,2.4,11.9,48.2,11.305,2,0.0,1.0,0.0,1.0,0.0,0.0
3.57,170.0,230.3,13.3,8.2,36.3,641.2,2.6,2,1.0,0.0,0.0,1.0,0.0,0.0
1.39,209.3,183.8,9.5,14.4,14.0,479.9,10.0,2,0.0,1.0,0.0,1.0,0.0,0.0
10.25,303.1,224.5,0.2,3.4,54.0,6.9,51.3,1,0.0,1.0,0.0,0.0,0.0,1.0
0.7,340.1,184.9,0.6,0.2,10.2,97.5,9.69,3,0.0,1.0,0.0,1.0,0.0,0.0
1.08,247.1,353.1,12.7,22.8,45.7,787.2,7.2,2,0.0,0.0,1.0,1.0,0.0,0.0
1.23,126.5,382.1,6.0,10.0,28.1,679.6,4.9,2,0.0,1.0,0.0,1.0,0.0,0.0
3.75,96.5,253.4,9.5,5.6,40.1,866.2,6.7,2,0.0,1.0,0.0,1.0,0.0,0.0
3.72,152.8,498.7,3.8,19.9,30.8,181.4,29.26,3,0.0,1.0,0.0,0.0,1.0,0.0
14.84,378.1,377.4,9.9,16.5,12.9,448.6,12.255,3,0.0,1.0,0.0,0.0,0.0,1.0
3.59,228.8,542.4,13.5,26.8,46.2,713.2,6.2,3,0.0,0.0,1.0,1.0,0.0,0.0
0.99,397.3,181.3,2.6,0.0,55.8,13.8,45.3,3,0.0,0.0,1.0,1.0,0.0,0.0
1.35,516.6,581.3,26.9,16.4,73.0,372.9,9.1,2,0.0,1.0,0.0,1.0,0.0,0.0
7.38,361.8,5.0,19.5,6.4,32.7,325.2,9.2,3,0.0,1.0,0.0,0.0,1.0,0.0
3.72,535.0,304.3,0.0,0.0,24.9,17.3,21.9,3,0.0,1.0,0.0,0.0,1.0,0.0
4.02,121.4,376.8,6.9,14.3,38.5,454.0,0.8,2,0.0,0.0,1.0,0.0,1.0,0.0
7.58,318.1,680.7,24.8,22.5,27.6,1097.7,10.3,2,1.0,0.0,0.0,0.0,1.0,0.0
0.88,555.7,186.6,1.3,3.6,26.1,28.1,24.795,3,0.0,0.0,1.0,1.0,0.0,0.0
3.67,147.1,835.0,6.3,25.6,37.4,1228.2,11.3,1,1.0,0.0,0.0,1.0,0.0,0.0
7.23,182.2,315.6,14.7,14.4,21.1,388.3,5.0,1,0.0,1.0,0.0,0.0,1.0,0.0
3.56,255.0,299.3,17.3,36.5,27.0,1388.2,8.4,2,1.0,0.0,0.0,1.0,0.0,0.0
2.88,248.2,560.5,28.1,41.8,39.7,846.1,9.7,2,1.0,0.0,0.0,1.0,0.0,0.0
2.97,105.4,203.3,4.4,7.8,25.5,95.0,3.7,2,0.0,1.0,0.0,0.0,1.0,0.0
2.34,494.7,102.5,2.6,3.7,38.5,77.1,22.0,3,0.0,0.0,1.0,1.0,0.0,0.0
14.86,136.6,295.9,4.4,8.3,65.9,351.2,1.7,3,0.0,0.0,1.0,0.0,0.0,1.0
3.75,227.5,632.8,21.1,35.2,62.7,734.5,6.3,1,1.0,0.0,0.0,0.0,1.0,0.0
3.03,216.1,230.2,3.9,9.5,24.8,300.7,7.3,3,0.0,1.0,0.0,1.0,0.0,0.0
4.52,140.3,287.5,0.0,22.8,25.8,509.7,5.6,2,0.0,1.0,0.0,0.0,0.0,1.0
2.99,227.1,728.0,22.9,17.3,36.4,1208.1,5.8,2,1.0,0.0,0.0,1.0,0.0,0.0
1.17,258.0,642.2,32.1,12.7,71.3,604.7,4.2,2,1.0,0.0,0.0,1.0,0.0,0.0
1.77,209.2,311.2,3.7,9.1,48.0,777.8,3.2,2,0.0,1.0,0.0,1.0,0.0,0.0
5.38,184.0,352.3,0.8,23.2,72.6,104.5,51.4,2,0.0,1.0,0.0,0.0,1.0,0.0
1.11,513.5,5.0,2.9,7.2,25.7,38.0,0.0,3,0.0,0.0,1.0,1.0,0.0,0.0
2.64,197.9,223.6,8.8,6.2,31.2,923.0,3.1,2,1.0,0.0,0.0,1.0,0.0,0.0
0.85,50.0,391.0,0.0,13.9,73.5,273.0,46.6,3,0.0,1.0,0.0,1.0,0.0,0.0
1.98,108.8,353.6,0.0,11.6,53.3,334.2,2.9,1,0.0,1.0,0.0,1.0,0.0,0.0
1.77,198.3,308.8,5.0,12.4,36.2,581.1,7.7,2,0.0,1.0,0.0,1.0,0.0,0.0
1.15,140.3,313.7,0.0,19.0,63.3,210.7,52.9,2,1.0,0.0,0.0,1.0,0.0,0.0
5.4,250.8,125.4,4.0,14.9,16.0,728.2,13.1,2,0.0,0.0,1.0,0.0,1.0,0.0
2.84,110.7,398.5,13.2,9.8,25.5,632.7,3.1,3,1.0,0.0,0.0,1.0,0.0,0.0
4.5,403.3,296.9,2.9,1.7,32.4,4.0,22.1,3,0.0,1.0,0.0,0.0,1.0,0.0
1.79,162.4,388.9,23.8,20.3,37.8,875.4,8.4,2,0.0,0.0,1.0,1.0,0.0,0.0
19.6,234.1,670.3,42.8,20.3,41.7,1036.3,12.4,2,1.0,0.0,0.0,0.0,0.0,1.0
3.53,293.8,297.3,18.5,14.2,60.2,754.2,11.9,2,0.0,0.0,1.0,1.0,0.0,0.0
3.88,472.7,397.2,2.4,0.0,49.5,69.0,18.4,2,0.0,1.0,0.0,0.0,1.0,0.0
2.7,223.0,541.7,9.8,37.0,56.2,726.2,9.1,3,0.0,0.0,1.0,1.0,0.0,0.0
0.92,444.4,419.8,0.0,0.2,80.5,60.4,35.9,3,0.0,1.0,0.0,1.0,0.0,0.0
3.72,153.7,266.9,20.7,11.5,31.3,681.6,5.8,3,1.0,0.0,0.0,1.0,0.0,0.0
13.69,471.6,77.6,2.3,6.3,0.0,70.4,0.0,3,0.0,1.0,0.0,0.0,0.0,1.0
0.73,525.1,251.8,3.1,0.0,61.4,54.3,52.2,1,0.0,0.0,1.0,1.0,0.0,0.0
16.55,130.3,327.1,0.0,2.8,46.0,292.1,0.5,3,0.0,0.0,1.0,0.0,0.0,1.0
3.4,230.5,575.0,2.3,26.4,28.9,787.1,8.7,3,0.0,0.0,1.0,1.0,0.0,0.0
1.11,163.6,440.3,22.9,27.0,23.5,608.2,7.6,2,1.0,0.0,0.0,1.0,0.0,0.0
3.17,143.5,298.5,12.8,7.4,36.9,734.4,5.5,3,1.0,0.0,0.0,1.0,0.0,0.0
4.03,172.9,352.1,9.6,11.9,45.5,460.3,7.9,3,0.0,1.0,0.0,1.0,0.0,0.0
9.07,300.0,573.9,20.1,17.6,49.2,517.9,6.8,3,1.0,0.0,0.0,0.0,1.0,0.0
2.27,164.7,312.7,14.6,8.8,35.5,660.7,4.8,2,1.0,0.0,0.0,1.0,0.0,0.0
2.3,296.1,268.6,24.3,13.7,55.1,829.2,8.2,3,1.0,0.0,0.0,1.0,0.0,0.0
1.96,217.5,557.9,16.7,15.8,54.8,1069.0,6.0,2,1.0,0.0,0.0,1.0,0.0,0.0
7.48,92.8,372.9,6.0,11.0,46.9,569.3,4.3,2,0.0,1.0,0.0,0.0,1.0,0.0
10.67,190.5,293.7,17.7,15.7,28.3,741.3,3.6,2,1.0,0.0,0.0,0.0,0.0,1.0
2.83,99.5,539.1,5.0,5.9,68.7,203.8,28.9,2,0.0,1.0,0.0,0.0,1.0,0.0
1.97,94.2,287.8,6.0,12.6,43.8,343.0,3.3,3,0.0,0.0,1.0,1.0,0.0,0.0
1.06,116.4,403.2,0.6,20.8,44.1,140.5,41.895,2,0.0,1.0,0.0,1.0,0.0,0.0
1.16,356.0,522.6,7.2,14.8,64.8,1196.2,7.5,3,0.0,1.0,0.0,1.0,0.0,0.0
1.96,400.3,7.8,2.7,2.8,19.2,91.4,18.24,2,0.0,1.0,0.0,1.0,0.0,0.0
1.55,498.8,298.2,3.9,10.3,88.2,411.1,4.2,2,0.0,1.0,0.0,1.0,0.0,0.0
25.36,148.6,293.4,11.0,15.9,33.1,895.7,2.6,2,0.0,1.0,0.0,0.0,0.0,1.0
5.74,160.6,369.7,4.6,17.8,74.0,372.0,51.4,3,0.0,1.0,0.0,0.0,1.0,0.0
3.71,129.0,188.6,4.4,0.0,30.5,646.2,6.9,3,0.0,1.0,0.0,1.0,0.0,0.0
14.84,193.8,85.2,11.0,11.2,28.5,577.7,11.2,3,0.0,1.0,0.0,0.0,0.0,1.0
3.05,67.0,578.2,0.3,18.8,74.6,373.7,29.3,2,1.0,0.0,0.0,1.0,0.0,0.0
4.11,326.7,428.2,7.8,11.8,22.9,500.4,5.1,1,0.0,1.0,0.0,0.0,1.0,0.0
18.22,220.5,540.2,20.8,9.4,62.4,881.2,9.0,2,0.0,1.0,0.0,0.0,0.0,1.0
1.8,252.0,674.0,39.9,29.7,51.9,682.6,11.8,3,1.0,0.0,0.0,1.0,0.0,0.0
6.5,425.1,340.3,1.1,3.4,90.1,51.5,52.7,3,0.0,0.0,1.0,0.0,0.0,1.0
1.81,444.2,183.7,3.7,3.4,8.8,0.0,8.36,3,0.0,0.0,1.0,1.0,0.0,0.0
3.67,142.5,207.8,3.4,19.8,47.1,437.1,1.4,3,0.0,1.0,0.0,0.0,1.0,0.0
12.08,163.3,341.8,21.0,14.8,52.5,900.8,9.9,3,0.0,1.0,0.0,0.0,0.0,1.0
4.96,453.6,386.6,2.4,2.3,29.1,44.4,27.645,2,0.0,1.0,0.0,0.0,1.0,0.0
3.29,158.6,223.5,14.5,10.8,24.6,571.9,5.8,3,0.0,1.0,0.0,1.0,0.0,0.0
2.17,334.5,64.5,0.0,2.4,33.2,52.9,31.540000000000003,2,0.0,1.0,0.0,1.0,0.0,0.0
3.88,167.6,215.2,7.0,8.6,40.6,527.9,5.3,3,0.0,0.0,1.0,1.0,0.0,0.0
6.39,269.1,352.7,30.5,11.7,35.8,556.9,5.2,2,0.0,0.0,1.0,0.0,1.0,0.0
8.25,340.8,568.6,18.5,30.5,32.7,1069.6,9.6,2,1.0,0.0,0.0,0.0,1.0,0.0
1.16,326.3,102.2,14.6,11.8,30.2,625.7,10.0,3,1.0,0.0,0.0,1.0,0.0,0.0
1.63,337.3,136.3,0.0,0.0,81.2,73.5,45.9,3,0.0,1.0,0.0,1.0,0.0,0.0
3.75,162.3,287.0,15.0,6.8,43.3,1015.3,3.1,3,1.0,0.0,0.0,1.0,0.0,0.0
1.24,402.9,763.3,27.2,9.1,45.2,626.0,4.6,2,1.0,0.0,0.0,1.0,0.0,0.0
1.47,227.7,436.6,5.8,15.6,70.2,351.7,51.8,2,1.0,0.0,0.0,1.0,0.0,0.0
3.1,265.4,166.2,24.4,22.9,34.1,452.8,6.5,1,0.0,0.0,1.0,1.0,0.0,0.0
1.84,166.9,275.8,2.2,6.0,39.4,68.0,37.43,3,0.0,1.0,0.0,1.0,0.0,0.0
8.24,111.9,305.0,22.0,26.6,42.2,833.1,11.8,3,0.0,0.0,1.0,0.0,1.0,0.0
2.36,183.7,284.1,6.2,13.3,47.4,230.1,43.2,3,0.0,1.0,0.0,1.0,0.0,0.0
4.06,169.6,287.0,3.0,21.9,47.7,525.2,3.8,2,1.0,0.0,0.0,1.0,0.0,0.0
9.9,337.9,165.8,12.1,19.0,23.7,180.2,4.1,3,1.0,0.0,0.0,0.0,0.0,1.0
5.92,164.1,636.7,3.8,19.8,49.9,152.8,35.5,3,0.0,1.0,0.0,0.0,1.0,0.0
2.1,328.9,300.2,1.9,3.2,26.2,13.0,24.89,1,0.0,1.0,0.0,0.0,1.0,0.0
6.39,382.0,403.1,3.4,0.0,68.7,55.0,27.3,1,0.0,1.0,0.0,0.0,0.0,1.0
10.04,442.7,671.6,20.4,15.1,74.8,1020.7,4.8,2,1.0,0.0,0.0,0.0,1.0,0.0
6.43,200.0,226.6,9.1,14.7,47.4,797.6,5.7,2,1.0,0.0,0.0,0.0,1.0,0.0
2.18,439.3,254.6,0.7,5.0,29.2,30.0,6.8,2,0.0,1.0,0.0,1.0,0.0,0.0
2.29,348.1,413.6,19.5,15.2,78.6,631.7,4.4,3,0.0,1.0,0.0,1.0,0.0,0.0
5.98,192.0,659.4,16.0,26.3,49.0,1004.4,4.3,1,1.0,0.0,0.0,0.0,1.0,0.0
6.18,164.8,303.4,13.9,11.1,41.7,1031.1,6.7,2,1.0,0.0,0.0,0.0,1.0,0.0
1.92,207.4,614.1,19.0,15.2,53.6,891.9,10.1,2,1.0,0.0,0.0,1.0,0.0,0.0
1.77,95.0,220.2,3.9,13.8,62.5,507.2,3.4,3,0.0,1.0,0.0,1.0,0.0,0.0
3.65,254.1,386.9,17.8,22.2,44.8,1040.8,4.0,2,0.0,1.0,0.0,1.0,0.0,0.0
2.63,50.0,426.9,8.5,10.0,38.1,659.9,1.2,1,0.0,0.0,1.0,1.0,0.0,0.0
21.07,183.6,479.1,5.4,24.1,45.1,746.3,4.5,3,1.0,0.0,0.0,0.0,0.0,1.0
7.19,373.5,498.9,21.3,9.3,67.6,1025.2,2.5,3,1.0,0.0,0.0,0.0,1.0,0.0
6.42,150.1,324.8,6.4,22.2,65.0,290.1,37.4,2,0.0,1.0,0.0,0.0,1.0,0.0
8.11,479.4,277.1,1.0,0.7,51.9,54.4,26.3,2,0.0,1.0,0.0,0.0,0.0,1.0
2.05,84.4,314.3,6.8,14.8,62.7,316.3,4.0,2,0.0,1.0,0.0,1.0,0.0,0.0
3.01,309.6,278.2,0.0,12.5,33.3,921.1,14.2,2,0.0,1.0,0.0,1.0,0.0,0.0
3.35,274.9,709.1,36.0,22.1,44.7,1078.3,8.6,2,1.0,0.0,0.0,1.0,0.0,0.0
6.61,172.0,292.9,4.0,10.2,38.1,574.3,7.4,2,0.0,1.0,0.0,0.0,1.0,0.0
6.5,195.4,529.6,32.3,31.1,15.7,567.3,10.8,2,1.0,0.0,0.0,0.0,1.0,0.0
7.95,289.1,350.5,14.3,15.2,61.3,766.0,4.6,3,1.0,0.0,0.0,0.0,1.0,0.0
3.13,334.4,332.1,11.5,13.4,19.5,404.0,4.5,3,0.0,1.0,0.0,1.0,0.0,0.0
6.23,230.4,837.9,13.7,25.0,45.5,1204.4,6.7,2,1.0,0.0,0.0,0.0,1.0,0.0
4.85,332.7,370.9,1.2,3.7,64.8,55.9,42.5,3,0.0,0.0,1.0,0.0,1.0,0.0
9.77,360.5,584.2,13.7,19.4,68.5,297.9,5.7,2,0.0,0.0,1.0,0.0,1.0,0.0
3.61,170.0,567.5,24.3,19.3,63.2,912.3,7.4,2,0.0,0.0,1.0,1.0,0.0,0.0
2.43,129.5,314.5,2.9,5.4,35.3,415.5,2.7,3,0.0,1.0,0.0,1.0,0.0,0.0
0.85,431.5,336.2,0.0,3.6,49.0,61.1,46.55,2,0.0,1.0,0.0,1.0,0.0,0.0
2.16,184.0,123.3,2.3,9.9,45.8,326.8,3.3,2,0.0,1.0,0.0,1.0,0.0,0.0
12.38,238.0,507.8,28.8,27.1,37.9,826.1,6.4,2,0.0,1.0,0.0,0.0,0.0,1.0
1.55,224.1,366.3,13.7,21.6,12.6,625.1,9.5,2,0.0,1.0,0.0,1.0,0.0,0.0
2.09,483.5,15.9,0.0,0.2,0.0,19.7,0.0,2,0.0,1.0,0.0,1.0,0.0,0.0
1.65,161.0,326.9,7.1,5.0,34.9,546.0,2.3,2,0.0,1.0,0.0,1.0,0.0,0.0
3.8,136.6,151.1,13.2,14.3,42.2,533.3,7.5,2,0.0,1.0,0.0,1.0,0.0,0.0
3.34,208.6,471.8,30.1,19.9,40.5,1126.2,6.5,3,0.0,1.0,0.0,1.0,0.0,0.0
4.62,101.4,545.7,1.0,12.8,60.6,108.4,39.9,3,0.0,1.0,0.0,0.0,1.0,0.0
1.68,146.5,269.0,8.8,13.9,26.0,709.4,5.4,2,0.0,0.0,1.0,1.0,0.0,0.0
24.0,183.8,283.2,5.0,16.7,21.1,515.0,7.8,2,0.0,0.0,1.0,0.0,0.0,1.0
3.52,188.3,352.2,14.8,3.9,38.9,802.1,6.9,3,1.0,0.0,0.0,1.0,0.0,0.0
1.96,224.2,521.4,8.2,18.7,59.6,757.3,11.8,2,1.0,0.0,0.0,1.0,0.0,0.0
1.91,667.9,209.6,4.9,0.0,0.0,0.0,0.0,2,0.0,1.0,0.0,1.0,0.0,0.0
2.08,236.3,429.1,20.2,17.7,44.1,725.0,2.2,3,0.0,1.0,0.0,1.0,0.0,0.0
2.13,343.1,150.1,1.5,0.0,32.1,80.2,15.9,2,0.0,0.0,1.0,1.0,0.0,0.0
5.35,700.9,34.4,0.3,1.4,20.8,62.8,12.9,2,0.0,1.0,0.0,0.0,1.0,0.0
3.65,595.4,569.9,3.9,3.5,60.3,51.1,43.6,3,0.0,1.0,0.0,0.0,1.0,0.0
6.21,165.1,273.7,12.8,8.7,27.6,773.5,8.1,2,0.0,0.0,1.0,0.0,1.0,0.0
2.84,60.8,587.1,0.0,24.9,58.6,228.6,19.5,3,0.0,0.0,1.0,1.0,0.0,0.0
2.74,114.2,373.3,7.1,20.8,47.2,278.0,29.4,3,0.0,0.0,1.0,0.0,1.0,0.0
2.08,722.6,5.0,1.5,0.0,80.9,31.0,55.9,3,0.0,0.0,1.0,0.0,1.0,0.0
6.54,272.7,674.3,29.6,23.2,38.1,645.5,7.0,2,1.0,0.0,0.0,0.0,1.0,0.0
10.47,192.1,309.6,10.0,10.1,28.8,579.0,5.4,3,0.0,1.0,0.0,0.0,0.0,1.0
2.81,268.5,232.6,0.0,12.0,22.4,455.4,5.8,2,0.0,0.0,1.0,1.0,0.0,0.0
2.57,429.4,275.4,2.3,1.5,38.5,39.8,36.575,3,0.0,0.0,1.0,0.0,1.0,0.0
0.98,313.1,111.7,1.3,0.0,47.7,72.9,37.6,3,0.0,0.0,1.0,1.0,0.0,0.0
2.45,234.8,586.0,26.3,35.5,38.8,764.8,4.9,2,1.0,0.0,0.0,1.0,0.0,0.0
6.21,191.1,290.4,7.9,11.4,35.1,901.9,6.7,2,1.0,0.0,0.0,0.0,1.0,0.0
3.24,189.3,5.0,3.0,18.0,12.7,355.4,2.8,3,0.0,1.0,0.0,0.0,1.0,0.0
23.81,132.8,325.9,17.2,15.1,20.8,594.5,6.2,3,1.0,0.0,0.0,0.0,0.0,1.0
0.95,170.4,446.3,7.3,15.7,60.8,202.3,46.6,2,1.0,0.0,0.0,1.0,0.0,0.0
1.26,236.3,533.9,15.3,30.7,26.3,969.9,10.7,2,1.0,0.0,0.0,1.0,0.0,0.0
2.69,81.6,281.8,12.5,9.5,40.8,503.4,7.5,3,0.0,1.0,0.0,1.0,0.0,0.0
2.03,241.7,455.2,23.8,12.3,56.9,674.2,13.6,3,0.0,1.0,0.0,1.0,0.0,0.0
8.7,152.2,352.9,8.8,12.1,48.2,701.5,3.4,2,0.0,1.0,0.0,0.0,1.0,0.0
2.75,218.7,421.8,39.0,39.8,44.5,1046.2,10.0,3,1.0,0.0,0.0,1.0,0.0,0.0
22.1,276.3,575.6,23.1,20.8,47.4,388.9,5.3,3,0.0,1.0,0.0,0.0,0.0,1.0
4.51,179.5,344.8,0.0,10.7,33.5,318.7,1.8,2,0.0,1.0,0.0,0.0,1.0,0.0
1.82,143.4,289.9,0.0,22.2,72.3,605.9,2.7,1,0.0,1.0,0.0,1.0,0.0,0.0
15.2,135.2,358.8,16.1,15.8,43.4,935.5,5.2,2,1.0,0.0,0.0,0.0,0.0,1.0
16.08,274.4,576.5,33.1,19.9,50.7,649.4,8.7,2,0.0,0.0,1.0,0.0,0.0,1.0
3.04,187.2,311.0,7.4,10.6,32.6,636.6,2.1,3,1.0,0.0,0.0,1.0,0.0,0.0
4.67,221.8,543.4,29.8,22.5,58.9,1333.1,0.9,2,0.0,1.0,0.0,0.0,1.0,0.0
1.39,169.8,142.7,10.1,8.8,43.3,805.1,2.5,3,0.0,1.0,0.0,1.0,0.0,0.0
1.55,446.3,120.4,0.0,2.9,33.9,16.1,32.205,3,0.0,1.0,0.0,1.0,0.0,0.0
2.61,206.0,487.0,4.4,14.1,56.6,210.1,44.0,2,0.0,1.0,0.0,1.0,0.0,0.0
2.33,238.6,213.0,21.4,2.0,19.3,32.8,7.4,3,0.0,1.0,0.0,1.0,0.0,0.0
1.48,273.2,632.7,31.0,18.3,46.2,400.2,5.4,3,1.0,0.0,0.0,1.0,0.0,0.0
1.37,373.4,182.8,0.0,4.1,57.2,0.0,46.2,3,0.0,0.0,1.0,1.0,0.0,0.0
2.34,303.4,410.5,14.5,1.9,79.2,1160.6,6.3,1,0.0,0.0,1.0,1.0,0.0,0.0
0.98,404.8,63.9,4.7,2.2,2.7,80.4,2.565,2,0.0,0.0,1.0,1.0,0.0,0.0
3.87,220.4,740.9,24.8,39.8,39.0,922.0,12.8,3,1.0,0.0,0.0,1.0,0.0,0.0
6.19,259.7,247.7,8.0,0.0,9.0,467.8,8.549999999999999,3,0.0,1.0,0.0,0.0,1.0,0.0
8.57,179.2,328.7,10.0,17.6,20.9,602.9,6.6,1,1.0,0.0,0.0,0.0,1.0,0.0
3.0,161.2,265.8,22.8,14.9,64.6,741.6,8.9,2,1.0,0.0,0.0,1.0,0.0,0.0
3.62,230.4,528.9,29.6,22.8,45.7,816.1,11.0,2,1.0,0.0,0.0,1.0,0.0,0.0
1.0,626.1,239.2,0.0,3.7,61.5,68.8,48.9,2,0.0,1.0,0.0,1.0,0.0,0.0
4.85,371.4,255.8,0.6,2.0,22.0,35.0,20.9,1,0.0,1.0,0.0,0.0,1.0,0.0
3.34,112.5,627.3,22.6,45.0,57.3,936.8,7.4,2,1.0,0.0,0.0,1.0,0.0,0.0
7.44,188.9,392.8,17.8,21.1,51.7,687.5,10.2,2,0.0,0.0,1.0,0.0,1.0,0.0
1.78,514.3,593.0,14.4,16.2,41.9,824.9,6.0,3,0.0,1.0,0.0,1.0,0.0,0.0
2.59,151.5,245.9,23.9,10.8,41.5,700.2,5.4,3,0.0,1.0,0.0,1.0,0.0,0.0
22.96,151.4,486.3,24.4,31.6,51.4,759.7,14.9,3,0.0,1.0,0.0,0.0,0.0,1.0
2.02,373.7,195.2,0.0,3.1,47.4,39.3,22.3,2,0.0,1.0,0.0,1.0,0.0,0.0
6.04,210.6,623.2,34.5,30.1,59.6,963.9,8.7,2,1.0,0.0,0.0,0.0,1.0,0.0
4.48,472.6,5.0,0.0,3.1,31.5,78.2,29.925,2,0.0,1.0,0.0,0.0,1.0,0.0
10.23,113.8,536.3,0.0,24.9,58.8,291.0,50.6,2,0.0,1.0,0.0,0.0,0.0,1.0
4.42,130.5,259.8,7.7,19.3,19.9,568.9,5.7,3,1.0,0.0,0.0,0.0,1.0,0.0
1.73,227.6,518.3,18.4,23.1,43.6,918.4,10.0,2,1.0,0.0,0.0,1.0,0.0,0.0
7.41,115.7,524.5,8.9,19.0,48.5,457.9,3.3,3,1.0,0.0,0.0,0.0,0.0,1.0
5.87,122.0,376.3,5.0,13.2,52.6,208.1,49.97,2,0.0,1.0,0.0,0.0,0.0,1.0
7.01,81.9,370.3,0.0,15.4,40.3,489.9,3.7,3,0.0,1.0,0.0,0.0,0.0,1.0
5.56,381.3,358.4,12.8,4.7,15.8,685.6,7.9,1,0.0,0.0,1.0,0.0,1.0,0.0
2.31,296.8,210.3,26.2,12.1,47.7,615.8,5.6,2,0.0,0.0,1.0,1.0,0.0,0.0
7.92,197.3,544.3,30.0,34.6,47.7,724.3,5.4,2,1.0,0.0,0.0,0.0,1.0,0.0
